customer_id,cohort_month,tenure_months,plan,monthly_charges,support_calls_last_90d,login_days_last_30d,churned
C00001,2023-01,41,Basic,31.48,2,13,0
C00002,2023-05,16,Basic,30.4,1,23,0
C00003,2024-06,44,Premium,96.1,0,10,0
C00004,2023-01,28,Basic,30.21,1,0,1
C00005,2023-01,15,Premium,93.94,1,17,0
C00006,2024-06,46,Premium,106.33,0,13,0
C00007,2023-09,29,Premium,111.8,0,18,0
C00008,2024-02,1,Basic,23.25,0,18,0
C00009,2023-11,10,Basic,26.0,0,22,1
C00010,2023-12,25,Basic,25.99,0,29,0
C00011,2023-02,39,Standard,56.33,2,14,0
C00012,2024-01,35,Basic,30.04,1,0,1
C00013,2023-12,19,Premium,102.69,0,16,0
C00014,2023-02,46,Basic,23.95,2,2,0
C00015,2023-03,50,Standard,60.72,0,0,0
C00016,2024-01,56,Basic,31.91,2,22,0
C00017,2023-06,41,Standard,54.8,2,12,0
C00018,2023-09,14,Premium,98.11,2,11,0
C00019,2023-03,44,Premium,98.64,0,23,0
C00020,2023-08,11,Premium,103.86,2,21,0
C00021,2024-06,25,Standard,45.9,0,21,0
C00022,2023-08,21,Basic,21.91,2,23,0
C00023,2024-01,52,Standard,66.39,1,10,0
C00024,2023-11,14,Premium,94.96,5,10,1
C00025,2024-03,32,Standard,59.49,3,22,1
C00026,2024-06,9,Basic,27.04,2,3,0
C00027,2024-02,48,Premium,85.72,0,17,0
C00028,2023-08,26,Standard,57.29,2,8,0
C00029,2024-04,9,Premium,94.28,3,26,1
C00030,2023-05,4,Basic,23.64,0,7,0
C00031,2024-02,51,Premium,99.3,0,34,0
C00032,2024-03,25,Standard,61.39,1,12,0
C00033,2023-04,36,Basic,30.7,1,14,0
C00034,2023-11,35,Standard,55.12,2,21,0
C00035,2024-03,28,Basic,31.93,0,32,1
C00036,2023-09,47,Premium,96.53,0,22,0
C00037,2024-05,49,Basic,29.5,1,10,0
C00038,2023-10,56,Premium,91.25,1,15,0
C00039,2023-07,33,Premium,94.4,1,27,0
C00040,2024-06,49,Basic,25.08,2,12,0
C00041,2023-01,60,Premium,104.22,2,19,0
C00042,2023-04,32,Basic,30.3,1,21,0
C00043,2023-08,57,Standard,61.61,3,17,1
C00044,2023-03,57,Premium,100.47,0,9,0
C00045,2024-06,32,Basic,29.87,2,5,0
C00046,2024-04,9,Premium,94.13,2,21,0
C00047,2024-05,11,Standard,61.12,1,22,0
C00048,2024-06,28,Basic,22.15,2,8,0
C00049,2023-10,45,Basic,30.38,3,21,0
C00050,2023-12,43,Premium,102.13,1,8,0
C00051,2023-04,34,Standard,53.65,4,18,1
C00052,2023-01,5,Standard,58.38,4,20,0
C00053,2023-08,15,Premium,96.77,0,21,1
C00054,2023-02,46,Premium,102.55,2,15,0
C00055,2023-11,58,Basic,29.29,4,5,1
C00056,2024-04,16,Standard,63.53,4,10,1
C00057,2024-04,9,Premium,101.85,3,24,1
C00058,2023-07,31,Standard,55.14,1,13,0
C00059,2023-12,43,Standard,70.57,1,0,0
C00060,2023-02,30,Premium,96.64,0,23,0
C00061,2023-02,42,Basic,36.8,0,16,0
C00062,2023-08,22,Basic,25.35,0,16,0
C00063,2023-05,35,Standard,70.95,4,29,0
C00064,2023-08,18,Standard,55.69,1,21,0
C00065,2024-06,5,Standard,61.52,1,21,1
C00066,2023-01,42,Premium,96.63,3,9,0
C00067,2023-06,60,Basic,39.61,1,23,0
C00068,2024-01,31,Basic,35.33,0,9,0
C00069,2023-01,11,Standard,57.81,0,29,0
C00070,2023-10,17,Standard,42.79,0,6,0
C00071,2024-04,47,Premium,89.03,2,4,0
C00072,2023-02,19,Basic,36.21,3,3,0
C00073,2023-11,35,Basic,30.0,0,10,1
C00074,2024-05,38,Standard,62.24,2,16,0
C00075,2023-02,34,Basic,39.67,4,0,0
C00076,2023-03,6,Basic,26.57,2,16,0
C00077,2024-01,44,Basic,26.05,0,21,1
C00078,2023-08,57,Premium,103.76,3,26,0
C00079,2023-03,3,Premium,101.76,3,9,0
C00080,2024-05,38,Premium,95.65,4,24,0
C00081,2023-11,17,Basic,35.53,2,15,0
C00082,2023-10,26,Basic,27.64,4,10,0
C00083,2023-01,60,Basic,23.97,4,5,0
C00084,2023-03,37,Basic,25.5,2,14,0
C00085,2023-05,33,Standard,54.87,0,12,0
C00086,2023-08,57,Basic,32.07,0,25,0
C00087,2024-06,11,Standard,60.22,0,10,0
C00088,2024-05,40,Premium,101.8,0,21,1
C00089,2023-10,53,Premium,91.76,4,3,0
C00090,2023-09,7,Basic,18.81,1,27,1
C00091,2024-06,7,Premium,97.49,1,14,0
C00092,2023-07,19,Premium,105.36,2,21,0
C00093,2023-09,14,Premium,102.45,1,11,0
C00094,2023-03,17,Basic,30.12,0,15,0
C00095,2023-02,54,Standard,61.37,3,15,1
C00096,2023-09,50,Basic,35.0,1,29,0
C00097,2024-02,29,Premium,98.45,1,22,0
C00098,2023-05,8,Basic,28.21,1,4,0
C00099,2024-06,54,Standard,49.44,2,17,0
C00100,2023-10,9,Basic,22.4,2,29,0
C00101,2023-12,60,Basic,28.63,2,12,0
C00102,2023-04,16,Premium,90.43,4,25,0
C00103,2023-05,36,Standard,58.46,8,14,0
C00104,2023-06,16,Basic,23.66,2,13,0
C00105,2023-11,2,Basic,34.3,1,27,0
C00106,2023-08,27,Premium,100.21,3,31,0
C00107,2023-04,51,Premium,104.13,1,16,0
C00108,2023-08,3,Standard,66.45,0,22,1
C00109,2023-12,59,Standard,64.29,1,0,0
C00110,2023-08,51,Basic,27.65,2,20,1
C00111,2023-11,13,Standard,63.91,1,17,0
C00112,2023-12,5,Standard,58.93,1,21,0
C00113,2024-06,26,Premium,98.97,1,18,0
C00114,2023-09,2,Basic,28.39,0,14,1
C00115,2023-04,17,Basic,30.83,0,7,0
C00116,2023-11,23,Premium,102.74,2,12,0
C00117,2024-01,33,Basic,26.35,0,8,0
C00118,2023-02,13,Standard,51.83,1,13,0
C00119,2024-06,1,Premium,98.49,2,15,0
C00120,2023-07,48,Premium,98.44,2,13,0
C00121,2023-11,5,Premium,96.26,2,5,0
C00122,2023-10,43,Basic,37.22,0,13,0
C00123,2023-11,43,Standard,63.26,3,7,0
C00124,2023-05,19,Premium,106.62,1,0,0
C00125,2023-06,43,Standard,58.07,1,14,0
C00126,2024-06,20,Standard,55.13,4,12,0
C00127,2023-07,20,Standard,59.39,2,8,0
C00128,2023-11,38,Premium,97.06,2,9,0
C00129,2023-07,29,Premium,92.01,0,19,0
C00130,2023-06,51,Premium,96.71,0,9,0
C00131,2023-11,19,Premium,96.04,0,8,0
C00132,2023-10,49,Basic,16.49,1,20,0
C00133,2023-01,13,Basic,30.95,2,14,1
C00134,2023-03,31,Premium,101.5,3,7,0
C00135,2023-07,57,Premium,95.69,1,19,0
C00136,2024-01,25,Standard,50.86,0,15,0
C00137,2023-01,42,Premium,91.38,1,21,0
C00138,2024-02,56,Basic,42.92,0,2,1
C00139,2024-05,52,Premium,94.7,0,11,0
C00140,2023-04,36,Basic,25.99,3,21,0
C00141,2024-05,52,Standard,50.15,3,6,0
C00142,2024-03,39,Standard,59.85,0,15,0
C00143,2024-02,47,Premium,99.43,2,13,0
C00144,2023-06,36,Standard,56.03,0,19,0
C00145,2023-09,31,Standard,60.97,2,11,0
C00146,2023-09,54,Premium,97.65,2,22,0
C00147,2023-08,34,Standard,49.65,2,12,0
C00148,2023-10,5,Premium,97.8,3,21,1
C00149,2024-06,22,Standard,59.83,1,19,0
C00150,2024-01,10,Basic,31.55,3,24,0
C00151,2023-03,46,Basic,23.54,1,8,0
C00152,2024-03,22,Premium,106.55,3,18,1
C00153,2024-01,14,Standard,65.43,0,11,0
C00154,2023-01,38,Premium,102.78,3,7,0
C00155,2024-01,49,Premium,95.13,0,5,0
C00156,2024-01,23,Standard,59.85,1,21,0
C00157,2024-06,54,Standard,59.9,1,36,0
C00158,2023-08,35,Premium,107.91,2,19,0
C00159,2024-04,18,Standard,68.41,4,25,1
C00160,2024-01,22,Premium,111.69,1,19,0
C00161,2023-05,54,Standard,64.35,0,10,0
C00162,2024-01,35,Basic,23.94,2,1,0
C00163,2023-03,43,Basic,35.35,1,8,0
C00164,2023-06,9,Standard,53.37,0,13,0
C00165,2023-07,25,Standard,45.52,2,14,0
C00166,2023-09,22,Standard,53.91,1,19,0
C00167,2023-09,54,Standard,55.0,3,13,0
C00168,2024-06,31,Basic,25.09,1,20,1
C00169,2023-03,23,Basic,41.85,0,6,0
C00170,2023-01,42,Basic,27.73,2,27,0
C00171,2023-05,13,Basic,23.11,0,16,0
C00172,2023-04,31,Premium,91.96,2,8,0
C00173,2023-09,14,Standard,61.43,1,8,0
C00174,2023-04,11,Premium,95.48,1,9,0
C00175,2023-04,11,Standard,59.49,0,13,0
C00176,2024-01,60,Standard,52.89,0,20,0
C00177,2023-03,46,Basic,33.07,3,7,0
C00178,2023-08,54,Premium,95.71,1,7,0
C00179,2023-04,50,Standard,50.65,3,29,0
C00180,2023-12,37,Basic,35.58,1,0,0
C00181,2023-03,43,Standard,65.23,1,0,0
C00182,2024-02,22,Basic,33.86,2,14,0
C00183,2023-12,7,Standard,60.54,1,1,0
C00184,2023-05,54,Standard,59.85,2,13,0
C00185,2023-09,47,Premium,90.85,3,19,0
C00186,2024-04,59,Premium,107.1,1,27,0
C00187,2023-09,53,Premium,98.21,1,21,0
C00188,2023-09,16,Basic,27.26,1,16,0
C00189,2024-01,16,Standard,51.38,2,8,0
C00190,2023-06,32,Standard,54.25,3,36,0
C00191,2023-11,23,Standard,56.12,2,15,0
C00192,2023-09,39,Premium,97.24,0,16,0
C00193,2023-03,34,Basic,28.83,2,29,0
C00194,2024-06,27,Standard,61.5,1,19,0
C00195,2024-04,45,Standard,50.19,0,24,0
C00196,2023-10,2,Basic,28.63,0,19,1
C00197,2023-10,45,Basic,34.32,5,15,0
C00198,2024-06,24,Standard,51.37,2,14,0
C00199,2024-06,28,Premium,101.15,0,16,0
C00200,2023-09,45,Standard,63.09,0,16,0
C00201,2023-07,15,Basic,23.59,6,23,1
C00202,2023-06,48,Premium,91.97,0,19,0
C00203,2023-09,48,Standard,60.11,2,11,0
C00204,2023-10,49,Premium,101.06,2,0,0
C00205,2023-10,54,Basic,30.34,1,22,0
C00206,2023-01,12,Standard,59.41,4,23,0
C00207,2023-02,9,Standard,56.45,4,0,0
C00208,2023-05,36,Standard,66.9,1,10,0
C00209,2023-04,49,Standard,52.28,1,7,0
C00210,2024-04,37,Standard,58.83,2,16,0
C00211,2023-02,22,Basic,28.17,4,8,1
C00212,2023-04,56,Standard,59.83,2,18,0
C00213,2023-03,26,Standard,56.41,0,10,0
C00214,2023-05,44,Basic,25.81,0,24,1
C00215,2023-03,37,Standard,57.13,2,5,0
C00216,2024-02,8,Premium,96.24,1,20,0
C00217,2023-08,51,Premium,106.74,0,29,0
C00218,2024-03,25,Standard,57.19,0,19,1
C00219,2023-10,38,Standard,60.43,2,17,0
C00220,2023-04,4,Premium,90.26,1,4,0
C00221,2023-07,14,Premium,94.8,0,14,0
C00222,2023-08,6,Basic,26.41,2,16,0
C00223,2023-01,5,Basic,35.03,2,17,0
C00224,2024-04,45,Premium,101.92,6,12,0
C00225,2023-10,15,Standard,64.04,1,27,0
C00226,2023-08,30,Basic,27.15,1,8,0
C00227,2023-07,51,Premium,101.09,1,18,0
C00228,2023-05,35,Basic,33.09,2,3,0
C00229,2023-03,53,Basic,32.23,1,32,1
C00230,2023-10,51,Standard,60.25,2,27,0
C00231,2023-10,30,Premium,99.88,0,18,0
C00232,2024-06,18,Premium,104.37,0,6,0
C00233,2023-02,6,Premium,89.95,1,22,0
C00234,2023-09,48,Standard,60.84,0,10,1
C00235,2023-01,15,Premium,106.83,2,14,0
C00236,2023-02,44,Standard,52.85,2,13,0
C00237,2024-05,12,Standard,60.22,1,10,0
C00238,2023-06,59,Standard,62.25,2,14,0
C00239,2024-04,28,Premium,103.49,1,13,0
C00240,2024-02,31,Standard,59.37,2,13,0
C00241,2023-06,43,Basic,30.71,4,18,1
C00242,2023-10,45,Standard,65.25,1,18,0
C00243,2023-02,26,Premium,100.87,1,8,0
C00244,2023-11,21,Standard,55.3,1,14,0
C00245,2024-05,50,Standard,55.83,1,22,0
C00246,2024-06,1,Premium,98.13,2,9,0
C00247,2024-05,4,Basic,32.93,1,18,0
C00248,2024-03,49,Standard,54.17,2,14,0
C00249,2024-06,14,Standard,71.01,2,14,0
C00250,2024-04,19,Standard,60.04,0,0,1
C00251,2023-08,41,Premium,97.65,0,14,0
C00252,2023-01,20,Premium,93.99,3,12,0
C00253,2023-04,6,Basic,36.0,0,22,0
C00254,2023-05,8,Premium,108.06,3,17,0
C00255,2024-05,46,Standard,59.57,3,22,0
C00256,2024-04,27,Standard,57.15,0,16,0
C00257,2024-01,36,Basic,25.74,1,11,0
C00258,2023-05,39,Premium,101.61,2,10,0
C00259,2023-11,18,Standard,54.33,3,21,0
C00260,2023-01,33,Standard,56.49,0,16,0
C00261,2024-04,20,Premium,97.71,3,1,0
C00262,2024-04,29,Premium,92.87,1,3,0
C00263,2024-01,36,Premium,100.12,2,23,0
C00264,2023-08,21,Basic,20.84,2,10,0
C00265,2023-02,15,Standard,66.38,1,26,0
C00266,2024-01,31,Premium,101.47,0,17,0
C00267,2023-05,43,Premium,100.62,1,12,0
C00268,2024-05,3,Basic,28.22,1,23,0
C00269,2024-03,22,Basic,23.22,2,17,1
C00270,2023-01,59,Standard,52.53,1,24,0
C00271,2023-05,27,Premium,98.77,1,18,0
C00272,2023-11,51,Standard,59.38,2,4,0
C00273,2023-03,26,Premium,102.24,1,3,0
C00274,2024-06,55,Premium,103.24,3,24,0
C00275,2024-04,21,Premium,97.48,0,18,0
C00276,2023-03,3,Premium,98.64,2,14,0
C00277,2023-08,44,Standard,58.35,2,6,0
C00278,2023-04,28,Basic,33.58,2,17,0
C00279,2023-01,45,Standard,54.64,0,18,1
C00280,2023-10,51,Basic,34.54,0,6,0
C00281,2023-08,28,Basic,30.38,2,9,0
C00282,2023-06,37,Premium,103.35,3,18,1
C00283,2024-01,6,Premium,100.01,0,23,0
C00284,2023-05,16,Standard,59.99,1,18,0
C00285,2024-03,41,Standard,53.55,1,28,1
C00286,2023-10,1,Standard,64.03,4,12,0
C00287,2024-03,11,Basic,34.95,3,5,0
C00288,2024-02,38,Standard,58.25,1,16,0
C00289,2023-07,30,Standard,53.52,2,3,0
C00290,2023-04,55,Standard,51.24,1,12,0
C00291,2023-10,37,Standard,59.85,2,9,0
C00292,2024-01,19,Basic,33.91,2,12,0
C00293,2023-02,37,Premium,93.22,2,2,0
C00294,2023-10,48,Standard,65.92,3,19,0
C00295,2023-12,15,Premium,102.79,2,17,0
C00296,2023-09,13,Premium,98.06,0,19,0
C00297,2023-05,47,Premium,90.54,1,14,0
C00298,2023-02,58,Premium,99.9,1,26,0
C00299,2023-12,29,Basic,24.05,1,22,0
C00300,2023-11,6,Standard,61.75,0,7,0
C00301,2023-05,12,Basic,38.23,0,16,0
C00302,2024-05,57,Standard,51.04,3,18,0
C00303,2023-09,18,Basic,29.63,4,11,0
C00304,2023-11,31,Standard,61.5,3,4,0
C00305,2023-05,30,Basic,32.74,2,9,0
C00306,2024-01,15,Premium,95.63,2,17,0
C00307,2023-12,52,Premium,101.62,1,9,0
C00308,2023-09,26,Basic,35.12,1,27,0
C00309,2023-09,30,Standard,66.3,2,1,0
C00310,2023-12,53,Premium,94.98,2,28,0
C00311,2023-01,15,Standard,60.51,1,10,0
C00312,2023-08,36,Standard,53.5,1,9,0
C00313,2023-10,41,Standard,55.2,1,15,0
C00314,2023-02,8,Basic,34.16,2,15,0
C00315,2023-04,20,Standard,65.14,4,5,1
C00316,2023-05,57,Premium,99.48,1,9,0
C00317,2024-06,24,Premium,94.05,1,20,0
C00318,2023-05,48,Premium,106.92,2,12,0
C00319,2024-04,42,Basic,23.54,4,12,0
C00320,2023-12,18,Basic,25.25,1,16,0
C00321,2023-12,29,Basic,31.52,1,19,1
C00322,2024-06,44,Standard,53.65,1,7,0
C00323,2023-02,42,Standard,59.44,1,20,0
C00324,2024-03,13,Basic,39.78,4,5,1
C00325,2023-01,14,Premium,99.41,4,14,1
C00326,2023-05,22,Basic,26.46,1,13,0
C00327,2024-06,14,Basic,23.82,3,25,1
C00328,2023-11,14,Basic,41.32,1,12,0
C00329,2023-01,51,Premium,86.37,0,15,0
C00330,2024-06,10,Basic,25.95,0,13,0
C00331,2023-01,12,Basic,31.54,1,15,1
C00332,2023-11,23,Basic,14.56,0,17,1
C00333,2023-05,17,Basic,22.95,2,19,0
C00334,2023-03,34,Basic,25.56,1,14,0
C00335,2024-05,50,Standard,56.18,0,11,0
C00336,2023-08,29,Premium,95.93,1,12,0
C00337,2024-05,3,Premium,99.8,2,15,0
C00338,2023-02,42,Basic,31.5,1,33,0
C00339,2024-02,55,Standard,58.36,0,22,0
C00340,2024-03,32,Premium,93.15,3,0,1
C00341,2023-05,6,Standard,56.12,0,0,1
C00342,2024-06,18,Premium,103.32,0,8,0
C00343,2024-05,25,Premium,91.61,0,16,0
C00344,2024-02,33,Premium,94.03,2,14,0
C00345,2024-06,45,Basic,28.86,0,7,0
C00346,2024-03,14,Standard,64.84,1,8,0
C00347,2024-03,27,Standard,54.63,4,0,1
C00348,2023-11,47,Basic,25.97,1,29,0
C00349,2023-12,43,Standard,69.79,4,10,0
C00350,2023-03,44,Standard,53.04,3,15,1
C00351,2024-02,6,Basic,30.18,0,11,1
C00352,2023-05,48,Standard,52.26,2,7,0
C00353,2024-06,38,Premium,96.74,0,11,0
C00354,2023-12,8,Standard,64.93,1,20,0
C00355,2023-02,49,Standard,63.98,2,8,0
C00356,2023-12,39,Standard,60.41,3,7,1
C00357,2023-05,33,Basic,36.28,3,29,0
C00358,2023-12,15,Basic,31.78,1,13,0
C00359,2023-09,24,Basic,20.31,2,0,0
C00360,2024-06,52,Standard,57.89,2,12,0
C00361,2024-06,53,Premium,100.52,2,17,1
C00362,2023-09,60,Premium,97.76,4,27,1
C00363,2023-10,18,Premium,100.63,1,15,0
C00364,2023-06,23,Basic,28.53,2,14,0
C00365,2024-01,37,Premium,105.19,3,15,1
C00366,2023-01,48,Premium,101.83,4,0,1
C00367,2024-01,34,Basic,27.75,1,14,0
C00368,2023-12,22,Basic,35.44,0,11,0
C00369,2023-03,21,Premium,107.35,1,18,0
C00370,2023-02,10,Basic,34.98,1,10,0
C00371,2024-02,18,Standard,55.08,2,20,0
C00372,2023-09,29,Standard,56.73,3,8,1
C00373,2023-12,33,Basic,31.95,2,17,0
C00374,2024-04,19,Premium,91.37,1,25,0
C00375,2023-08,20,Basic,26.24,1,35,0
C00376,2023-01,39,Basic,36.71,3,31,1
C00377,2023-09,14,Basic,32.89,1,10,0
C00378,2024-04,8,Basic,28.15,4,11,0
C00379,2024-01,12,Basic,26.84,1,7,0
C00380,2024-06,15,Premium,101.4,4,4,0
C00381,2023-03,52,Standard,65.11,0,19,0
C00382,2024-02,48,Basic,34.74,1,12,1
C00383,2023-11,59,Basic,22.73,1,17,0
C00384,2024-02,37,Standard,56.36,1,21,0
C00385,2023-11,26,Basic,34.16,1,13,0
C00386,2023-12,40,Standard,58.04,1,26,0
C00387,2023-08,55,Basic,30.03,1,11,0
C00388,2023-03,26,Premium,103.5,0,21,0
C00389,2023-11,20,Premium,94.01,3,17,1
C00390,2023-03,50,Basic,28.5,1,13,0
C00391,2024-05,8,Premium,97.87,1,17,0
C00392,2023-12,50,Standard,66.46,0,12,0
C00393,2023-05,53,Premium,96.37,0,14,0
C00394,2023-07,10,Standard,46.88,2,22,0
C00395,2023-03,10,Premium,100.24,2,15,0
C00396,2024-04,50,Premium,91.19,2,10,0
C00397,2024-03,37,Premium,93.45,3,19,0
C00398,2023-11,57,Premium,94.96,0,12,0
C00399,2023-05,41,Standard,55.33,3,8,0
C00400,2023-10,31,Standard,61.14,0,20,0
C00401,2023-12,38,Basic,30.9,0,29,0
C00402,2024-03,20,Standard,53.64,0,0,1
C00403,2023-03,24,Standard,56.76,2,31,0
C00404,2024-05,55,Basic,29.1,2,9,0
C00405,2023-02,38,Premium,95.86,1,19,0
C00406,2023-07,52,Premium,104.81,1,8,0
C00407,2023-05,31,Premium,97.2,3,19,0
C00408,2023-11,29,Basic,28.69,3,9,0
C00409,2023-06,6,Premium,104.19,3,19,1
C00410,2024-03,46,Standard,49.85,4,16,0
C00411,2023-12,40,Basic,29.34,0,21,0
C00412,2024-02,19,Standard,63.91,3,20,0
C00413,2023-02,44,Premium,96.27,2,10,0
C00414,2023-03,42,Standard,69.31,0,6,0
C00415,2024-01,36,Premium,99.96,2,16,0
C00416,2023-05,47,Premium,93.69,2,18,0
C00417,2023-05,38,Premium,99.16,3,12,0
C00418,2024-01,20,Premium,94.97,4,19,1
C00419,2023-10,46,Basic,35.59,1,14,0
C00420,2023-05,42,Standard,65.48,1,14,0
C00421,2024-05,54,Premium,103.2,0,19,0
C00422,2024-05,43,Standard,56.17,1,11,0
C00423,2023-06,24,Standard,62.82,1,25,0
C00424,2023-07,22,Standard,58.48,2,24,0
C00425,2023-03,9,Basic,23.1,1,24,0
C00426,2024-05,51,Basic,30.42,1,12,0
C00427,2024-05,54,Premium,103.36,2,4,1
C00428,2023-05,22,Premium,104.14,5,4,0
C00429,2023-06,10,Basic,30.36,1,20,0
C00430,2023-06,50,Premium,90.48,2,0,0
C00431,2023-12,3,Standard,56.32,2,14,0
C00432,2023-10,16,Standard,56.82,3,21,0
C00433,2023-08,51,Standard,63.44,2,10,0
C00434,2023-07,20,Standard,60.84,0,29,0
C00435,2024-03,37,Standard,49.57,1,12,0
C00436,2024-05,50,Standard,64.25,0,8,0
C00437,2023-05,11,Basic,33.75,1,28,0
C00438,2024-04,4,Premium,98.48,1,13,0
C00439,2024-05,36,Basic,29.35,0,24,0
C00440,2023-06,19,Basic,30.74,0,24,0
C00441,2023-05,58,Premium,103.88,3,19,0
C00442,2024-03,6,Basic,25.73,3,0,0
C00443,2024-02,60,Basic,37.06,2,25,1
C00444,2023-08,33,Standard,54.17,1,15,0
C00445,2023-08,6,Standard,61.12,3,16,1
C00446,2023-11,60,Basic,28.47,1,13,0
C00447,2023-10,9,Basic,27.9,0,0,0
C00448,2023-05,31,Premium,91.48,0,21,0
C00449,2023-01,31,Standard,57.98,0,15,0
C00450,2023-07,2,Standard,57.45,3,8,0
C00451,2024-05,36,Premium,98.2,0,20,0
C00452,2023-08,50,Standard,54.57,1,17,0
C00453,2024-02,4,Basic,28.91,2,23,0
C00454,2023-03,40,Standard,55.46,1,2,1
C00455,2024-06,58,Standard,60.34,1,19,1
C00456,2023-08,33,Premium,96.58,1,16,0
C00457,2023-01,19,Standard,67.06,0,22,0
C00458,2024-02,16,Premium,94.84,1,0,0
C00459,2024-05,43,Basic,36.61,0,11,0
C00460,2024-06,5,Premium,97.88,3,9,0
C00461,2023-01,33,Premium,98.51,5,15,0
C00462,2024-01,31,Basic,23.28,0,15,0
C00463,2023-01,17,Premium,90.51,2,9,0
C00464,2023-08,5,Standard,59.8,2,6,0
C00465,2023-11,41,Basic,31.35,2,21,1
C00466,2023-11,23,Premium,104.0,5,9,0
C00467,2024-03,12,Premium,102.97,1,1,0
C00468,2023-06,31,Premium,104.16,1,24,0
C00469,2024-03,5,Premium,93.47,2,13,1
C00470,2023-07,13,Basic,29.25,1,13,0
C00471,2024-05,21,Standard,58.25,1,9,0
C00472,2024-04,53,Premium,90.86,0,25,0
C00473,2023-07,49,Premium,98.87,1,17,0
C00474,2023-11,56,Basic,26.63,2,14,0
C00475,2024-02,52,Standard,53.51,0,12,0
C00476,2024-01,48,Standard,57.71,2,27,0
C00477,2024-04,12,Standard,58.53,4,16,0
C00478,2023-09,52,Premium,98.46,1,18,0
C00479,2023-03,47,Standard,53.03,3,16,0
C00480,2024-06,53,Basic,19.99,1,10,0
C00481,2023-11,7,Basic,28.16,2,11,0
C00482,2024-02,20,Standard,63.81,0,0,0
C00483,2024-03,29,Standard,69.37,1,7,1
C00484,2024-02,56,Standard,64.5,1,30,0
C00485,2023-03,51,Basic,26.67,2,14,0
C00486,2024-05,26,Standard,60.33,1,29,0
C00487,2023-01,44,Basic,27.19,1,17,1
C00488,2024-03,39,Premium,98.38,4,5,1
C00489,2023-12,5,Basic,24.47,2,9,0
C00490,2023-05,37,Basic,42.58,4,12,0
C00491,2024-03,24,Standard,61.78,0,15,0
C00492,2024-05,37,Basic,34.83,1,13,0
C00493,2023-09,21,Premium,98.32,3,23,1
C00494,2023-06,8,Basic,38.79,2,13,0
C00495,2023-04,25,Premium,94.14,2,3,0
C00496,2024-03,17,Premium,96.32,0,21,1
C00497,2024-04,40,Standard,62.63,1,19,0
C00498,2024-03,9,Basic,33.0,4,21,1
C00499,2023-03,46,Standard,54.9,1,14,0
C00500,2023-12,55,Standard,58.04,0,10,0
C00501,2023-10,36,Premium,89.53,0,16,0
C00502,2023-06,55,Basic,36.28,1,15,0
C00503,2023-04,33,Basic,28.19,1,9,0
C00504,2023-08,51,Basic,33.36,3,9,0
C00505,2024-06,2,Standard,51.3,3,13,0
C00506,2023-05,30,Premium,94.73,2,17,0
C00507,2023-10,6,Basic,38.0,0,24,0
C00508,2024-04,46,Premium,93.47,4,21,0
C00509,2023-03,50,Standard,60.96,1,10,0
C00510,2023-03,21,Premium,95.53,1,11,0
C00511,2023-12,44,Premium,94.89,0,23,0
C00512,2023-06,54,Premium,95.87,1,15,0
C00513,2024-05,9,Standard,54.71,0,24,0
C00514,2024-05,4,Basic,22.27,2,8,1
C00515,2023-11,11,Basic,28.2,3,22,0
C00516,2024-05,15,Standard,58.67,2,30,0
C00517,2023-09,55,Basic,33.83,4,24,1
C00518,2023-05,36,Standard,60.02,1,12,0
C00519,2023-03,40,Premium,101.04,1,14,0
C00520,2023-05,11,Premium,91.79,1,13,0
C00521,2023-11,40,Premium,105.18,1,12,0
C00522,2023-01,37,Basic,27.15,1,31,1
C00523,2023-09,42,Premium,103.85,1,27,0
C00524,2024-02,50,Premium,105.37,1,21,0
C00525,2024-06,2,Standard,66.74,0,8,0
C00526,2023-08,20,Standard,57.36,1,19,0
C00527,2023-10,44,Standard,59.2,2,6,0
C00528,2023-06,45,Basic,21.37,0,5,0
C00529,2023-07,31,Standard,57.86,1,7,0
C00530,2023-11,10,Standard,71.06,0,21,0
C00531,2024-01,56,Standard,61.69,2,14,0
C00532,2024-06,24,Premium,102.58,2,20,0
C00533,2023-04,16,Standard,57.81,1,16,0
C00534,2023-04,16,Basic,33.9,1,9,1
C00535,2024-02,25,Premium,103.94,2,4,0
C00536,2023-11,56,Basic,29.87,2,16,0
C00537,2023-07,47,Standard,57.02,1,13,0
C00538,2024-03,32,Premium,107.36,1,14,0
C00539,2023-01,20,Standard,61.69,0,15,0
C00540,2024-03,26,Premium,92.7,0,10,0
C00541,2023-12,14,Premium,100.69,2,7,1
C00542,2024-04,19,Standard,61.49,2,24,0
C00543,2024-02,1,Basic,32.19,1,13,1
C00544,2023-12,17,Premium,100.65,0,19,0
C00545,2024-01,24,Basic,24.82,0,31,1
C00546,2023-12,36,Basic,29.19,1,19,0
C00547,2024-05,5,Standard,56.35,1,16,0
C00548,2023-04,36,Standard,69.94,1,0,1
C00549,2023-12,7,Standard,58.0,0,5,0
C00550,2023-12,22,Premium,96.85,1,19,0
C00551,2024-05,13,Premium,91.01,2,18,0
C00552,2023-02,3,Basic,29.81,0,15,1
C00553,2024-05,22,Standard,61.13,1,15,0
C00554,2023-05,39,Premium,108.02,1,13,0
C00555,2023-06,40,Standard,54.22,2,18,0
C00556,2023-10,40,Premium,102.09,1,13,0
C00557,2024-06,33,Premium,95.52,2,6,0
C00558,2024-04,37,Standard,56.82,2,14,0
C00559,2023-04,24,Standard,55.21,2,2,0
C00560,2023-01,38,Standard,55.75,4,25,0
C00561,2023-08,17,Premium,104.96,1,10,0
C00562,2023-06,38,Standard,65.89,1,5,0
C00563,2024-01,47,Premium,91.37,0,15,0
C00564,2023-02,44,Basic,26.96,3,20,0
C00565,2023-07,45,Basic,37.09,1,15,1
C00566,2023-05,21,Standard,58.05,2,22,0
C00567,2024-05,14,Standard,61.05,0,4,0
C00568,2023-02,59,Standard,63.43,0,11,0
C00569,2024-06,34,Basic,29.06,3,20,1
C00570,2024-05,43,Standard,64.19,1,20,0
C00571,2024-06,12,Standard,59.55,1,23,0
C00572,2023-09,23,Premium,102.45,0,0,0
C00573,2023-09,13,Basic,23.56,1,6,0
C00574,2023-10,15,Standard,62.4,3,5,0
C00575,2024-04,45,Premium,104.97,1,7,0
C00576,2023-09,23,Premium,102.92,4,12,0
C00577,2024-06,37,Premium,96.01,2,16,0
C00578,2023-05,26,Standard,61.09,1,26,0
C00579,2023-03,19,Premium,102.25,1,2,0
C00580,2023-09,29,Premium,97.08,2,17,0
C00581,2024-06,14,Basic,34.41,3,22,1
C00582,2023-09,36,Premium,96.89,1,20,0
C00583,2023-08,40,Premium,92.5,6,5,1
C00584,2023-08,43,Premium,93.54,2,11,0
C00585,2024-02,4,Basic,28.7,1,18,0
C00586,2023-05,31,Basic,29.97,1,25,1
C00587,2024-02,36,Basic,38.1,1,15,0
C00588,2024-04,57,Standard,60.22,1,26,0
C00589,2023-11,49,Standard,53.41,3,6,0
C00590,2023-08,4,Basic,34.56,2,30,0
C00591,2023-06,47,Basic,27.15,1,16,0
C00592,2023-02,54,Basic,23.85,1,4,0
C00593,2023-06,26,Standard,55.85,0,27,0
C00594,2023-02,56,Standard,55.48,2,22,1
C00595,2023-04,37,Premium,98.22,4,10,0
C00596,2024-03,22,Standard,66.6,0,11,0
C00597,2024-04,35,Premium,94.18,2,7,0
C00598,2024-03,9,Premium,92.36,1,15,1
C00599,2023-11,52,Basic,36.57,2,10,0
C00600,2023-09,30,Premium,91.52,0,9,0
C00601,2023-11,1,Premium,90.26,1,13,0
C00602,2023-07,37,Premium,99.44,0,18,0
C00603,2024-01,55,Premium,96.27,3,12,0
C00604,2023-03,33,Standard,63.06,2,5,0
C00605,2023-05,7,Basic,32.28,2,2,0
C00606,2023-01,60,Basic,31.76,0,17,0
C00607,2023-09,16,Standard,67.32,2,20,0
C00608,2023-01,20,Premium,91.34,2,19,0
C00609,2023-08,24,Premium,97.07,2,18,0
C00610,2023-10,8,Standard,58.88,0,13,0
C00611,2023-10,44,Premium,100.58,1,16,0
C00612,2023-12,41,Standard,67.39,0,11,0
C00613,2024-04,15,Basic,37.75,1,26,0
C00614,2023-12,48,Premium,96.49,0,17,0
C00615,2024-06,36,Standard,60.8,0,19,0
C00616,2023-08,53,Basic,25.08,1,9,0
C00617,2024-05,39,Basic,28.66,3,9,0
C00618,2023-03,46,Standard,61.5,2,18,0
C00619,2024-06,8,Basic,36.09,2,20,0
C00620,2024-06,13,Premium,102.42,2,13,0
C00621,2024-03,21,Premium,103.05,3,12,1
C00622,2024-04,14,Premium,103.15,1,6,0
C00623,2023-02,33,Standard,61.69,0,16,0
C00624,2024-03,33,Standard,56.25,1,21,0
C00625,2023-10,36,Standard,59.13,0,0,0
C00626,2023-01,26,Standard,62.97,0,14,0
C00627,2023-02,38,Basic,26.53,1,26,0
C00628,2024-06,45,Basic,27.61,0,12,0
C00629,2024-04,60,Basic,31.71,3,6,1
C00630,2023-05,27,Basic,23.96,1,6,0
C00631,2024-02,47,Premium,88.28,3,19,0
C00632,2024-03,58,Standard,53.27,3,4,0
C00633,2024-01,59,Standard,64.32,1,0,1
C00634,2023-05,43,Premium,101.09,4,21,0
C00635,2023-06,23,Basic,31.37,0,7,0
C00636,2023-05,26,Premium,93.81,0,20,0
C00637,2023-01,15,Basic,33.88,1,22,0
C00638,2024-06,30,Premium,95.45,0,4,0
C00639,2023-08,25,Basic,29.53,1,2,0
C00640,2023-07,10,Standard,58.27,1,10,0
C00641,2023-02,47,Basic,29.56,2,18,0
C00642,2023-01,27,Premium,108.35,1,18,0
C00643,2023-02,5,Basic,15.82,3,15,1
C00644,2023-02,44,Premium,94.37,1,17,0
C00645,2024-03,3,Standard,54.02,2,20,1
C00646,2023-05,14,Basic,15.58,0,17,0
C00647,2023-11,19,Basic,42.1,2,6,0
C00648,2023-11,50,Premium,105.22,3,16,1
C00649,2024-05,57,Basic,27.81,0,26,0
C00650,2023-02,20,Standard,55.0,3,14,0
C00651,2023-06,38,Premium,103.24,1,0,0
C00652,2024-04,28,Premium,95.97,2,16,1
C00653,2024-01,23,Premium,93.61,1,9,0
C00654,2024-02,21,Premium,98.07,2,10,0
C00655,2023-06,20,Standard,62.26,1,5,0
C00656,2023-08,31,Basic,31.99,1,20,0
C00657,2024-03,46,Basic,31.29,4,26,0
C00658,2024-02,36,Standard,64.37,1,27,0
C00659,2023-08,9,Standard,59.75,4,14,0
C00660,2023-03,22,Premium,99.95,1,22,0
C00661,2023-03,55,Standard,68.05,1,13,0
C00662,2023-02,54,Basic,23.55,0,8,0
C00663,2023-02,44,Premium,103.25,1,13,0
C00664,2024-06,13,Premium,100.11,2,11,0
C00665,2023-10,14,Standard,55.71,1,21,0
C00666,2023-07,1,Basic,29.86,1,19,0
C00667,2024-04,8,Premium,101.99,0,7,0
C00668,2023-07,45,Premium,91.37,4,19,0
C00669,2023-11,16,Premium,100.3,1,10,0
C00670,2024-06,25,Standard,60.75,0,2,0
C00671,2023-12,20,Standard,52.82,5,24,0
C00672,2023-04,32,Standard,56.65,1,20,0
C00673,2023-11,47,Standard,64.81,3,8,0
C00674,2024-02,24,Standard,58.51,0,10,1
C00675,2023-05,56,Basic,28.8,2,13,1
C00676,2024-02,36,Premium,92.99,0,20,0
C00677,2023-08,13,Standard,62.11,1,25,0
C00678,2024-04,54,Basic,30.93,3,23,0
C00679,2023-09,44,Standard,59.72,3,15,0
C00680,2024-04,32,Premium,101.5,3,3,0
C00681,2023-06,47,Standard,62.13,1,22,0
C00682,2023-06,35,Standard,68.77,3,10,0
C00683,2023-02,35,Premium,108.81,2,15,0
C00684,2023-02,54,Basic,31.02,1,6,0
C00685,2023-08,27,Basic,27.01,2,29,1
C00686,2023-07,10,Basic,36.77,4,21,0
C00687,2024-04,24,Basic,23.48,1,12,0
C00688,2024-06,2,Basic,29.76,1,21,0
C00689,2024-05,1,Basic,24.96,4,13,0
C00690,2023-01,35,Standard,62.15,3,8,0
C00691,2024-02,45,Premium,100.27,3,21,0
C00692,2023-04,59,Basic,26.42,4,13,0
C00693,2023-08,34,Basic,25.67,0,13,0
C00694,2023-12,34,Standard,58.12,1,2,0
C00695,2023-12,26,Basic,27.72,4,13,0
C00696,2023-08,30,Premium,95.94,1,23,0
C00697,2023-03,15,Standard,57.09,2,10,0
C00698,2023-02,55,Premium,101.98,0,10,0
C00699,2024-06,25,Standard,63.41,0,11,0
C00700,2023-06,41,Basic,28.84,1,8,1
C00701,2023-11,55,Standard,57.2,2,17,0
C00702,2024-05,55,Basic,21.87,1,21,0
C00703,2024-04,15,Basic,19.57,1,11,0
C00704,2023-09,60,Basic,23.07,3,0,0
C00705,2023-02,37,Premium,96.93,4,21,1
C00706,2023-01,55,Standard,58.76,2,3,0
C00707,2024-01,38,Basic,26.88,2,23,0
C00708,2023-08,20,Basic,36.81,0,12,0
C00709,2024-06,55,Standard,60.31,2,4,0
C00710,2023-05,49,Premium,100.48,2,2,0
C00711,2023-03,45,Premium,92.54,1,17,0
C00712,2023-04,23,Basic,31.21,3,11,0
C00713,2023-11,54,Basic,27.25,2,7,0
C00714,2024-01,40,Premium,104.9,1,16,0
C00715,2023-09,21,Basic,23.49,0,20,0
C00716,2023-08,29,Standard,57.2,1,19,0
C00717,2023-06,25,Standard,60.48,2,18,0
C00718,2023-03,43,Standard,48.56,0,10,0
C00719,2023-03,19,Basic,33.15,0,14,1
C00720,2023-05,10,Standard,54.32,1,9,0
C00721,2023-04,21,Standard,47.81,1,0,1
C00722,2023-12,20,Standard,45.26,3,11,0
C00723,2023-03,7,Basic,27.07,0,18,0
C00724,2024-06,29,Premium,96.0,3,6,0
C00725,2023-03,7,Basic,25.75,0,15,0
C00726,2023-11,6,Premium,88.58,1,28,0
C00727,2024-02,1,Standard,58.77,1,11,0
C00728,2024-06,6,Premium,96.15,1,17,0
C00729,2024-05,16,Premium,96.92,3,5,1
C00730,2023-05,25,Basic,25.35,3,21,1
C00731,2023-05,18,Standard,59.49,1,25,0
C00732,2024-02,28,Standard,58.03,3,14,0
C00733,2023-12,51,Basic,36.89,4,22,1
C00734,2024-04,16,Premium,94.19,1,7,0
C00735,2023-04,13,Standard,63.96,2,23,0
C00736,2023-11,1,Standard,55.98,1,13,0
C00737,2024-03,25,Standard,63.98,1,11,0
C00738,2023-05,53,Premium,102.2,0,13,0
C00739,2023-07,39,Premium,93.52,2,17,0
C00740,2023-11,12,Standard,58.07,3,1,1
C00741,2024-04,45,Premium,94.26,4,28,0
C00742,2023-11,51,Basic,23.48,0,22,0
C00743,2023-12,53,Standard,56.36,2,6,0
C00744,2024-06,37,Basic,30.15,1,28,0
C00745,2023-01,50,Premium,102.9,1,2,0
C00746,2023-07,30,Premium,99.61,3,6,0
C00747,2023-03,19,Premium,108.55,2,21,0
C00748,2024-04,51,Standard,58.39,2,15,0
C00749,2023-09,20,Basic,29.74,1,9,0
C00750,2024-01,46,Standard,61.12,0,31,0
C00751,2024-01,39,Standard,60.29,4,5,0
C00752,2024-02,60,Premium,98.67,1,18,0
C00753,2024-06,51,Standard,59.65,1,12,0
C00754,2023-04,59,Basic,21.92,1,20,0
C00755,2023-12,43,Premium,101.15,1,18,0
C00756,2024-01,40,Basic,34.77,1,10,0
C00757,2023-04,22,Standard,58.66,2,8,1
C00758,2024-05,17,Basic,35.0,2,11,0
C00759,2023-08,36,Premium,101.05,0,13,0
C00760,2024-05,26,Standard,59.95,1,18,0
C00761,2023-04,2,Standard,46.56,0,9,0
C00762,2023-04,59,Basic,29.8,2,15,0
C00763,2023-12,47,Basic,24.19,3,13,1
C00764,2024-05,30,Basic,32.57,3,0,0
C00765,2024-03,31,Basic,22.14,0,9,0
C00766,2023-03,29,Standard,53.65,2,0,0
C00767,2023-04,52,Premium,92.99,0,11,1
C00768,2023-04,22,Premium,93.0,2,12,0
C00769,2023-08,11,Premium,107.77,1,15,0
C00770,2023-11,36,Basic,30.13,2,20,0
C00771,2024-01,30,Basic,38.95,3,17,0
C00772,2024-02,12,Premium,99.76,2,25,0
C00773,2023-07,48,Premium,98.07,2,17,0
C00774,2023-01,28,Standard,62.36,1,0,0
C00775,2023-03,14,Standard,66.54,2,9,0
C00776,2023-06,52,Premium,98.35,1,19,0
C00777,2023-04,13,Standard,67.25,1,23,0
C00778,2024-05,56,Standard,52.53,1,19,0
C00779,2024-01,21,Premium,93.19,0,12,0
C00780,2023-12,38,Basic,36.48,1,11,0
C00781,2023-06,30,Premium,94.8,0,13,0
C00782,2023-03,46,Standard,64.24,0,28,0
C00783,2023-08,21,Basic,27.13,3,10,1
C00784,2023-05,12,Standard,59.42,1,10,0
C00785,2023-05,27,Premium,98.09,2,15,0
C00786,2024-04,28,Basic,20.34,2,26,0
C00787,2023-06,45,Premium,93.9,2,22,0
C00788,2023-05,32,Standard,58.5,2,10,0
C00789,2023-02,54,Standard,62.18,1,10,0
C00790,2023-05,1,Standard,49.07,1,10,1
C00791,2024-05,25,Premium,102.39,0,8,0
C00792,2024-04,27,Premium,84.47,1,12,0
C00793,2024-04,54,Standard,52.81,3,15,1
C00794,2023-08,37,Basic,26.7,1,9,0
C00795,2024-06,18,Basic,27.05,0,16,0
C00796,2024-04,50,Standard,66.84,0,8,0
C00797,2023-04,8,Premium,92.41,3,21,0
C00798,2024-06,35,Standard,51.67,4,10,0
C00799,2024-03,3,Premium,101.41,2,9,0
C00800,2023-08,28,Basic,33.46,2,29,0
C00801,2023-09,3,Standard,52.43,1,29,0
C00802,2024-03,53,Basic,34.72,0,16,0
C00803,2023-07,8,Basic,29.93,3,18,0
C00804,2023-12,38,Premium,94.24,1,9,0
C00805,2024-02,40,Premium,103.5,1,18,0
C00806,2023-07,9,Basic,37.34,2,27,0
C00807,2024-06,37,Standard,63.59,1,8,0
C00808,2023-11,35,Basic,32.09,1,4,0
C00809,2023-09,19,Standard,64.36,0,17,0
C00810,2023-04,33,Premium,94.77,2,24,0
C00811,2023-02,49,Standard,57.42,0,14,0
C00812,2023-05,56,Premium,93.65,1,30,0
C00813,2023-05,9,Basic,34.04,1,4,0
C00814,2024-01,54,Basic,29.92,2,22,0
C00815,2023-09,37,Premium,99.98,2,8,0
C00816,2023-03,25,Standard,61.21,1,9,0
C00817,2024-01,57,Basic,32.02,4,17,0
C00818,2023-12,18,Premium,102.26,2,5,0
C00819,2023-01,32,Standard,54.48,2,24,0
C00820,2023-03,55,Premium,95.2,3,17,0
C00821,2023-12,30,Premium,92.51,0,8,0
C00822,2024-01,51,Premium,104.85,3,16,1
C00823,2024-04,28,Basic,18.24,2,22,0
C00824,2023-11,54,Standard,57.59,0,10,0
C00825,2024-04,9,Premium,106.09,4,0,0
C00826,2023-02,58,Premium,94.91,2,1,1
C00827,2023-01,41,Standard,60.69,0,7,0
C00828,2024-03,55,Basic,37.66,4,20,1
C00829,2023-05,28,Basic,23.09,0,18,0
C00830,2023-09,20,Basic,26.7,2,1,1
C00831,2023-03,24,Standard,58.73,2,7,0
C00832,2023-06,58,Premium,104.9,1,33,0
C00833,2023-08,41,Standard,68.85,1,14,0
C00834,2023-04,6,Premium,103.18,3,16,1
C00835,2023-05,31,Basic,26.4,0,32,0
C00836,2024-03,34,Premium,101.51,2,29,1
C00837,2023-04,45,Standard,57.13,2,13,0
C00838,2023-05,28,Premium,94.18,2,28,0
C00839,2023-03,15,Standard,60.09,2,7,0
C00840,2023-11,7,Basic,29.39,0,0,0
C00841,2024-01,20,Basic,18.68,1,9,0
C00842,2023-05,49,Basic,27.93,2,22,1
C00843,2023-06,37,Basic,26.37,4,16,0
C00844,2023-05,47,Basic,41.22,2,10,0
C00845,2024-03,40,Premium,97.6,0,7,0
C00846,2023-05,6,Basic,24.8,0,20,0
C00847,2024-01,38,Premium,109.83,2,24,0
C00848,2023-05,28,Standard,59.92,0,26,0
C00849,2023-08,42,Basic,33.31,1,16,0
C00850,2023-10,39,Premium,98.63,2,14,0
C00851,2023-10,45,Basic,35.01,0,17,0
C00852,2023-07,39,Premium,110.36,2,11,0
C00853,2023-02,19,Premium,101.8,0,8,0
C00854,2024-04,51,Basic,31.18,3,0,1
C00855,2023-03,16,Standard,55.63,2,11,0
C00856,2023-11,1,Standard,59.66,2,10,1
C00857,2024-02,56,Premium,95.96,3,14,0
C00858,2024-04,44,Basic,30.26,4,26,0
C00859,2023-01,50,Basic,29.26,1,19,0
C00860,2023-07,1,Standard,64.51,0,30,1
C00861,2024-05,4,Standard,59.73,2,10,0
C00862,2024-02,46,Premium,96.04,1,16,0
C00863,2024-06,26,Basic,26.41,1,10,0
C00864,2023-03,10,Standard,60.43,1,0,0
C00865,2023-05,33,Basic,28.01,1,16,0
C00866,2023-03,26,Premium,99.63,4,9,0
C00867,2023-08,28,Premium,99.88,1,4,1
C00868,2023-04,6,Standard,56.73,0,13,0
C00869,2023-10,39,Basic,20.81,4,15,0
C00870,2023-06,43,Premium,103.89,0,0,1
C00871,2023-01,46,Basic,23.43,1,29,0
C00872,2024-05,23,Premium,99.55,2,19,0
C00873,2023-06,47,Standard,57.36,0,13,0
C00874,2023-04,48,Standard,62.1,3,23,0
C00875,2024-02,2,Standard,54.51,2,4,1
C00876,2023-03,5,Standard,59.23,1,15,0
C00877,2023-02,33,Standard,60.61,0,14,0
C00878,2023-12,37,Basic,26.01,2,23,0
C00879,2023-04,50,Basic,31.17,1,18,0
C00880,2023-02,33,Basic,25.02,2,18,0
C00881,2023-02,1,Basic,29.79,0,15,0
C00882,2023-06,25,Basic,24.17,0,28,0
C00883,2024-06,55,Basic,35.84,1,5,0
C00884,2024-02,46,Premium,104.71,1,1,0
C00885,2023-11,16,Standard,71.85,1,4,0
C00886,2023-12,5,Premium,105.02,1,10,1
C00887,2023-06,44,Basic,32.07,3,29,1
C00888,2024-01,34,Basic,27.01,2,10,1
C00889,2023-10,30,Standard,49.8,1,14,0
C00890,2023-01,36,Standard,62.2,0,15,0
C00891,2023-10,19,Premium,94.54,2,14,0
C00892,2023-12,16,Standard,63.79,0,15,0
C00893,2024-06,32,Basic,33.68,2,16,0
C00894,2023-01,16,Basic,30.6,1,16,0
C00895,2024-06,2,Basic,24.84,1,9,0
C00896,2023-01,54,Premium,109.62,2,25,0
C00897,2024-01,1,Premium,91.55,1,15,0
C00898,2023-04,47,Standard,65.68,2,24,0
C00899,2024-04,16,Standard,70.52,5,3,0
C00900,2023-09,10,Premium,100.68,1,13,0
C00901,2024-05,59,Basic,39.25,1,15,0
C00902,2024-03,58,Standard,55.1,1,23,0
C00903,2023-04,6,Premium,99.17,2,15,0
C00904,2023-03,41,Standard,62.8,2,23,0
C00905,2023-05,4,Standard,64.97,1,22,0
C00906,2024-01,17,Standard,49.11,2,15,0
C00907,2023-11,48,Standard,56.49,1,3,0
C00908,2023-07,15,Basic,29.55,3,15,1
C00909,2023-04,50,Premium,91.46,0,5,0
C00910,2024-03,11,Standard,54.05,1,14,0
C00911,2023-12,8,Premium,100.29,2,16,0
C00912,2023-10,14,Standard,56.18,3,18,0
C00913,2023-03,55,Basic,40.1,1,15,0
C00914,2023-02,44,Standard,63.95,1,10,0
C00915,2023-05,55,Standard,58.36,4,17,1
C00916,2024-01,16,Standard,64.15,1,21,0
C00917,2023-09,44,Standard,58.68,0,15,0
C00918,2024-01,12,Basic,27.98,2,29,0
C00919,2024-06,36,Premium,99.89,0,24,0
C00920,2023-05,30,Basic,29.46,3,29,1
C00921,2023-05,4,Basic,26.03,3,17,1
C00922,2023-03,26,Standard,60.81,0,19,0
C00923,2023-01,17,Basic,33.67,0,13,0
C00924,2024-03,13,Premium,99.36,1,16,0
C00925,2023-04,6,Standard,63.98,1,9,1
C00926,2023-06,30,Basic,29.12,2,12,0
C00927,2024-01,28,Premium,100.41,2,0,0
C00928,2024-02,25,Premium,93.31,2,15,0
C00929,2023-09,14,Basic,33.98,1,28,0
C00930,2023-02,57,Basic,25.89,2,19,0
C00931,2023-10,40,Basic,20.72,2,12,0
C00932,2024-04,57,Premium,102.97,1,14,0
C00933,2023-05,18,Standard,57.15,0,4,0
C00934,2023-08,42,Premium,101.39,0,20,0
C00935,2023-01,52,Premium,100.61,1,16,0
C00936,2023-12,51,Premium,88.11,2,16,0
C00937,2023-12,51,Standard,58.47,2,11,0
C00938,2024-01,33,Standard,59.52,2,31,0
C00939,2023-08,2,Standard,57.94,4,27,1
C00940,2023-02,52,Standard,60.13,1,15,0
C00941,2023-12,31,Premium,94.12,0,25,0
C00942,2023-04,15,Basic,21.89,3,10,1
C00943,2024-06,16,Standard,53.68,1,8,0
C00944,2023-02,59,Premium,100.18,1,4,0
C00945,2024-01,15,Premium,103.6,2,12,0
C00946,2023-06,54,Basic,28.25,1,12,0
C00947,2023-12,21,Premium,101.32,0,10,0
C00948,2023-12,2,Premium,94.54,0,17,0
C00949,2023-07,37,Basic,29.91,0,25,0
C00950,2024-06,52,Standard,57.99,1,16,0
C00951,2023-03,32,Basic,36.85,4,15,1
C00952,2023-01,39,Basic,24.03,1,6,0
C00953,2023-07,1,Standard,52.91,1,16,0
C00954,2023-06,22,Premium,99.17,3,0,0
C00955,2023-02,55,Standard,54.72,1,15,1
C00956,2023-05,38,Premium,97.09,0,14,0
C00957,2023-12,55,Premium,101.79,0,13,0
C00958,2024-01,24,Premium,97.0,3,17,0
C00959,2023-11,22,Standard,53.12,0,18,0
C00960,2024-02,11,Premium,100.39,1,21,0
C00961,2023-11,32,Premium,92.75,2,6,0
C00962,2023-12,36,Premium,105.19,1,18,0
C00963,2024-01,38,Basic,25.93,1,9,0
C00964,2023-05,45,Standard,67.04,2,21,0
C00965,2024-01,1,Premium,106.05,0,13,0
C00966,2023-02,50,Premium,105.48,0,6,0
C00967,2023-08,21,Premium,93.45,0,24,0
C00968,2023-05,7,Standard,52.02,1,19,0
C00969,2023-12,5,Basic,26.74,0,8,0
C00970,2023-03,11,Premium,93.69,2,14,0
C00971,2023-11,43,Premium,100.6,3,28,0
C00972,2023-08,17,Basic,23.51,3,3,0
C00973,2023-04,23,Standard,63.75,0,16,0
C00974,2024-03,4,Standard,57.8,1,1,0
C00975,2024-04,11,Standard,58.28,2,21,0
C00976,2024-01,23,Premium,88.02,4,13,1
C00977,2023-08,31,Premium,104.76,3,13,1
C00978,2023-10,5,Basic,32.92,2,19,1
C00979,2023-03,17,Basic,37.35,2,7,0
C00980,2023-06,57,Standard,53.32,2,18,0
C00981,2023-11,36,Basic,34.05,1,8,0
C00982,2023-01,40,Standard,58.56,3,19,0
C00983,2024-02,42,Basic,27.27,0,2,1
C00984,2023-07,7,Standard,62.76,2,5,0
C00985,2024-06,27,Premium,102.36,4,27,0
C00986,2023-09,47,Premium,96.14,1,16,0
C00987,2023-04,20,Basic,34.04,2,10,1
C00988,2024-04,37,Premium,96.94,1,22,0
C00989,2024-02,24,Basic,31.69,0,18,1
C00990,2024-04,53,Premium,92.96,3,12,1
C00991,2023-06,2,Basic,32.15,4,0,0
C00992,2023-04,6,Standard,59.25,1,21,0
C00993,2024-04,26,Standard,55.96,1,17,0
C00994,2024-06,17,Basic,39.08,0,25,0
C00995,2023-12,24,Standard,66.29,5,3,1
C00996,2024-03,3,Standard,64.58,2,27,0
C00997,2023-02,15,Standard,60.21,0,0,0
C00998,2023-04,45,Premium,96.39,0,19,0
C00999,2024-02,23,Premium,108.62,1,8,0
C01000,2024-06,38,Basic,19.12,3,21,1
C01001,2024-02,25,Premium,88.61,1,12,0
C01002,2023-08,44,Standard,67.22,1,17,0
C01003,2023-02,6,Standard,59.09,1,18,0
C01004,2023-05,58,Premium,85.48,0,9,0
C01005,2023-06,49,Standard,55.42,2,10,0
C01006,2023-07,11,Basic,24.08,0,16,1
C01007,2024-02,28,Basic,34.89,1,13,0
C01008,2023-05,53,Premium,98.69,2,10,0
C01009,2023-03,17,Standard,55.61,1,12,0
C01010,2024-06,36,Standard,66.99,1,21,0
C01011,2024-03,18,Premium,93.24,1,0,0
C01012,2024-05,1,Premium,101.58,0,13,0
C01013,2023-05,8,Standard,63.37,2,14,0
C01014,2023-04,38,Premium,103.66,2,11,0
C01015,2023-10,37,Basic,35.85,0,1,0
C01016,2024-02,57,Standard,61.3,1,16,0
C01017,2024-04,42,Standard,66.31,3,18,1
C01018,2023-05,18,Standard,54.25,1,17,0
C01019,2024-01,44,Premium,99.95,1,17,1
C01020,2023-08,57,Standard,61.86,1,9,1
C01021,2023-12,31,Standard,56.77,1,15,1
C01022,2023-10,53,Standard,57.06,0,12,0
C01023,2023-04,32,Premium,96.96,1,26,0
C01024,2023-10,15,Basic,28.71,2,10,0
C01025,2023-09,29,Standard,63.3,2,15,0
C01026,2023-03,39,Premium,99.84,2,18,0
C01027,2024-04,14,Standard,65.17,2,6,0
C01028,2023-02,56,Standard,62.25,0,21,0
C01029,2023-10,11,Basic,21.5,2,8,0
C01030,2024-05,26,Basic,35.06,2,11,0
C01031,2023-07,2,Basic,34.73,2,8,0
C01032,2023-08,13,Basic,24.8,0,20,1
C01033,2023-07,4,Standard,57.79,0,0,1
C01034,2024-05,53,Standard,53.21,0,1,0
C01035,2023-01,60,Basic,33.79,0,16,0
C01036,2024-03,32,Premium,107.42,2,23,1
C01037,2024-06,56,Standard,57.78,2,15,0
C01038,2023-03,11,Standard,59.77,1,14,0
C01039,2023-06,25,Basic,30.28,3,18,0
C01040,2023-08,50,Basic,17.21,2,10,0
C01041,2023-09,44,Basic,28.7,0,24,0
C01042,2023-01,33,Basic,18.01,1,25,0
C01043,2023-06,9,Premium,100.12,0,25,0
C01044,2023-09,1,Basic,29.06,1,18,0
C01045,2023-09,20,Premium,96.84,0,21,0
C01046,2024-03,25,Standard,57.04,2,9,1
C01047,2024-05,30,Standard,56.58,3,7,0
C01048,2023-04,26,Premium,108.07,1,12,1
C01049,2024-06,43,Standard,60.39,1,10,0
C01050,2023-10,39,Standard,56.61,2,17,0
C01051,2023-11,31,Basic,28.2,2,22,0
C01052,2023-09,41,Standard,64.49,3,2,1
C01053,2023-10,46,Premium,100.22,1,6,0
C01054,2023-02,34,Basic,29.55,0,9,0
C01055,2024-01,52,Premium,97.97,1,5,0
C01056,2023-01,44,Basic,26.1,3,12,0
C01057,2024-02,19,Standard,63.23,0,16,0
C01058,2023-07,48,Basic,29.23,0,19,0
C01059,2024-06,46,Basic,27.3,3,1,0
C01060,2023-12,31,Premium,108.94,1,33,0
C01061,2024-06,55,Basic,41.56,1,14,0
C01062,2023-05,7,Standard,59.75,3,30,0
C01063,2023-06,47,Premium,97.02,1,5,0
C01064,2023-03,58,Standard,58.58,2,27,0
C01065,2023-10,15,Premium,96.05,1,20,0
C01066,2023-12,57,Standard,59.82,3,32,0
C01067,2023-04,19,Standard,60.05,3,6,0
C01068,2023-03,56,Premium,98.54,2,7,0
C01069,2023-04,13,Premium,95.25,3,5,0
C01070,2023-10,25,Premium,108.75,1,17,0
C01071,2023-05,56,Basic,21.13,1,5,0
C01072,2024-03,22,Standard,53.97,2,10,1
C01073,2023-06,56,Premium,109.47,2,2,0
C01074,2023-06,32,Standard,62.8,0,27,0
C01075,2024-03,4,Basic,26.71,2,16,1
C01076,2023-06,49,Basic,28.3,0,24,0
C01077,2023-05,49,Basic,35.03,1,2,0
C01078,2024-01,41,Standard,54.08,0,8,0
C01079,2023-01,31,Standard,67.25,0,9,1
C01080,2023-12,13,Premium,92.46,3,2,0
C01081,2024-05,58,Standard,58.02,1,11,0
C01082,2023-08,44,Basic,31.47,2,18,0
C01083,2023-10,57,Standard,57.02,1,13,0
C01084,2023-10,25,Premium,90.39,2,7,0
C01085,2023-10,53,Basic,26.02,3,22,0
C01086,2024-05,30,Premium,102.41,2,5,0
C01087,2023-05,22,Standard,61.11,1,27,0
C01088,2023-12,58,Standard,63.3,3,0,0
C01089,2023-01,11,Standard,49.17,0,14,0
C01090,2023-07,47,Basic,18.82,1,15,0
C01091,2023-06,38,Premium,101.02,0,20,0
C01092,2023-02,46,Premium,102.25,1,19,0
C01093,2024-06,41,Standard,64.18,2,18,0
C01094,2023-04,39,Basic,26.37,1,15,0
C01095,2023-04,2,Basic,20.29,1,10,0
C01096,2024-06,25,Basic,33.97,0,20,0
C01097,2023-07,45,Basic,29.39,1,23,0
C01098,2023-10,41,Basic,33.44,2,17,0
C01099,2024-05,7,Premium,95.96,1,11,0
C01100,2023-05,39,Premium,99.73,2,19,0
C01101,2024-05,58,Basic,24.49,1,22,0
C01102,2023-04,8,Standard,60.6,0,13,0
C01103,2023-07,32,Basic,34.4,3,22,0
C01104,2023-07,54,Premium,101.44,1,23,0
C01105,2023-06,27,Standard,58.37,0,21,1
C01106,2024-04,32,Basic,34.41,2,11,0
C01107,2023-03,1,Basic,23.71,2,0,0
C01108,2024-04,54,Premium,95.26,2,15,0
C01109,2023-03,6,Premium,105.85,2,6,0
C01110,2023-08,7,Standard,55.19,1,12,0
C01111,2024-03,19,Standard,64.01,2,17,1
C01112,2023-02,53,Basic,30.13,1,10,0
C01113,2023-11,24,Premium,104.87,1,12,0
C01114,2023-02,8,Basic,22.22,0,16,1
C01115,2023-06,9,Premium,97.94,1,24,0
C01116,2023-09,58,Standard,60.0,1,12,0
C01117,2023-11,6,Standard,56.54,0,11,0
C01118,2024-03,26,Standard,64.75,0,17,1
C01119,2024-04,25,Premium,99.48,2,10,0
C01120,2023-04,42,Basic,21.24,0,20,1
C01121,2023-06,47,Basic,32.74,3,26,1
C01122,2024-04,59,Premium,94.65,0,12,0
C01123,2023-06,44,Standard,63.25,2,18,0
C01124,2023-01,50,Standard,68.34,3,24,0
C01125,2023-05,57,Premium,102.19,1,18,0
C01126,2024-02,32,Basic,30.0,0,14,0
C01127,2023-11,5,Standard,53.03,1,17,1
C01128,2024-05,56,Premium,98.83,1,2,0
C01129,2023-08,37,Premium,101.1,2,10,0
C01130,2024-05,43,Standard,52.82,0,20,0
C01131,2023-04,45,Premium,103.28,2,28,0
C01132,2024-04,47,Basic,30.15,1,14,0
C01133,2024-01,44,Premium,103.34,2,0,1
C01134,2023-02,53,Premium,102.45,0,17,1
C01135,2024-05,60,Basic,28.75,2,18,0
C01136,2023-06,55,Standard,56.05,0,7,0
C01137,2023-08,32,Standard,65.79,0,12,0
C01138,2024-05,18,Basic,30.74,0,7,0
C01139,2024-01,42,Standard,65.73,3,4,0
C01140,2024-03,6,Standard,63.86,3,14,0
C01141,2024-04,29,Basic,34.45,3,24,0
C01142,2023-01,8,Standard,58.09,3,16,1
C01143,2024-06,27,Basic,20.39,2,0,0
C01144,2023-10,53,Basic,30.85,1,19,0
C01145,2024-03,36,Basic,31.05,2,13,0
C01146,2023-08,24,Basic,36.25,0,3,0
C01147,2024-04,22,Premium,96.31,2,20,0
C01148,2024-03,24,Premium,97.78,2,18,1
C01149,2023-08,49,Premium,103.26,4,5,1
C01150,2023-10,23,Premium,96.47,0,8,0
C01151,2023-04,24,Premium,103.04,1,10,1
C01152,2023-05,11,Standard,53.12,0,29,0
C01153,2024-02,48,Premium,97.31,0,13,0
C01154,2023-07,40,Basic,30.05,3,7,1
C01155,2023-07,55,Standard,64.11,0,22,0
C01156,2023-11,51,Basic,35.82,0,3,1
C01157,2023-04,27,Basic,31.73,3,0,0
C01158,2024-05,29,Standard,61.11,2,25,0
C01159,2024-05,32,Basic,23.18,0,29,0
C01160,2024-04,36,Standard,57.27,0,18,0
C01161,2023-06,50,Basic,24.62,1,24,0
C01162,2024-01,9,Basic,27.67,1,23,0
C01163,2024-05,39,Standard,53.14,1,33,0
C01164,2023-08,27,Premium,107.27,2,10,0
C01165,2024-03,22,Standard,60.78,0,25,0
C01166,2024-05,9,Standard,62.2,2,4,0
C01167,2023-11,45,Premium,100.93,1,21,0
C01168,2023-07,60,Premium,101.62,2,5,0
C01169,2023-10,40,Premium,112.84,4,10,0
C01170,2023-05,59,Premium,92.04,1,14,0
C01171,2024-05,42,Basic,27.76,3,20,0
C01172,2023-04,41,Standard,57.42,0,7,0
C01173,2024-02,36,Standard,54.45,1,31,0
C01174,2023-10,58,Premium,97.38,3,5,0
C01175,2024-05,28,Basic,22.83,1,22,1
C01176,2023-02,25,Basic,22.71,4,20,0
C01177,2023-06,13,Standard,57.84,2,10,0
C01178,2023-05,44,Standard,63.49,0,24,0
C01179,2023-07,45,Standard,55.02,1,7,0
C01180,2024-03,3,Standard,58.59,1,16,1
C01181,2024-06,56,Premium,103.76,0,19,0
C01182,2024-06,48,Premium,101.17,1,10,0
C01183,2023-10,33,Premium,91.52,3,22,0
C01184,2024-01,4,Standard,58.38,4,19,0
C01185,2023-11,51,Premium,95.96,2,19,0
C01186,2023-09,4,Basic,29.63,2,5,1
C01187,2023-08,56,Standard,62.61,2,15,0
C01188,2023-12,46,Premium,88.83,1,31,0
C01189,2023-07,35,Premium,99.17,2,30,0
C01190,2024-03,13,Standard,53.77,2,18,1
C01191,2023-06,44,Basic,29.11,0,19,0
C01192,2023-04,48,Premium,92.17,4,20,0
C01193,2024-06,28,Standard,56.23,2,18,0
C01194,2023-09,11,Premium,104.52,1,12,1
C01195,2023-05,30,Premium,97.82,1,11,1
C01196,2023-02,60,Standard,56.33,1,17,0
C01197,2023-10,41,Premium,95.67,1,20,0
C01198,2023-12,37,Premium,102.36,0,18,0
C01199,2024-05,46,Standard,60.31,0,23,0
C01200,2023-03,12,Premium,93.08,2,12,0
C01201,2024-06,11,Standard,65.8,4,15,0
C01202,2023-08,6,Standard,58.88,2,24,0
C01203,2023-11,43,Standard,57.3,1,24,0
C01204,2024-05,14,Premium,91.47,2,18,0
C01205,2023-01,36,Premium,97.67,2,11,0
C01206,2023-08,23,Standard,49.54,0,11,0
C01207,2023-08,40,Premium,101.43,1,0,0
C01208,2024-01,44,Standard,61.54,1,14,0
C01209,2023-09,8,Standard,57.69,1,2,0
C01210,2024-05,19,Basic,36.14,1,11,0
C01211,2024-05,24,Premium,102.3,0,8,0
C01212,2023-07,3,Standard,57.22,2,18,0
C01213,2023-06,6,Basic,32.14,0,12,0
C01214,2024-06,50,Premium,98.86,0,4,1
C01215,2023-07,5,Basic,28.69,2,16,0
C01216,2023-07,28,Basic,34.03,2,25,0
C01217,2024-02,45,Premium,101.94,1,19,0
C01218,2023-05,5,Premium,96.66,2,8,1
C01219,2023-02,46,Standard,58.01,3,7,1
C01220,2023-09,4,Basic,24.94,2,12,0
C01221,2023-09,37,Basic,15.88,3,35,0
C01222,2024-01,29,Premium,103.35,0,22,0
C01223,2023-04,2,Standard,57.62,1,17,0
C01224,2023-03,42,Premium,92.17,1,9,0
C01225,2023-03,38,Basic,26.33,3,16,0
C01226,2023-10,33,Basic,26.73,1,11,0
C01227,2023-03,20,Premium,97.42,1,13,0
C01228,2024-01,60,Standard,61.92,1,19,0
C01229,2024-04,43,Basic,31.23,4,8,1
C01230,2024-01,15,Basic,32.16,0,11,0
C01231,2023-10,55,Premium,100.01,3,11,0
C01232,2023-12,10,Standard,53.93,0,1,0
C01233,2024-06,1,Premium,93.68,1,14,1
C01234,2024-01,3,Basic,32.35,0,19,0
C01235,2023-07,6,Standard,52.12,0,3,0
C01236,2023-12,58,Premium,102.22,0,22,0
C01237,2024-05,58,Premium,94.94,1,12,0
C01238,2023-09,12,Basic,35.66,2,0,1
C01239,2023-02,12,Premium,104.31,5,11,0
C01240,2024-03,60,Premium,107.32,2,17,0
C01241,2023-03,5,Standard,62.26,0,22,0
C01242,2024-04,13,Premium,92.55,1,13,0
C01243,2023-08,23,Basic,34.48,3,0,1
C01244,2023-07,40,Basic,29.02,1,24,0
C01245,2023-10,29,Standard,63.91,2,3,0
C01246,2023-12,10,Premium,110.03,1,24,0
C01247,2023-01,28,Basic,34.12,0,11,0
C01248,2024-02,51,Basic,30.2,2,25,0
C01249,2023-11,24,Basic,34.29,2,16,0
C01250,2023-12,30,Standard,57.41,4,6,0
C01251,2023-04,32,Premium,100.11,2,11,0
C01252,2023-09,39,Basic,36.64,1,14,0
C01253,2023-07,9,Premium,91.64,2,4,0
C01254,2023-03,57,Premium,109.22,1,17,0
C01255,2024-05,58,Basic,29.72,2,17,0
C01256,2024-01,53,Premium,99.96,1,34,0
C01257,2024-06,14,Basic,28.43,1,19,0
C01258,2024-04,58,Premium,102.56,1,39,0
C01259,2024-01,10,Standard,56.88,1,11,0
C01260,2023-10,50,Premium,102.66,3,4,1
C01261,2023-03,33,Premium,106.99,0,20,0
C01262,2023-08,33,Basic,26.22,4,15,0
C01263,2023-06,52,Premium,99.78,0,18,0
C01264,2023-06,9,Standard,51.03,1,13,0
C01265,2023-05,37,Premium,89.87,0,23,0
C01266,2023-02,31,Standard,65.44,2,15,0
C01267,2023-03,32,Basic,30.16,1,22,0
C01268,2023-07,15,Basic,27.71,3,2,0
C01269,2024-01,51,Standard,54.79,2,16,0
C01270,2023-02,30,Basic,18.63,4,14,0
C01271,2024-05,21,Basic,27.37,1,20,0
C01272,2023-09,18,Premium,103.7,1,11,0
C01273,2024-01,37,Basic,19.49,4,5,0
C01274,2023-03,24,Premium,93.11,2,13,0
C01275,2024-05,25,Basic,36.94,4,20,0
C01276,2024-04,53,Standard,54.03,0,16,0
C01277,2023-01,57,Premium,90.33,0,16,0
C01278,2023-06,9,Standard,63.78,2,33,0
C01279,2023-09,33,Premium,105.02,2,16,0
C01280,2023-12,12,Basic,22.04,0,28,0
C01281,2023-08,53,Basic,22.62,2,8,0
C01282,2023-04,22,Premium,95.17,6,15,0
C01283,2023-07,31,Standard,59.16,0,21,0
C01284,2023-01,42,Standard,53.63,2,15,0
C01285,2023-06,9,Premium,102.23,1,14,0
C01286,2023-05,33,Basic,32.75,1,27,1
C01287,2024-05,17,Basic,27.37,0,7,0
C01288,2023-01,39,Premium,102.45,0,9,0
C01289,2023-10,47,Premium,98.75,0,8,0
C01290,2024-04,14,Standard,59.75,2,15,0
C01291,2024-02,11,Basic,31.6,2,18,0
C01292,2023-06,51,Premium,101.4,1,20,0
C01293,2023-06,33,Standard,55.54,1,9,0
C01294,2023-03,22,Standard,64.17,3,11,1
C01295,2023-04,25,Basic,28.38,3,13,1
C01296,2024-02,34,Premium,101.59,2,10,0
C01297,2023-06,39,Basic,29.6,1,8,0
C01298,2023-02,40,Premium,89.35,2,9,0
C01299,2023-04,35,Premium,102.97,1,22,0
C01300,2024-06,43,Basic,25.17,0,5,0
C01301,2024-02,58,Premium,93.26,2,17,0
C01302,2024-05,24,Basic,22.49,1,0,0
C01303,2024-01,52,Standard,60.09,2,11,0
C01304,2023-04,52,Premium,103.96,2,16,0
C01305,2023-08,17,Standard,54.41,1,28,0
C01306,2024-06,6,Standard,61.78,1,10,0
C01307,2023-01,13,Basic,34.15,1,12,0
C01308,2023-01,8,Premium,97.35,3,10,0
C01309,2023-11,14,Premium,104.8,1,10,0
C01310,2024-02,7,Basic,29.54,3,6,0
C01311,2024-06,17,Standard,60.45,0,10,0
C01312,2023-09,24,Premium,99.15,1,0,0
C01313,2024-02,26,Basic,26.97,2,0,0
C01314,2023-06,36,Standard,62.0,2,22,0
C01315,2023-09,36,Standard,60.99,2,8,0
C01316,2024-01,37,Standard,59.9,0,21,0
C01317,2023-04,55,Premium,106.91,3,12,0
C01318,2023-06,29,Premium,103.39,3,13,1
C01319,2023-11,33,Standard,57.0,0,21,0
C01320,2023-02,40,Premium,96.67,1,3,0
C01321,2023-03,41,Basic,26.94,2,9,0
C01322,2024-02,31,Premium,101.31,2,17,0
C01323,2023-12,17,Basic,34.46,1,10,1
C01324,2024-01,3,Premium,92.32,2,20,0
C01325,2024-05,26,Premium,101.57,1,11,0
C01326,2023-06,39,Basic,32.05,0,0,0
C01327,2023-07,29,Basic,25.79,4,20,0
C01328,2023-10,60,Premium,104.6,1,10,0
C01329,2024-05,51,Premium,95.57,1,26,0
C01330,2023-06,15,Premium,109.07,1,19,0
C01331,2023-01,24,Basic,32.82,3,7,0
C01332,2024-01,6,Standard,51.5,2,12,0
C01333,2023-07,26,Standard,57.64,1,24,0
C01334,2023-03,48,Premium,95.72,3,12,0
C01335,2024-06,36,Standard,58.03,0,19,0
C01336,2023-09,23,Standard,62.27,0,15,0
C01337,2024-01,13,Standard,64.42,3,16,0
C01338,2024-02,17,Basic,31.38,1,1,0
C01339,2024-05,36,Basic,30.28,2,24,0
C01340,2023-09,8,Premium,97.51,2,12,0
C01341,2023-09,53,Premium,97.26,0,21,0
C01342,2024-04,25,Premium,100.68,0,22,0
C01343,2024-03,49,Standard,50.49,3,10,0
C01344,2023-01,58,Premium,97.63,1,0,0
C01345,2024-01,17,Basic,32.07,5,18,0
C01346,2023-08,15,Premium,90.84,1,7,0
C01347,2024-05,27,Standard,58.77,0,15,0
C01348,2023-08,45,Standard,55.55,0,15,0
C01349,2023-11,26,Premium,98.05,3,3,1
C01350,2024-04,60,Basic,22.79,1,5,0
C01351,2023-09,14,Premium,93.52,1,14,0
C01352,2023-07,48,Premium,101.16,4,20,0
C01353,2023-08,13,Basic,26.38,0,19,0
C01354,2023-07,14,Basic,24.46,1,28,0
C01355,2023-12,54,Premium,103.21,1,15,0
C01356,2023-03,7,Basic,35.76,0,2,0
C01357,2023-01,43,Standard,57.22,2,4,0
C01358,2024-04,35,Basic,29.51,0,16,0
C01359,2023-09,21,Standard,64.46,2,3,0
C01360,2023-09,49,Premium,89.54,1,17,0
C01361,2023-05,49,Premium,101.67,1,15,0
C01362,2024-04,52,Standard,51.34,2,24,0
C01363,2023-12,3,Premium,101.93,1,9,0
C01364,2024-03,44,Basic,25.83,3,6,0
C01365,2024-03,45,Premium,94.1,2,11,0
C01366,2023-07,1,Basic,28.11,3,20,1
C01367,2023-12,7,Standard,55.14,1,0,0
C01368,2024-06,17,Basic,29.54,1,12,0
C01369,2023-11,18,Standard,62.44,2,10,0
C01370,2023-07,32,Standard,55.51,0,7,0
C01371,2023-12,49,Standard,62.78,3,13,0
C01372,2023-06,18,Standard,60.6,1,3,0
C01373,2023-08,37,Premium,107.52,2,6,0
C01374,2023-08,47,Standard,58.23,0,8,0
C01375,2023-07,55,Standard,58.82,2,20,0
C01376,2024-04,48,Basic,33.79,2,10,0
C01377,2024-04,12,Standard,66.58,0,18,0
C01378,2024-05,58,Premium,101.06,0,12,0
C01379,2023-10,21,Standard,58.15,1,28,0
C01380,2023-02,55,Premium,96.59,4,23,0
C01381,2023-02,45,Basic,31.64,1,14,0
C01382,2023-04,17,Standard,66.04,1,5,0
C01383,2023-12,22,Standard,55.87,2,16,0
C01384,2023-12,36,Standard,62.52,1,19,1
C01385,2023-07,8,Standard,59.83,3,3,0
C01386,2024-06,42,Premium,93.74,0,0,0
C01387,2023-12,50,Standard,55.07,0,8,0
C01388,2024-03,33,Standard,59.68,2,20,0
C01389,2023-10,25,Premium,96.9,0,15,0
C01390,2023-11,10,Basic,31.52,1,20,0
C01391,2024-01,40,Premium,95.27,1,9,0
C01392,2023-06,5,Basic,24.72,2,10,0
C01393,2023-10,21,Standard,57.9,5,9,0
C01394,2024-01,39,Premium,96.11,2,14,0
C01395,2024-05,29,Standard,52.84,2,22,0
C01396,2023-06,27,Basic,26.45,2,20,0
C01397,2023-08,9,Premium,96.54,1,25,0
C01398,2023-03,48,Premium,98.14,1,20,0
C01399,2023-04,26,Basic,28.68,3,3,1
C01400,2024-06,57,Standard,53.77,1,14,0
C01401,2024-05,50,Standard,59.16,2,20,0
C01402,2023-09,6,Basic,26.86,1,15,0
C01403,2024-01,6,Premium,96.61,2,6,0
C01404,2023-10,16,Premium,92.26,2,15,0
C01405,2024-05,9,Basic,24.8,2,24,0
C01406,2023-12,2,Basic,34.93,1,27,0
C01407,2024-03,21,Standard,55.23,1,18,0
C01408,2024-06,35,Standard,61.05,0,12,0
C01409,2023-06,45,Premium,91.78,0,20,0
C01410,2024-02,30,Premium,97.93,3,22,0
C01411,2023-10,41,Premium,103.49,1,15,0
C01412,2023-08,31,Premium,102.3,1,29,0
C01413,2023-12,29,Standard,64.19,1,15,0
C01414,2023-01,10,Standard,58.16,2,12,1
C01415,2023-12,53,Basic,38.97,0,11,0
C01416,2024-04,35,Basic,37.58,3,14,0
C01417,2023-01,31,Standard,55.3,3,21,0
C01418,2023-08,52,Standard,69.42,1,6,0
C01419,2023-07,36,Standard,62.93,2,10,0
C01420,2024-01,36,Standard,67.0,2,19,0
C01421,2024-01,46,Premium,98.12,2,15,0
C01422,2023-03,15,Standard,58.47,3,2,0
C01423,2023-09,16,Premium,100.25,1,14,0
C01424,2023-09,48,Premium,91.06,3,15,0
C01425,2023-06,55,Basic,29.82,1,20,1
C01426,2024-03,8,Premium,104.9,2,31,0
C01427,2024-04,18,Premium,99.9,0,25,0
C01428,2023-02,2,Basic,28.26,0,19,0
C01429,2023-04,2,Basic,23.97,1,15,1
C01430,2024-03,9,Premium,96.18,2,3,0
C01431,2023-05,15,Basic,26.32,1,8,1
C01432,2024-02,14,Standard,64.9,4,31,0
C01433,2023-12,52,Standard,57.0,3,9,0
C01434,2023-11,51,Basic,28.48,0,19,1
C01435,2023-02,49,Basic,26.05,1,14,0
C01436,2024-06,26,Basic,40.76,3,10,0
C01437,2024-01,13,Standard,49.98,0,17,0
C01438,2023-08,8,Premium,103.28,0,18,0
C01439,2023-02,29,Basic,30.81,2,17,0
C01440,2024-05,48,Basic,31.78,0,0,0
C01441,2024-01,14,Standard,50.88,0,12,0
C01442,2023-06,20,Standard,56.76,1,5,0
C01443,2024-06,3,Premium,99.68,1,14,0
C01444,2023-10,17,Standard,64.11,1,13,0
C01445,2023-07,57,Basic,31.9,1,26,0
C01446,2024-02,16,Premium,100.69,0,7,0
C01447,2023-04,11,Standard,74.45,3,17,0
C01448,2023-02,16,Basic,22.78,1,14,0
C01449,2023-05,45,Standard,47.65,1,13,0
C01450,2023-06,6,Basic,20.72,1,10,0
C01451,2023-11,44,Premium,103.83,0,9,0
C01452,2023-02,49,Premium,99.15,1,19,0
C01453,2024-06,42,Basic,29.54,2,12,0
C01454,2023-08,9,Standard,51.21,1,37,0
C01455,2023-12,36,Premium,96.13,1,10,0
C01456,2023-07,29,Premium,91.95,3,17,1
C01457,2023-05,25,Standard,63.25,2,4,0
C01458,2024-03,3,Standard,58.47,1,30,0
C01459,2024-04,35,Premium,90.87,2,0,0
C01460,2023-12,12,Premium,98.98,1,10,0
C01461,2024-06,30,Standard,60.89,2,20,0
C01462,2024-03,34,Basic,17.48,2,12,1
C01463,2023-12,17,Premium,100.46,1,20,0
C01464,2024-05,50,Premium,94.27,0,17,0
C01465,2023-12,12,Basic,16.82,1,20,0
C01466,2023-03,16,Standard,52.75,3,12,0
C01467,2023-07,35,Standard,56.02,1,1,0
C01468,2023-05,32,Premium,99.8,1,25,0
C01469,2023-11,21,Standard,53.48,0,21,0
C01470,2023-03,34,Premium,102.36,1,29,1
C01471,2023-02,9,Basic,32.31,1,6,0
C01472,2023-04,32,Basic,21.72,1,29,1
C01473,2024-04,42,Standard,58.7,1,25,0
C01474,2023-09,45,Premium,94.55,2,20,1
C01475,2023-03,15,Premium,87.88,0,10,1
C01476,2024-04,59,Basic,34.41,1,4,0
C01477,2024-03,54,Basic,22.12,0,13,0
C01478,2024-06,4,Standard,55.71,1,9,0
C01479,2023-12,57,Standard,55.82,0,16,0
C01480,2023-09,4,Premium,92.2,2,24,0
C01481,2023-10,47,Basic,24.91,2,17,1
C01482,2023-04,14,Premium,103.91,3,17,1
C01483,2024-01,15,Premium,98.29,2,1,0
C01484,2023-08,34,Premium,92.0,3,2,0
C01485,2024-06,12,Premium,99.19,1,23,0
C01486,2023-12,7,Premium,98.24,1,23,0
C01487,2024-02,45,Premium,98.12,2,0,0
C01488,2024-06,11,Basic,29.51,1,18,0
C01489,2023-06,22,Premium,90.74,2,6,0
C01490,2023-12,39,Standard,62.23,2,6,0
C01491,2023-12,36,Standard,59.82,2,6,0
C01492,2023-11,41,Standard,62.36,2,16,0
C01493,2023-07,37,Premium,100.27,2,7,0
C01494,2023-09,36,Premium,99.51,2,0,0
C01495,2024-01,29,Standard,65.79,2,29,1
C01496,2023-01,3,Standard,59.01,3,2,0
C01497,2023-01,57,Standard,50.67,0,3,0
C01498,2023-11,15,Basic,29.67,1,9,1
C01499,2023-09,53,Premium,102.52,3,10,0
C01500,2023-05,33,Premium,110.04,1,10,0
C01501,2023-05,30,Standard,75.2,3,22,1
C01502,2023-08,24,Premium,99.01,2,29,0
C01503,2023-03,52,Standard,62.43,0,0,0
C01504,2023-03,37,Basic,30.46,4,5,0
C01505,2023-06,51,Standard,68.96,2,18,0
C01506,2023-04,58,Premium,101.49,1,21,0
C01507,2024-01,20,Basic,33.69,0,5,1
C01508,2023-12,4,Standard,63.32,1,16,0
C01509,2023-04,28,Standard,61.34,1,5,0
C01510,2023-01,15,Premium,94.29,2,10,0
C01511,2023-02,41,Standard,49.46,4,10,0
C01512,2024-06,3,Standard,61.4,3,8,0
C01513,2023-08,21,Premium,100.25,2,18,0
C01514,2024-01,44,Premium,98.45,1,12,0
C01515,2024-05,49,Premium,98.78,1,11,0
C01516,2024-01,28,Standard,55.38,2,10,0
C01517,2024-04,22,Basic,33.31,0,1,0
C01518,2024-01,4,Premium,101.94,3,20,1
C01519,2024-02,26,Premium,97.23,3,15,0
C01520,2024-04,9,Basic,33.31,2,4,0
C01521,2023-07,32,Standard,60.71,3,27,0
C01522,2023-08,48,Premium,99.25,2,20,0
C01523,2023-11,18,Standard,62.81,1,21,0
C01524,2023-04,37,Basic,27.29,3,19,0
C01525,2023-12,28,Standard,53.64,2,25,0
C01526,2023-01,23,Premium,92.32,0,25,0
C01527,2024-03,11,Standard,59.28,3,11,0
C01528,2023-08,29,Basic,22.52,1,9,0
C01529,2023-03,24,Basic,28.32,3,21,1
C01530,2023-05,4,Basic,30.99,0,16,0
C01531,2023-01,53,Standard,58.19,3,8,0
C01532,2023-10,52,Basic,30.17,1,9,0
C01533,2023-07,2,Standard,56.06,1,16,0
C01534,2024-06,14,Basic,24.52,2,23,0
C01535,2024-04,17,Premium,94.66,1,23,0
C01536,2023-01,10,Premium,95.19,1,18,0
C01537,2024-05,58,Premium,94.77,2,22,1
C01538,2023-10,11,Basic,25.19,2,16,0
C01539,2023-09,45,Premium,91.79,1,21,0
C01540,2023-03,42,Basic,29.16,1,29,0
C01541,2023-12,18,Premium,93.14,0,5,0
C01542,2024-01,2,Standard,64.45,2,10,0
C01543,2023-04,25,Premium,88.3,1,13,0
C01544,2024-06,32,Premium,105.64,0,32,0
C01545,2024-03,13,Premium,108.46,1,7,0
C01546,2023-02,46,Basic,25.13,0,8,0
C01547,2023-11,34,Standard,55.41,0,12,0
C01548,2023-01,48,Basic,32.62,1,18,0
C01549,2023-10,23,Standard,58.21,1,7,0
C01550,2023-02,33,Standard,59.72,1,21,0
C01551,2023-01,57,Standard,66.9,3,10,0
C01552,2023-05,18,Basic,24.58,0,16,0
C01553,2023-05,26,Premium,92.28,1,11,0
C01554,2023-08,25,Premium,110.19,3,7,0
C01555,2024-02,37,Basic,25.36,3,14,0
C01556,2023-11,59,Premium,93.8,0,14,0
C01557,2023-05,9,Basic,34.41,2,6,0
C01558,2023-05,44,Basic,20.02,1,2,0
C01559,2023-05,46,Premium,91.62,1,23,0
C01560,2023-06,59,Basic,22.68,0,4,0
C01561,2023-04,36,Premium,110.46,2,29,0
C01562,2023-01,54,Basic,39.8,1,0,0
C01563,2024-02,57,Standard,56.48,1,19,0
C01564,2023-09,48,Premium,93.57,2,12,0
C01565,2023-05,13,Basic,35.0,2,14,0
C01566,2023-09,49,Premium,99.97,0,22,0
C01567,2023-08,40,Basic,33.15,0,9,0
C01568,2023-03,2,Standard,56.72,2,25,0
C01569,2024-05,31,Basic,25.84,0,15,0
C01570,2023-12,31,Premium,102.96,0,6,0
C01571,2024-04,25,Standard,57.92,2,7,0
C01572,2023-02,13,Basic,32.29,2,11,0
C01573,2024-02,1,Standard,61.69,1,20,0
C01574,2023-07,43,Basic,26.15,2,12,1
C01575,2024-04,60,Standard,47.86,2,11,0
C01576,2023-08,56,Standard,53.98,3,12,0
C01577,2024-01,50,Basic,26.0,4,16,0
C01578,2024-06,26,Premium,95.13,2,11,0
C01579,2023-02,57,Premium,103.55,2,13,0
C01580,2023-02,29,Standard,59.18,0,22,0
C01581,2024-06,16,Premium,99.57,2,16,0
C01582,2024-06,48,Basic,32.33,0,6,0
C01583,2023-02,49,Premium,106.24,4,12,1
C01584,2023-10,29,Standard,55.23,1,7,0
C01585,2023-06,19,Standard,54.65,2,9,0
C01586,2024-05,40,Basic,33.79,0,24,0
C01587,2024-03,30,Premium,99.63,2,21,1
C01588,2023-06,33,Basic,28.66,3,15,0
C01589,2024-06,58,Premium,104.51,2,20,0
C01590,2024-03,27,Standard,58.97,3,22,1
C01591,2023-07,30,Premium,104.98,1,12,0
C01592,2023-11,6,Standard,56.31,1,23,0
C01593,2023-06,59,Premium,99.89,0,13,0
C01594,2023-04,8,Basic,32.45,3,11,0
C01595,2023-03,41,Standard,54.37,1,14,0
C01596,2024-05,25,Premium,98.28,3,13,0
C01597,2024-06,11,Standard,53.15,2,9,0
C01598,2023-11,50,Basic,28.93,1,12,0
C01599,2023-06,43,Basic,20.34,2,30,0
C01600,2023-02,12,Premium,96.44,2,20,0
C01601,2024-03,20,Premium,89.1,0,13,1
C01602,2023-05,12,Basic,27.71,4,13,0
C01603,2023-09,1,Premium,109.49,3,3,1
C01604,2024-06,32,Standard,57.72,3,4,0
C01605,2023-08,39,Standard,52.67,3,18,1
C01606,2024-03,43,Standard,54.15,1,28,0
C01607,2023-01,6,Premium,95.66,1,10,0
C01608,2024-06,36,Standard,54.61,1,17,0
C01609,2023-06,14,Basic,32.69,2,9,1
C01610,2023-02,42,Standard,56.81,2,16,0
C01611,2023-10,3,Premium,95.74,2,12,0
C01612,2023-04,6,Basic,31.46,1,13,0
C01613,2023-10,12,Basic,35.51,0,16,0
C01614,2024-06,45,Premium,101.86,1,8,0
C01615,2023-12,30,Premium,97.92,1,6,0
C01616,2023-11,6,Standard,56.55,2,13,0
C01617,2024-02,25,Basic,31.53,1,19,0
C01618,2024-04,5,Standard,52.08,1,22,1
C01619,2023-11,45,Standard,55.17,2,11,0
C01620,2023-07,34,Basic,33.51,1,12,0
C01621,2024-05,7,Premium,96.4,1,5,0
C01622,2023-10,31,Premium,102.09,0,1,0
C01623,2023-09,55,Standard,57.1,3,4,0
C01624,2023-05,40,Standard,54.75,0,11,0
C01625,2024-04,32,Premium,88.64,2,22,0
C01626,2023-08,12,Premium,104.19,1,7,0
C01627,2023-04,13,Basic,32.47,1,0,1
C01628,2023-07,41,Basic,32.52,0,34,0
C01629,2023-02,27,Standard,66.04,1,13,0
C01630,2023-07,36,Premium,108.1,2,18,1
C01631,2023-10,13,Premium,103.99,0,24,0
C01632,2023-10,5,Standard,50.28,1,7,0
C01633,2023-04,21,Basic,32.99,3,16,0
C01634,2023-01,22,Standard,52.66,1,29,0
C01635,2023-11,13,Standard,59.25,1,16,0
C01636,2023-02,31,Standard,61.84,0,9,0
C01637,2024-03,31,Basic,22.88,2,26,0
C01638,2024-03,35,Standard,61.95,2,35,0
C01639,2023-02,27,Premium,97.26,3,14,0
C01640,2023-11,20,Premium,104.6,1,17,0
C01641,2023-11,2,Basic,29.1,2,8,0
C01642,2023-03,57,Standard,61.89,3,9,0
C01643,2023-11,18,Basic,31.42,1,19,0
C01644,2023-06,41,Premium,96.36,1,11,0
C01645,2023-04,25,Basic,12.73,1,24,0
C01646,2023-11,49,Standard,51.23,2,27,0
C01647,2023-03,18,Standard,58.92,0,24,0
C01648,2024-03,16,Standard,54.1,1,20,0
C01649,2024-05,20,Basic,28.3,4,15,1
C01650,2023-02,8,Standard,57.49,3,25,0
C01651,2024-03,59,Basic,36.38,2,13,0
C01652,2024-05,52,Standard,61.52,2,14,0
C01653,2024-05,22,Standard,69.72,1,11,0
C01654,2023-04,21,Basic,29.79,0,24,0
C01655,2023-05,34,Premium,93.24,1,7,0
C01656,2024-01,3,Standard,60.87,0,11,0
C01657,2023-01,34,Basic,27.65,2,2,0
C01658,2023-03,3,Premium,101.59,0,25,0
C01659,2023-04,57,Basic,27.92,2,5,0
C01660,2023-10,43,Premium,93.29,1,11,1
C01661,2023-07,49,Standard,61.61,0,0,0
C01662,2023-09,13,Standard,63.56,1,18,0
C01663,2023-04,50,Standard,54.95,1,16,0
C01664,2023-04,11,Standard,62.41,3,22,1
C01665,2024-05,40,Premium,102.84,2,14,0
C01666,2024-06,35,Standard,59.31,1,2,0
C01667,2023-10,10,Premium,93.55,0,13,0
C01668,2023-10,11,Basic,30.87,1,26,0
C01669,2024-03,22,Premium,91.16,1,18,1
C01670,2023-02,2,Standard,57.03,0,8,1
C01671,2024-02,4,Basic,27.62,1,12,0
C01672,2024-03,46,Premium,97.43,0,2,0
C01673,2023-07,20,Standard,53.5,1,29,0
C01674,2023-03,43,Premium,94.11,0,29,0
C01675,2023-05,49,Standard,62.11,1,29,0
C01676,2024-03,52,Premium,102.29,0,23,1
C01677,2024-03,20,Premium,96.27,1,29,0
C01678,2023-09,15,Basic,22.65,4,27,0
C01679,2023-11,26,Basic,26.97,1,2,0
C01680,2024-03,57,Standard,56.76,0,1,0
C01681,2023-04,5,Standard,60.93,0,20,0
C01682,2023-10,30,Basic,35.58,1,25,0
C01683,2023-05,39,Premium,99.72,3,14,0
C01684,2023-04,26,Premium,91.13,0,15,0
C01685,2023-10,42,Basic,27.42,2,17,0
C01686,2024-02,26,Premium,92.75,1,16,0
C01687,2023-06,16,Premium,93.44,1,7,0
C01688,2023-11,25,Basic,32.87,1,16,0
C01689,2024-02,45,Premium,105.56,1,22,0
C01690,2023-11,28,Premium,98.6,2,21,0
C01691,2023-03,16,Basic,27.75,1,5,0
C01692,2024-04,46,Premium,106.31,3,12,1
C01693,2023-11,39,Standard,66.17,1,17,0
C01694,2023-06,53,Standard,64.24,3,14,0
C01695,2023-04,26,Basic,30.67,2,0,0
C01696,2023-11,39,Standard,60.27,1,9,0
C01697,2023-03,43,Basic,26.65,3,16,1
C01698,2023-01,9,Premium,100.45,3,20,0
C01699,2024-03,43,Basic,28.4,1,22,0
C01700,2024-03,25,Premium,91.44,2,8,1
C01701,2023-10,44,Standard,54.23,1,19,0
C01702,2023-10,59,Premium,103.47,1,8,0
C01703,2023-12,60,Standard,49.29,4,0,0
C01704,2024-05,38,Basic,28.99,3,14,0
C01705,2023-02,9,Standard,60.45,2,0,0
C01706,2023-01,36,Basic,28.84,1,15,0
C01707,2023-04,53,Standard,53.52,3,21,0
C01708,2023-08,56,Basic,35.01,0,15,0
C01709,2023-11,38,Standard,51.38,2,20,0
C01710,2024-02,26,Standard,53.51,0,20,0
C01711,2024-04,43,Basic,20.89,3,9,1
C01712,2023-12,36,Standard,64.84,1,17,0
C01713,2023-05,10,Standard,60.31,1,1,1
C01714,2023-01,5,Premium,100.3,0,11,1
C01715,2024-02,57,Standard,57.12,1,4,0
C01716,2023-05,9,Basic,24.81,1,0,0
C01717,2024-02,27,Standard,49.18,0,3,0
C01718,2024-02,30,Premium,113.9,2,14,0
C01719,2023-12,29,Standard,62.75,1,10,0
C01720,2023-01,28,Premium,91.52,0,14,0
C01721,2023-08,55,Premium,94.68,2,11,0
C01722,2024-06,18,Standard,60.93,1,5,0
C01723,2024-04,3,Basic,26.11,0,12,0
C01724,2024-04,8,Premium,97.5,1,4,0
C01725,2024-05,6,Basic,29.06,3,12,0
C01726,2024-03,49,Standard,62.7,2,16,0
C01727,2023-03,34,Premium,99.16,2,1,0
C01728,2023-03,41,Premium,103.25,1,19,0
C01729,2023-10,35,Premium,103.75,4,13,0
C01730,2024-06,58,Standard,64.47,0,8,0
C01731,2024-05,31,Standard,63.95,2,12,0
C01732,2023-11,37,Premium,92.26,0,7,0
C01733,2023-10,52,Standard,54.69,1,21,0
C01734,2023-10,45,Premium,98.76,0,16,0
C01735,2023-02,37,Standard,59.9,2,8,0
C01736,2023-02,38,Basic,29.12,1,9,0
C01737,2023-01,19,Premium,100.15,0,8,0
C01738,2024-05,6,Basic,25.46,2,10,1
C01739,2023-09,51,Standard,53.61,1,9,0
C01740,2023-09,18,Standard,60.38,1,31,1
C01741,2023-06,8,Premium,101.86,0,19,0
C01742,2024-03,48,Basic,23.18,1,12,1
C01743,2023-08,12,Standard,48.45,1,25,0
C01744,2023-02,52,Premium,95.57,0,24,0
C01745,2023-05,6,Basic,26.85,2,21,0
C01746,2024-01,49,Standard,67.75,0,14,0
C01747,2023-06,29,Premium,102.57,0,17,0
C01748,2023-02,47,Standard,61.16,1,9,0
C01749,2023-02,49,Basic,29.11,0,5,0
C01750,2023-10,26,Standard,66.95,1,13,0
C01751,2023-08,49,Premium,97.57,1,24,0
C01752,2024-04,46,Standard,57.75,2,12,0
C01753,2023-01,34,Standard,65.5,1,22,0
C01754,2024-01,52,Standard,49.81,0,22,0
C01755,2023-02,34,Premium,104.05,1,4,1
C01756,2023-12,35,Premium,94.87,2,4,0
C01757,2023-09,28,Premium,112.33,1,15,0
C01758,2023-09,18,Basic,34.58,1,16,0
C01759,2023-08,26,Standard,59.98,1,19,0
C01760,2024-05,38,Basic,28.71,0,21,0
C01761,2023-11,45,Basic,28.06,0,30,0
C01762,2023-03,44,Basic,38.56,3,24,1
C01763,2023-04,7,Premium,106.8,2,0,0
C01764,2023-10,23,Basic,30.96,0,8,0
C01765,2023-03,3,Basic,27.62,1,9,1
C01766,2023-07,39,Premium,91.99,0,31,0
C01767,2023-04,41,Basic,33.98,3,10,1
C01768,2024-01,39,Basic,27.58,3,11,0
C01769,2023-06,58,Premium,96.92,1,8,0
C01770,2023-09,45,Basic,28.2,4,19,1
C01771,2024-03,43,Basic,35.73,5,26,0
C01772,2023-11,18,Standard,58.82,2,8,0
C01773,2023-09,50,Basic,33.9,0,35,0
C01774,2023-11,25,Standard,64.69,0,18,0
C01775,2023-06,17,Standard,67.11,0,28,0
C01776,2024-01,32,Basic,22.18,0,10,0
C01777,2023-05,32,Basic,34.23,1,27,0
C01778,2023-04,28,Basic,27.78,1,21,0
C01779,2023-04,46,Standard,64.02,3,12,1
C01780,2023-09,5,Premium,90.85,1,19,0
C01781,2023-05,2,Standard,49.45,1,21,0
C01782,2024-01,1,Basic,30.64,2,23,1
C01783,2024-01,45,Standard,57.65,2,14,0
C01784,2024-04,33,Premium,101.43,0,27,0
C01785,2023-03,26,Premium,100.18,1,7,0
C01786,2024-04,1,Standard,67.03,2,0,1
C01787,2023-11,35,Standard,64.88,3,8,0
C01788,2023-03,26,Basic,24.33,3,26,0
C01789,2023-03,55,Standard,56.02,1,6,0
C01790,2023-07,49,Standard,52.68,1,15,0
C01791,2023-07,3,Standard,67.85,2,16,0
C01792,2023-12,25,Basic,32.38,2,1,0
C01793,2024-03,57,Premium,95.5,0,13,0
C01794,2023-07,9,Basic,27.9,0,13,1
C01795,2024-04,38,Basic,22.71,2,22,0
C01796,2023-10,51,Premium,87.16,1,17,0
C01797,2023-01,54,Standard,65.57,2,7,1
C01798,2023-02,4,Standard,56.16,2,17,0
C01799,2024-05,14,Premium,96.82,2,8,0
C01800,2023-05,44,Premium,98.58,4,11,0
C01801,2023-02,15,Basic,28.63,3,13,0
C01802,2023-01,32,Premium,95.74,4,10,0
C01803,2023-02,59,Premium,90.74,1,13,0
C01804,2023-01,42,Basic,26.65,1,27,0
C01805,2023-04,4,Standard,63.14,2,20,0
C01806,2023-03,11,Premium,97.07,2,0,0
C01807,2024-04,7,Basic,27.56,1,6,0
C01808,2023-03,40,Basic,23.06,0,30,0
C01809,2024-01,28,Standard,68.49,2,14,0
C01810,2024-06,44,Premium,104.93,2,0,1
C01811,2023-02,54,Basic,26.93,0,9,0
C01812,2023-04,22,Basic,26.16,3,20,1
C01813,2023-06,49,Standard,49.09,5,11,0
C01814,2024-03,36,Basic,39.44,3,11,1
C01815,2023-05,38,Basic,36.87,2,21,1
C01816,2024-01,55,Premium,90.28,3,16,0
C01817,2023-03,2,Standard,70.84,1,11,1
C01818,2023-10,12,Basic,29.07,2,19,0
C01819,2023-05,52,Standard,50.88,2,1,0
C01820,2024-05,41,Standard,58.94,0,6,0
C01821,2023-02,16,Basic,37.2,3,23,0
C01822,2023-03,46,Standard,61.02,2,14,0
C01823,2023-12,51,Standard,54.33,2,7,0
C01824,2023-07,36,Basic,28.06,0,12,1
C01825,2023-12,34,Basic,32.49,1,9,0
C01826,2023-08,35,Premium,89.41,0,3,0
C01827,2023-07,41,Premium,104.95,2,23,0
C01828,2023-05,13,Basic,32.6,3,29,0
C01829,2024-04,59,Standard,68.92,4,15,1
C01830,2023-02,43,Basic,27.38,1,14,0
C01831,2024-02,19,Basic,33.36,2,34,0
C01832,2023-02,40,Standard,63.52,2,13,0
C01833,2023-06,4,Premium,107.43,1,12,1
C01834,2024-05,2,Standard,58.96,2,7,1
C01835,2024-03,58,Basic,34.38,2,23,0
C01836,2023-07,21,Standard,52.06,1,13,0
C01837,2023-08,58,Standard,52.37,2,20,0
C01838,2023-04,21,Basic,25.69,1,10,0
C01839,2024-01,27,Basic,31.28,3,0,0
C01840,2024-04,5,Standard,53.75,0,7,1
C01841,2023-07,28,Basic,23.96,2,6,0
C01842,2024-01,30,Basic,24.36,1,24,0
C01843,2023-07,30,Premium,102.18,1,14,0
C01844,2023-11,18,Basic,31.37,2,20,1
C01845,2023-02,45,Premium,99.33,2,2,0
C01846,2024-03,8,Standard,60.21,1,17,0
C01847,2023-08,49,Standard,58.82,3,1,0
C01848,2023-06,39,Basic,33.26,0,7,0
C01849,2023-03,36,Basic,22.53,2,8,0
C01850,2023-07,34,Standard,54.42,2,16,0
C01851,2023-09,54,Standard,54.62,3,20,1
C01852,2023-08,28,Premium,95.91,3,6,1
C01853,2023-08,28,Premium,95.07,0,26,0
C01854,2023-01,38,Basic,30.04,1,15,0
C01855,2024-04,3,Basic,31.35,2,30,0
C01856,2024-02,33,Basic,30.87,1,22,0
C01857,2023-04,31,Premium,103.23,0,12,0
C01858,2024-06,16,Basic,27.42,4,17,0
C01859,2024-02,45,Premium,95.9,2,7,0
C01860,2023-10,9,Standard,60.91,1,25,0
C01861,2024-04,6,Basic,28.45,3,13,0
C01862,2024-03,11,Premium,89.62,3,24,0
C01863,2023-01,48,Premium,110.44,2,0,0
C01864,2024-01,30,Basic,25.15,0,26,0
C01865,2024-03,56,Standard,58.9,1,13,0
C01866,2023-03,1,Premium,93.33,1,23,0
C01867,2024-05,45,Standard,57.37,1,5,1
C01868,2024-06,28,Standard,59.2,0,3,0
C01869,2023-03,14,Premium,104.81,0,21,0
C01870,2023-02,22,Premium,95.14,1,14,0
C01871,2023-12,59,Premium,107.82,3,37,0
C01872,2023-12,8,Standard,62.88,3,11,0
C01873,2023-12,3,Standard,53.68,1,23,1
C01874,2023-03,36,Premium,94.45,0,21,0
C01875,2023-05,50,Basic,24.89,0,19,0
C01876,2023-04,16,Premium,95.92,1,4,0
C01877,2023-07,48,Premium,93.1,2,5,0
C01878,2023-11,49,Basic,30.7,1,12,0
C01879,2024-02,18,Premium,100.84,2,21,0
C01880,2023-12,5,Standard,58.52,5,28,0
C01881,2023-04,33,Premium,108.59,1,12,0
C01882,2024-06,35,Premium,96.21,0,12,0
C01883,2023-12,29,Premium,103.13,3,2,0
C01884,2023-07,45,Basic,29.11,0,0,0
C01885,2023-03,30,Basic,23.7,2,10,0
C01886,2023-03,12,Standard,61.79,0,14,0
C01887,2023-05,18,Basic,37.63,2,15,0
C01888,2024-05,56,Basic,24.65,1,14,0
C01889,2024-02,2,Standard,59.8,1,5,0
C01890,2024-04,35,Basic,33.62,0,26,0
C01891,2023-01,29,Premium,107.91,1,13,0
C01892,2023-08,5,Basic,33.93,2,2,0
C01893,2023-11,34,Premium,103.89,0,14,0
C01894,2023-11,22,Premium,104.08,1,11,0
C01895,2024-05,43,Premium,105.3,0,19,0
C01896,2023-10,29,Standard,52.75,1,17,0
C01897,2023-06,58,Standard,48.75,0,11,0
C01898,2023-12,15,Standard,62.05,0,14,0
C01899,2023-05,50,Basic,35.95,1,25,0
C01900,2023-06,30,Basic,38.64,2,15,0
C01901,2023-06,19,Basic,30.71,1,30,0
C01902,2023-05,45,Premium,103.28,2,17,0
C01903,2023-11,8,Basic,28.3,2,10,0
C01904,2023-12,29,Standard,60.82,0,1,0
C01905,2023-02,36,Premium,96.44,1,18,0
C01906,2023-12,23,Basic,29.26,0,26,0
C01907,2023-10,11,Premium,95.8,1,26,0
C01908,2024-04,2,Standard,48.24,1,14,0
C01909,2023-05,30,Standard,64.95,2,20,1
C01910,2024-05,48,Premium,103.45,1,23,0
C01911,2024-04,46,Standard,61.11,2,21,0
C01912,2023-05,49,Premium,95.22,2,14,0
C01913,2023-11,47,Standard,63.76,1,1,0
C01914,2023-02,47,Standard,53.58,1,12,0
C01915,2023-10,36,Basic,22.78,0,22,1
C01916,2024-03,40,Basic,27.12,2,14,1
C01917,2023-07,21,Basic,27.4,3,7,0
C01918,2023-07,15,Standard,55.78,0,7,1
C01919,2023-03,35,Standard,54.98,3,9,0
C01920,2024-04,26,Basic,34.51,1,18,0
C01921,2023-02,39,Premium,104.36,0,8,0
C01922,2023-05,24,Standard,62.56,3,7,0
C01923,2024-01,28,Standard,57.32,2,6,0
C01924,2023-12,19,Standard,48.66,1,15,0
C01925,2023-03,29,Premium,103.73,2,10,0
C01926,2024-02,57,Standard,54.63,3,2,0
C01927,2024-02,19,Basic,27.79,1,24,0
C01928,2023-03,27,Basic,30.1,2,28,1
C01929,2024-05,20,Standard,63.47,1,20,0
C01930,2024-01,5,Premium,98.98,1,14,1
C01931,2023-09,27,Premium,100.67,1,12,0
C01932,2023-05,36,Standard,57.93,0,0,0
C01933,2023-10,54,Standard,55.14,3,10,0
C01934,2023-10,3,Standard,55.79,2,18,0
C01935,2023-08,48,Standard,57.83,0,13,1
C01936,2023-09,1,Basic,27.99,4,28,1
C01937,2024-04,41,Premium,104.16,0,3,1
C01938,2024-02,43,Standard,53.34,2,22,0
C01939,2023-08,59,Premium,95.19,2,12,1
C01940,2024-04,49,Standard,54.47,1,8,0
C01941,2023-12,5,Premium,102.77,0,16,0
C01942,2023-09,37,Standard,57.76,3,17,0
C01943,2023-04,31,Premium,95.43,0,24,0
C01944,2023-01,47,Premium,105.81,3,12,0
C01945,2023-02,11,Premium,91.27,3,25,1
C01946,2023-05,30,Premium,97.85,0,16,0
C01947,2023-12,4,Standard,56.98,1,15,0
C01948,2023-02,59,Standard,72.55,4,19,0
C01949,2023-03,34,Premium,97.27,3,12,0
C01950,2023-06,50,Premium,93.99,1,15,0
C01951,2024-06,39,Basic,32.98,1,28,0
C01952,2023-10,21,Premium,105.5,2,3,0
C01953,2023-12,45,Premium,106.34,2,14,0
C01954,2023-05,38,Standard,54.11,1,28,1
C01955,2023-12,34,Standard,63.1,3,7,0
C01956,2023-06,27,Standard,55.82,2,17,0
C01957,2023-08,10,Premium,99.54,2,35,0
C01958,2024-05,51,Premium,104.37,1,16,0
C01959,2023-04,46,Premium,89.45,0,20,0
C01960,2023-04,59,Basic,29.37,3,24,0
C01961,2024-04,60,Basic,22.3,1,12,0
C01962,2023-05,45,Standard,59.72,1,0,0
C01963,2024-05,57,Premium,95.02,0,16,0
C01964,2023-10,22,Basic,36.1,2,8,1
C01965,2023-08,53,Basic,31.89,0,13,1
C01966,2023-08,45,Basic,32.61,1,17,0
C01967,2023-03,14,Basic,34.24,0,7,0
C01968,2023-03,49,Basic,31.99,1,21,1
C01969,2023-02,31,Standard,63.81,1,24,0
C01970,2024-05,3,Premium,98.71,0,13,0
C01971,2023-09,31,Basic,33.1,2,15,1
C01972,2023-01,20,Premium,102.21,0,12,0
C01973,2023-07,51,Basic,24.0,1,32,0
C01974,2023-12,13,Basic,20.6,3,11,1
C01975,2023-09,10,Premium,98.41,4,8,0
C01976,2023-06,23,Standard,55.75,3,12,0
C01977,2023-08,50,Premium,94.0,1,8,0
C01978,2023-01,5,Basic,14.75,2,19,0
C01979,2023-10,46,Basic,25.57,2,10,0
C01980,2023-01,49,Premium,93.22,2,20,0
C01981,2024-05,7,Basic,26.55,2,38,0
C01982,2023-06,31,Standard,56.09,0,18,0
C01983,2023-12,7,Basic,28.56,0,9,0
C01984,2024-05,28,Basic,35.43,2,14,0
C01985,2023-04,8,Standard,50.94,3,22,0
C01986,2024-04,34,Basic,27.96,1,25,0
C01987,2024-06,46,Standard,58.06,4,16,0
C01988,2024-04,6,Standard,51.56,0,5,0
C01989,2023-10,19,Standard,56.38,1,34,0
C01990,2023-08,54,Standard,65.28,4,20,0
C01991,2023-07,19,Standard,57.31,0,15,0
C01992,2023-12,58,Standard,57.15,1,13,0
C01993,2023-04,44,Standard,60.5,1,21,0
C01994,2023-03,34,Premium,100.5,2,20,0
C01995,2023-04,26,Standard,54.47,1,16,0
C01996,2023-03,58,Basic,30.57,2,3,0
C01997,2023-07,13,Standard,63.55,1,14,0
C01998,2023-08,26,Basic,15.5,2,5,0
C01999,2023-09,47,Standard,51.78,0,18,0
C02000,2023-09,50,Premium,105.57,5,23,0
C02001,2024-01,52,Premium,94.7,1,9,0
C02002,2024-01,43,Premium,99.3,2,17,0
C02003,2023-05,33,Standard,59.46,3,11,0
C02004,2023-09,7,Basic,26.2,3,11,0
C02005,2023-05,15,Premium,106.99,1,20,1
C02006,2023-03,48,Basic,29.4,3,17,0
C02007,2024-01,2,Basic,29.43,1,1,0
C02008,2023-10,21,Basic,28.64,0,30,0
C02009,2024-05,7,Basic,25.01,1,16,0
C02010,2023-07,51,Standard,61.3,1,12,0
C02011,2024-05,32,Standard,58.86,4,25,0
C02012,2024-06,22,Premium,95.46,0,32,1
C02013,2024-02,49,Basic,33.34,1,30,0
C02014,2024-03,8,Standard,63.0,2,14,0
C02015,2024-03,25,Standard,59.51,3,26,1
C02016,2023-10,12,Premium,98.43,2,14,0
C02017,2024-02,11,Standard,60.56,3,13,1
C02018,2024-04,46,Standard,62.78,0,13,0
C02019,2024-04,37,Premium,89.94,2,7,0
C02020,2024-04,44,Premium,99.21,1,5,0
C02021,2024-05,55,Basic,38.63,3,6,1
C02022,2024-01,17,Standard,66.42,3,4,0
C02023,2023-11,23,Standard,60.71,1,7,0
C02024,2023-05,38,Basic,27.7,3,17,0
C02025,2023-01,23,Premium,99.63,0,2,0
C02026,2024-01,41,Standard,53.6,0,5,0
C02027,2024-02,23,Standard,62.07,0,9,0
C02028,2023-08,43,Basic,29.4,2,12,0
C02029,2023-03,20,Premium,103.32,2,16,0
C02030,2023-04,5,Standard,54.59,3,15,1
C02031,2023-11,2,Premium,99.17,2,12,1
C02032,2024-05,43,Standard,59.45,2,1,0
C02033,2024-04,18,Basic,30.8,2,25,0
C02034,2024-01,21,Standard,60.77,0,1,0
C02035,2023-04,7,Standard,49.08,2,12,0
C02036,2024-04,14,Standard,62.3,0,13,0
C02037,2023-11,49,Premium,99.21,1,36,0
C02038,2024-02,20,Standard,64.77,3,24,1
C02039,2024-06,41,Basic,17.02,1,9,0
C02040,2023-10,17,Basic,23.21,1,0,0
C02041,2023-03,26,Basic,28.81,2,21,0
C02042,2023-11,38,Basic,19.37,3,3,1
C02043,2024-04,37,Premium,98.14,0,7,0
C02044,2023-10,23,Basic,23.93,1,17,0
C02045,2024-06,20,Standard,64.7,3,5,0
C02046,2023-09,27,Standard,63.4,1,7,0
C02047,2024-06,30,Premium,97.63,3,19,1
C02048,2024-05,2,Premium,100.41,1,29,0
C02049,2023-07,37,Standard,54.46,1,19,0
C02050,2024-03,53,Premium,95.85,1,9,1
C02051,2024-02,41,Premium,104.42,2,14,0
C02052,2023-02,47,Premium,94.6,1,19,0
C02053,2023-05,24,Standard,49.94,1,6,0
C02054,2023-10,48,Premium,93.46,3,16,0
C02055,2023-03,27,Standard,59.19,2,21,0
C02056,2023-09,55,Standard,55.23,2,14,0
C02057,2023-09,42,Basic,33.38,3,17,0
C02058,2023-08,16,Standard,64.81,1,11,0
C02059,2023-08,13,Basic,20.88,2,25,0
C02060,2024-04,20,Standard,58.99,0,16,0
C02061,2023-02,28,Standard,65.81,3,15,1
C02062,2023-01,18,Basic,27.43,6,12,1
C02063,2024-06,52,Standard,70.03,2,15,0
C02064,2024-04,55,Basic,25.19,0,11,0
C02065,2023-11,4,Basic,32.06,1,2,0
C02066,2024-02,56,Basic,32.11,1,20,0
C02067,2023-03,43,Premium,96.47,2,16,0
C02068,2023-05,54,Premium,109.84,2,6,0
C02069,2024-05,37,Premium,103.61,0,11,0
C02070,2024-05,34,Premium,97.72,0,16,0
C02071,2023-08,57,Basic,26.84,2,32,0
C02072,2023-11,50,Standard,43.42,2,15,0
C02073,2023-08,48,Standard,63.57,2,7,0
C02074,2023-04,14,Basic,20.82,1,12,0
C02075,2024-02,18,Standard,62.58,3,42,0
C02076,2024-04,38,Basic,23.52,2,0,0
C02077,2023-11,45,Basic,34.61,1,16,0
C02078,2023-08,31,Premium,96.41,1,28,0
C02079,2023-12,57,Basic,17.92,1,13,0
C02080,2023-01,24,Standard,55.25,0,21,0
C02081,2023-02,58,Premium,99.86,1,19,0
C02082,2023-08,43,Basic,30.56,0,6,0
C02083,2023-12,25,Standard,71.3,1,21,0
C02084,2024-06,44,Basic,24.68,2,24,0
C02085,2024-01,55,Standard,68.21,1,15,1
C02086,2023-10,26,Standard,49.43,2,19,0
C02087,2023-10,53,Basic,33.02,3,32,1
C02088,2024-03,57,Basic,28.06,2,23,0
C02089,2024-02,57,Premium,99.64,1,10,0
C02090,2024-04,18,Basic,29.65,1,8,0
C02091,2024-02,27,Standard,66.24,5,20,0
C02092,2023-06,53,Basic,27.87,2,5,0
C02093,2023-12,33,Basic,29.33,0,28,0
C02094,2023-11,47,Premium,96.86,1,21,0
C02095,2023-06,2,Basic,32.94,3,18,0
C02096,2023-05,51,Premium,96.61,5,21,1
C02097,2023-10,13,Premium,97.31,3,24,0
C02098,2023-06,6,Basic,26.37,2,13,0
C02099,2023-05,46,Premium,101.92,1,25,0
C02100,2023-11,44,Standard,61.14,2,21,0
C02101,2023-05,56,Premium,92.05,0,14,0
C02102,2023-11,44,Premium,102.28,1,17,0
C02103,2024-02,13,Basic,33.39,4,17,0
C02104,2023-08,26,Standard,53.17,3,2,1
C02105,2023-08,2,Premium,96.68,1,6,0
C02106,2023-09,30,Basic,33.96,1,18,0
C02107,2024-01,11,Basic,42.27,1,24,0
C02108,2023-05,39,Standard,51.92,4,4,1
C02109,2023-04,24,Basic,33.63,2,16,1
C02110,2024-03,34,Standard,61.22,3,16,0
C02111,2023-08,32,Basic,28.45,2,20,0
C02112,2023-10,13,Standard,55.86,3,14,0
C02113,2024-02,25,Basic,26.11,1,17,0
C02114,2023-10,39,Basic,26.25,0,10,0
C02115,2023-06,13,Standard,61.24,1,17,0
C02116,2023-10,10,Basic,27.98,2,0,0
C02117,2024-03,16,Premium,90.1,1,10,0
C02118,2024-03,24,Premium,95.82,1,20,1
C02119,2023-11,31,Basic,29.79,3,16,0
C02120,2023-07,26,Premium,97.82,0,4,0
C02121,2023-09,46,Standard,67.85,2,24,0
C02122,2023-02,36,Basic,20.22,3,18,1
C02123,2023-12,16,Standard,54.57,0,10,0
C02124,2023-02,43,Premium,102.89,1,6,1
C02125,2024-01,33,Premium,100.69,1,20,0
C02126,2023-12,26,Premium,92.52,2,13,0
C02127,2023-02,58,Premium,102.02,1,26,0
C02128,2024-05,17,Basic,28.62,1,27,0
C02129,2023-05,22,Standard,61.39,1,10,0
C02130,2024-02,46,Premium,110.07,3,4,1
C02131,2023-02,8,Standard,68.56,2,4,0
C02132,2023-12,32,Standard,53.57,2,19,0
C02133,2023-09,19,Standard,58.43,1,10,0
C02134,2023-11,28,Basic,31.68,1,24,0
C02135,2024-06,32,Basic,41.53,2,11,0
C02136,2024-03,43,Premium,95.97,0,9,1
C02137,2023-08,10,Basic,34.24,1,8,0
C02138,2023-06,31,Standard,59.02,3,19,0
C02139,2024-04,28,Basic,24.36,2,25,1
C02140,2024-06,23,Premium,98.21,1,13,0
C02141,2023-05,32,Basic,35.12,0,9,1
C02142,2023-10,6,Basic,34.05,0,11,0
C02143,2024-05,11,Premium,97.72,2,10,0
C02144,2023-07,37,Premium,105.33,0,20,0
C02145,2023-06,1,Premium,101.6,3,21,0
C02146,2024-04,5,Basic,27.82,0,0,0
C02147,2023-01,57,Standard,59.3,0,30,0
C02148,2024-01,44,Basic,21.23,0,16,0
C02149,2023-11,60,Basic,22.35,4,9,1
C02150,2024-04,6,Standard,64.83,2,14,0
C02151,2023-01,18,Premium,103.64,1,16,0
C02152,2024-03,3,Premium,87.23,2,15,1
C02153,2023-05,47,Premium,107.83,0,18,0
C02154,2023-10,4,Premium,101.05,2,24,0
C02155,2023-03,4,Premium,94.66,1,15,0
C02156,2023-03,39,Standard,59.81,1,28,0
C02157,2024-01,12,Basic,35.3,2,29,1
C02158,2023-06,55,Basic,38.32,0,0,0
C02159,2023-05,26,Standard,58.1,0,19,0
C02160,2023-10,32,Standard,66.27,2,1,0
C02161,2023-12,39,Basic,33.23,0,10,0
C02162,2024-05,54,Standard,56.82,1,23,0
C02163,2024-04,29,Standard,57.08,3,8,0
C02164,2023-03,39,Standard,51.89,1,29,0
C02165,2023-06,52,Standard,56.7,0,19,0
C02166,2023-02,28,Basic,23.33,2,19,0
C02167,2023-08,30,Premium,98.94,1,7,0
C02168,2024-04,46,Basic,32.47,1,27,0
C02169,2023-03,42,Premium,95.05,2,20,0
C02170,2024-04,28,Basic,22.85,2,10,0
C02171,2023-10,9,Premium,106.58,1,24,0
C02172,2023-10,34,Standard,65.37,0,5,0
C02173,2023-02,36,Basic,25.4,0,20,0
C02174,2024-02,33,Standard,67.09,2,8,0
C02175,2023-09,43,Premium,90.07,2,38,0
C02176,2024-05,38,Basic,30.23,1,5,1
C02177,2024-03,48,Premium,101.81,1,13,1
C02178,2023-02,12,Standard,57.22,3,28,1
C02179,2023-10,57,Premium,102.98,2,28,0
C02180,2024-03,47,Standard,64.73,3,25,0
C02181,2023-06,17,Standard,62.11,1,13,0
C02182,2023-09,6,Premium,105.38,0,34,0
C02183,2024-06,7,Standard,50.56,0,21,1
C02184,2023-01,26,Basic,29.74,2,18,0
C02185,2024-01,31,Standard,69.19,2,16,0
C02186,2024-04,48,Premium,100.12,4,19,0
C02187,2023-12,53,Premium,98.83,2,22,0
C02188,2024-01,45,Premium,105.36,0,14,0
C02189,2023-05,6,Basic,36.96,3,10,1
C02190,2023-07,8,Basic,37.72,3,20,0
C02191,2023-05,14,Standard,58.44,1,11,0
C02192,2024-06,28,Premium,104.54,2,19,0
C02193,2023-05,20,Standard,63.81,0,21,0
C02194,2023-06,2,Basic,30.39,0,17,0
C02195,2024-03,48,Premium,99.59,1,0,0
C02196,2024-03,31,Basic,27.84,0,20,0
C02197,2024-01,13,Standard,60.46,1,0,1
C02198,2024-02,1,Basic,30.04,2,13,0
C02199,2024-06,55,Standard,66.36,2,21,0
C02200,2024-01,3,Standard,69.26,2,9,0
C02201,2024-04,38,Premium,97.2,1,0,0
C02202,2023-01,4,Premium,101.73,3,21,0
C02203,2023-03,21,Premium,105.73,0,8,0
C02204,2024-04,42,Standard,59.82,1,26,0
C02205,2023-12,40,Premium,93.06,0,19,0
C02206,2023-06,28,Basic,38.29,4,0,1
C02207,2023-12,13,Standard,55.06,2,20,0
C02208,2023-11,33,Basic,32.88,1,19,0
C02209,2024-03,55,Premium,101.08,1,19,1
C02210,2024-01,19,Premium,102.28,0,29,0
C02211,2023-12,54,Premium,102.15,4,12,0
C02212,2023-07,52,Basic,27.18,3,31,1
C02213,2024-04,48,Basic,21.04,2,25,1
C02214,2024-04,13,Basic,35.28,1,24,1
C02215,2023-10,27,Standard,61.48,1,20,0
C02216,2023-01,36,Basic,24.67,5,14,0
C02217,2023-06,17,Standard,60.56,1,15,0
C02218,2023-02,56,Premium,101.42,4,17,0
C02219,2023-04,22,Standard,52.85,2,22,0
C02220,2023-08,8,Premium,101.58,0,5,0
C02221,2023-02,22,Standard,62.66,1,10,0
C02222,2023-05,36,Standard,66.55,4,2,0
C02223,2023-04,56,Premium,98.65,0,12,0
C02224,2024-03,60,Standard,63.84,0,25,0
C02225,2023-04,49,Basic,26.5,2,20,0
C02226,2024-06,40,Basic,25.4,3,14,1
C02227,2023-04,7,Basic,37.56,2,9,0
C02228,2023-06,59,Standard,61.36,0,25,0
C02229,2024-05,46,Standard,53.21,3,18,0
C02230,2023-05,56,Basic,24.34,1,8,0
C02231,2023-04,22,Basic,22.53,2,12,0
C02232,2023-01,29,Standard,63.91,4,11,1
C02233,2023-11,52,Standard,63.13,1,12,0
C02234,2023-09,11,Basic,33.39,3,2,1
C02235,2023-12,49,Standard,55.58,0,11,0
C02236,2024-05,16,Basic,24.12,0,16,0
C02237,2024-02,15,Basic,23.66,3,7,0
C02238,2024-05,27,Standard,55.31,2,0,0
C02239,2024-03,24,Basic,37.42,0,18,1
C02240,2024-05,1,Premium,98.88,0,12,0
C02241,2023-11,6,Standard,53.41,1,20,0
C02242,2024-02,50,Basic,23.98,0,16,1
C02243,2023-05,49,Basic,31.19,0,8,0
C02244,2024-05,4,Premium,99.11,4,7,0
C02245,2024-06,27,Standard,48.55,3,9,0
C02246,2023-11,47,Premium,96.14,0,0,0
C02247,2024-05,1,Standard,58.0,2,16,0
C02248,2024-01,10,Premium,89.93,0,20,0
C02249,2024-03,14,Premium,97.59,1,23,0
C02250,2024-01,57,Premium,103.77,3,12,0
C02251,2023-03,57,Standard,60.28,1,13,1
C02252,2023-05,22,Standard,62.34,1,2,0
C02253,2023-07,35,Standard,61.67,3,26,1
C02254,2024-05,36,Standard,63.09,2,7,0
C02255,2023-01,41,Basic,32.68,2,9,1
C02256,2023-09,51,Premium,97.87,1,28,0
C02257,2024-02,50,Standard,66.62,2,11,0
C02258,2023-02,8,Premium,95.97,3,14,0
C02259,2024-05,17,Premium,101.37,2,6,0
C02260,2023-04,4,Premium,102.83,1,23,0
C02261,2023-01,37,Premium,98.22,3,5,0
C02262,2024-06,16,Premium,100.71,1,4,0
C02263,2023-10,15,Standard,57.93,0,7,0
C02264,2023-05,51,Premium,98.09,2,8,0
C02265,2023-08,34,Premium,99.94,1,27,0
C02266,2023-07,34,Premium,99.24,2,20,0
C02267,2023-04,24,Standard,52.07,4,14,1
C02268,2023-03,28,Standard,62.87,2,14,0
C02269,2024-04,28,Basic,21.48,1,16,0
C02270,2024-05,5,Standard,57.59,1,14,0
C02271,2024-01,36,Premium,97.65,2,15,0
C02272,2024-02,38,Standard,50.28,2,9,0
C02273,2024-02,45,Standard,60.06,2,9,0
C02274,2023-05,10,Premium,101.0,0,8,0
C02275,2024-05,30,Basic,37.76,0,10,0
C02276,2023-07,8,Premium,106.46,2,20,0
C02277,2023-06,3,Premium,104.43,1,0,0
C02278,2024-02,24,Basic,20.51,2,6,1
C02279,2023-10,24,Premium,98.29,2,17,1
C02280,2023-12,10,Basic,25.74,1,15,0
C02281,2023-10,24,Standard,60.7,1,20,0
C02282,2023-05,51,Basic,26.72,1,7,0
C02283,2023-10,27,Basic,34.33,2,17,0
C02284,2024-04,14,Basic,24.05,3,12,1
C02285,2023-03,36,Standard,66.66,0,18,0
C02286,2023-10,27,Standard,59.99,2,24,0
C02287,2024-01,58,Standard,64.31,3,12,0
C02288,2023-05,47,Premium,98.58,1,26,0
C02289,2024-03,33,Premium,102.41,2,15,0
C02290,2023-05,43,Standard,63.17,3,19,0
C02291,2024-02,21,Basic,28.33,2,15,0
C02292,2023-11,58,Standard,58.03,1,23,0
C02293,2023-09,43,Standard,58.99,0,13,0
C02294,2023-01,56,Basic,24.88,1,22,0
C02295,2023-10,51,Premium,103.7,0,9,0
C02296,2024-06,8,Premium,102.29,2,16,0
C02297,2023-02,40,Premium,101.22,3,12,0
C02298,2024-04,34,Basic,27.48,2,30,0
C02299,2024-06,2,Basic,30.36,1,17,1
C02300,2023-07,2,Standard,62.16,4,5,1
C02301,2024-03,46,Premium,95.99,0,24,1
C02302,2023-11,35,Premium,98.52,1,11,0
C02303,2023-01,3,Standard,58.14,1,14,0
C02304,2023-01,12,Standard,50.45,0,18,0
C02305,2023-09,21,Standard,48.31,5,13,1
C02306,2023-06,7,Premium,106.29,2,2,0
C02307,2023-03,12,Standard,67.32,1,11,0
C02308,2023-06,27,Premium,93.4,0,1,1
C02309,2023-01,21,Basic,26.51,1,23,0
C02310,2023-04,20,Standard,61.69,2,16,0
C02311,2023-09,27,Standard,65.07,2,19,0
C02312,2023-02,53,Basic,31.55,0,22,0
C02313,2023-08,49,Premium,94.5,1,11,0
C02314,2024-01,49,Premium,103.69,1,2,0
C02315,2023-11,18,Basic,26.54,1,9,0
C02316,2024-04,27,Basic,28.74,0,20,1
C02317,2023-01,41,Basic,24.53,1,24,0
C02318,2023-04,38,Premium,106.34,2,18,0
C02319,2023-05,36,Premium,102.91,1,14,0
C02320,2023-03,27,Standard,58.93,0,6,0
C02321,2023-05,33,Basic,24.3,4,11,0
C02322,2024-06,11,Basic,24.97,0,28,0
C02323,2024-03,59,Premium,95.36,1,13,1
C02324,2023-10,53,Standard,55.35,3,12,0
C02325,2023-02,11,Basic,22.59,1,12,0
C02326,2023-09,31,Standard,60.55,0,10,0
C02327,2023-07,25,Standard,57.77,2,0,0
C02328,2023-02,33,Standard,65.74,1,22,0
C02329,2023-03,35,Premium,89.94,2,10,0
C02330,2023-04,26,Premium,96.69,3,12,0
C02331,2023-09,47,Premium,99.99,4,0,0
C02332,2024-05,14,Premium,99.81,1,7,0
C02333,2023-11,21,Premium,92.28,0,20,0
C02334,2024-03,49,Premium,95.2,2,9,1
C02335,2023-11,43,Standard,64.67,1,16,0
C02336,2023-01,39,Standard,67.63,4,18,0
C02337,2023-01,9,Premium,108.62,1,7,0
C02338,2023-06,1,Basic,34.39,1,14,0
C02339,2024-04,58,Premium,97.58,0,7,0
C02340,2023-03,35,Basic,22.24,2,3,0
C02341,2024-03,58,Premium,96.76,1,11,0
C02342,2023-12,23,Standard,51.77,2,17,0
C02343,2023-01,54,Premium,95.08,2,30,0
C02344,2024-03,24,Basic,31.55,0,13,1
C02345,2023-09,48,Basic,28.71,4,10,0
C02346,2023-07,46,Standard,65.98,0,18,0
C02347,2023-10,40,Premium,103.64,2,16,0
C02348,2024-04,15,Basic,32.05,3,12,0
C02349,2024-04,3,Standard,48.19,3,18,0
C02350,2023-07,46,Premium,97.02,0,17,1
C02351,2024-01,53,Premium,99.23,3,13,1
C02352,2024-05,18,Premium,104.61,3,18,0
C02353,2023-06,36,Basic,28.85,0,24,1
C02354,2023-03,9,Premium,96.05,1,17,0
C02355,2023-08,60,Premium,88.68,1,24,0
C02356,2023-07,47,Standard,58.99,1,6,0
C02357,2024-06,2,Premium,95.38,0,17,0
C02358,2024-03,44,Premium,107.43,3,9,1
C02359,2023-02,28,Premium,92.57,5,18,0
C02360,2024-02,21,Standard,60.69,1,17,0
C02361,2024-03,44,Premium,98.86,1,11,0
C02362,2023-08,34,Basic,25.09,0,15,1
C02363,2024-06,59,Standard,53.01,2,11,0
C02364,2023-07,1,Standard,54.53,0,14,0
C02365,2023-01,57,Premium,101.79,3,11,0
C02366,2024-02,15,Premium,107.67,1,18,0
C02367,2023-07,59,Basic,29.54,5,13,1
C02368,2023-04,20,Basic,24.11,2,10,1
C02369,2023-11,28,Basic,27.66,1,11,0
C02370,2024-04,16,Basic,24.06,1,2,1
C02371,2023-11,22,Basic,28.19,2,23,0
C02372,2024-03,16,Basic,24.14,2,15,0
C02373,2023-04,41,Standard,61.6,1,10,0
C02374,2024-01,4,Basic,30.89,1,13,0
C02375,2023-03,55,Premium,98.37,3,13,0
C02376,2023-02,4,Standard,58.26,5,23,1
C02377,2023-03,41,Standard,55.72,1,16,0
C02378,2023-02,4,Premium,98.19,3,9,1
C02379,2023-04,25,Standard,50.64,1,31,0
C02380,2023-01,27,Basic,34.99,3,8,0
C02381,2023-04,30,Standard,59.94,0,24,0
C02382,2024-03,44,Basic,21.54,3,25,1
C02383,2023-04,38,Basic,30.05,1,14,1
C02384,2023-03,39,Premium,94.37,3,5,0
C02385,2023-05,54,Basic,27.66,0,25,0
C02386,2024-02,17,Standard,61.97,4,15,0
C02387,2023-06,40,Standard,56.98,1,21,0
C02388,2023-02,52,Basic,33.9,0,13,1
C02389,2024-05,38,Standard,56.91,3,15,0
C02390,2023-10,49,Standard,63.35,2,3,0
C02391,2023-05,35,Basic,24.39,0,8,0
C02392,2023-10,39,Standard,60.75,0,23,0
C02393,2023-05,1,Premium,99.88,2,13,1
C02394,2023-02,33,Premium,95.78,2,22,0
C02395,2023-07,13,Basic,22.55,0,12,0
C02396,2024-04,22,Basic,24.21,2,22,0
C02397,2023-11,30,Premium,106.04,2,13,0
C02398,2023-10,37,Standard,70.22,3,6,0
C02399,2024-03,11,Basic,40.4,1,9,0
C02400,2024-04,59,Basic,35.11,1,9,0
C02401,2023-08,1,Premium,100.54,2,23,0
C02402,2023-07,30,Premium,109.78,0,11,0
C02403,2024-01,48,Standard,56.78,1,2,0
C02404,2023-12,12,Basic,33.66,1,28,1
C02405,2024-06,23,Basic,28.08,0,9,1
C02406,2023-07,19,Standard,66.33,1,3,0
C02407,2023-02,59,Standard,64.75,3,2,0
C02408,2023-10,13,Basic,33.38,0,12,0
C02409,2023-06,57,Standard,58.19,2,15,0
C02410,2023-06,36,Basic,31.85,2,12,0
C02411,2023-04,12,Standard,64.0,2,23,1
C02412,2024-01,44,Basic,21.87,2,18,0
C02413,2023-11,57,Basic,35.83,0,13,0
C02414,2023-08,20,Standard,64.08,2,5,0
C02415,2023-06,24,Premium,89.87,1,23,0
C02416,2024-02,52,Premium,100.3,3,15,0
C02417,2023-05,5,Basic,25.7,1,17,0
C02418,2023-07,9,Basic,36.48,1,14,0
C02419,2023-11,45,Standard,59.5,1,8,0
C02420,2023-02,41,Basic,28.31,4,3,0
C02421,2024-06,38,Basic,34.62,3,20,1
C02422,2023-08,10,Standard,62.03,3,0,1
C02423,2023-05,51,Standard,57.28,2,16,0
C02424,2023-07,38,Standard,65.43,0,2,0
C02425,2023-03,51,Standard,59.94,1,18,0
C02426,2024-05,25,Premium,102.13,2,26,0
C02427,2023-06,34,Standard,50.66,2,9,0
C02428,2024-04,24,Premium,89.59,2,2,0
C02429,2023-09,32,Standard,58.89,1,22,0
C02430,2023-02,41,Premium,101.81,1,13,0
C02431,2024-03,58,Basic,32.74,1,16,0
C02432,2023-10,26,Basic,32.87,2,26,0
C02433,2023-06,25,Premium,93.77,1,20,0
C02434,2024-06,24,Standard,61.27,0,14,0
C02435,2023-10,49,Basic,22.4,2,18,0
C02436,2023-02,23,Basic,29.52,3,15,0
C02437,2024-02,40,Standard,59.01,1,3,0
C02438,2023-12,28,Standard,52.61,2,24,0
C02439,2024-01,21,Standard,56.99,1,17,1
C02440,2023-09,29,Basic,31.79,1,6,0
C02441,2023-10,23,Basic,31.14,0,0,0
C02442,2023-03,33,Premium,101.86,0,20,0
C02443,2023-04,60,Basic,36.61,1,13,1
C02444,2024-06,24,Basic,29.65,0,10,0
C02445,2023-11,13,Premium,96.71,2,23,0
C02446,2023-09,48,Premium,90.78,2,4,0
C02447,2024-06,39,Basic,29.74,2,12,0
C02448,2023-10,1,Standard,59.14,2,37,0
C02449,2024-01,51,Standard,57.49,2,27,0
C02450,2023-01,49,Premium,99.86,3,18,0
C02451,2024-01,33,Basic,29.62,1,5,0
C02452,2023-07,47,Premium,86.64,2,21,0
C02453,2024-06,34,Premium,103.11,0,17,0
C02454,2023-11,47,Standard,66.14,2,17,0
C02455,2024-02,21,Basic,28.42,3,5,0
C02456,2023-07,45,Standard,63.11,1,4,0
C02457,2023-01,55,Premium,99.79,2,22,0
C02458,2023-10,37,Basic,23.94,1,10,0
C02459,2023-12,1,Standard,62.78,1,16,0
C02460,2024-01,27,Standard,59.02,2,13,0
C02461,2023-10,45,Premium,100.48,0,18,0
C02462,2023-02,2,Premium,96.13,0,22,0
C02463,2024-01,10,Standard,58.12,1,2,0
C02464,2023-03,14,Standard,61.61,3,9,0
C02465,2023-04,13,Standard,56.72,3,12,0
C02466,2023-10,29,Premium,94.01,2,5,0
C02467,2024-06,7,Premium,91.92,0,8,0
C02468,2024-04,53,Premium,100.34,0,17,1
C02469,2024-01,13,Basic,29.41,0,13,0
C02470,2024-05,15,Standard,55.8,1,13,0
C02471,2024-05,4,Standard,56.15,1,19,1
C02472,2024-01,21,Standard,61.78,3,31,1
C02473,2024-06,8,Basic,31.65,4,6,0
C02474,2024-01,48,Basic,26.98,1,21,0
C02475,2023-05,56,Basic,36.29,1,15,0
C02476,2024-04,20,Standard,58.81,1,17,0
C02477,2023-07,37,Standard,61.15,1,22,0
C02478,2023-09,44,Standard,58.11,0,15,0
C02479,2023-03,10,Standard,53.0,0,18,0
C02480,2024-05,39,Basic,26.72,1,16,0
C02481,2024-03,37,Standard,68.04,1,22,0
C02482,2023-03,3,Premium,102.14,0,14,0
C02483,2023-12,57,Standard,56.78,4,12,0
C02484,2024-01,46,Standard,56.94,2,9,0
C02485,2024-02,52,Basic,34.31,3,26,1
C02486,2024-02,58,Premium,102.27,2,17,0
C02487,2023-06,59,Premium,99.6,0,9,0
C02488,2023-02,7,Standard,50.41,0,23,0
C02489,2023-09,56,Basic,17.79,0,21,0
C02490,2023-03,35,Standard,62.44,0,19,0
C02491,2024-04,47,Basic,24.84,5,9,0
C02492,2023-04,49,Premium,95.21,0,13,0
C02493,2024-05,5,Basic,26.16,2,29,0
C02494,2024-03,21,Standard,46.61,2,0,1
C02495,2023-02,14,Premium,103.34,2,16,0
C02496,2024-03,5,Premium,101.36,1,12,1
C02497,2023-07,48,Standard,65.88,2,21,0
C02498,2023-04,1,Standard,53.65,2,8,0
C02499,2024-03,9,Standard,58.64,0,28,0
C02500,2024-06,5,Basic,29.32,1,9,0
C02501,2023-05,46,Standard,63.23,2,19,0
C02502,2023-06,18,Basic,34.56,2,21,0
C02503,2023-06,39,Basic,26.77,3,10,1
C02504,2024-01,35,Premium,97.14,1,0,0
C02505,2023-09,43,Basic,36.17,1,16,0
C02506,2023-07,23,Basic,34.97,1,25,0
C02507,2024-06,58,Premium,101.48,1,20,0
C02508,2024-05,45,Basic,26.01,2,15,0
C02509,2023-04,46,Premium,102.91,1,21,0
C02510,2023-02,20,Standard,55.98,0,26,0
C02511,2023-07,4,Standard,63.11,1,15,0
C02512,2023-07,24,Basic,25.43,3,29,1
C02513,2023-01,27,Basic,32.83,0,26,0
C02514,2023-03,13,Premium,98.82,1,5,0
C02515,2023-06,57,Basic,25.5,1,18,0
C02516,2024-05,3,Standard,57.98,1,26,1
C02517,2024-06,21,Standard,61.41,1,7,0
C02518,2024-06,40,Basic,33.34,0,22,0
C02519,2023-08,28,Basic,24.86,6,15,1
C02520,2023-06,23,Standard,53.93,1,9,1
C02521,2023-01,42,Standard,56.3,1,9,0
C02522,2023-03,30,Basic,32.73,3,16,0
C02523,2023-12,18,Premium,97.27,1,13,1
C02524,2024-02,57,Basic,27.55,0,14,0
C02525,2023-04,39,Standard,63.94,2,18,0
C02526,2023-06,51,Premium,94.55,2,11,0
C02527,2023-11,7,Premium,100.37,2,27,0
C02528,2023-05,45,Standard,65.8,1,7,0
C02529,2023-11,41,Premium,96.07,1,0,0
C02530,2023-03,43,Standard,59.24,3,15,0
C02531,2024-03,39,Premium,100.39,1,1,1
C02532,2023-08,41,Premium,98.84,1,17,0
C02533,2023-08,46,Basic,31.45,4,10,1
C02534,2023-10,49,Basic,25.52,1,29,0
C02535,2023-03,28,Basic,27.59,2,15,1
C02536,2023-10,24,Standard,57.93,1,0,0
C02537,2023-02,25,Basic,20.81,0,20,0
C02538,2024-03,47,Premium,101.36,0,0,0
C02539,2023-09,22,Basic,23.3,2,16,0
C02540,2024-05,51,Basic,24.72,1,12,0
C02541,2023-10,27,Premium,93.03,1,0,0
C02542,2023-11,15,Premium,98.11,0,21,0
C02543,2023-02,14,Premium,102.46,2,11,0
C02544,2023-08,43,Basic,20.34,2,11,0
C02545,2023-11,25,Premium,91.29,2,15,0
C02546,2023-03,41,Basic,23.51,3,10,0
C02547,2023-02,5,Basic,30.42,1,14,0
C02548,2023-05,10,Basic,36.6,1,15,1
C02549,2023-07,38,Premium,107.85,3,22,1
C02550,2024-03,6,Standard,58.61,3,19,1
C02551,2023-08,47,Basic,32.68,2,19,0
C02552,2023-10,39,Basic,27.78,3,9,1
C02553,2023-07,29,Premium,92.64,2,15,0
C02554,2023-03,51,Standard,64.39,1,14,0
C02555,2024-01,24,Standard,57.33,0,19,0
C02556,2024-05,29,Standard,66.27,6,30,0
C02557,2024-04,28,Basic,29.0,2,24,1
C02558,2023-03,25,Standard,64.46,0,15,0
C02559,2024-06,59,Standard,62.35,1,14,0
C02560,2023-09,47,Basic,33.48,3,0,1
C02561,2023-10,20,Standard,48.69,3,18,0
C02562,2023-03,39,Standard,56.34,1,8,0
C02563,2023-07,46,Standard,54.53,1,6,0
C02564,2023-01,13,Basic,34.81,1,13,0
C02565,2023-12,47,Premium,107.43,4,9,0
C02566,2024-01,60,Standard,56.89,2,3,0
C02567,2024-04,24,Standard,63.0,3,15,0
C02568,2024-02,38,Basic,31.64,0,8,0
C02569,2024-01,59,Basic,24.46,4,15,0
C02570,2024-02,11,Basic,26.82,2,14,0
C02571,2023-12,50,Premium,97.7,3,8,0
C02572,2023-12,32,Premium,100.32,2,4,0
C02573,2024-02,42,Standard,59.59,2,18,0
C02574,2023-02,16,Standard,59.3,4,17,0
C02575,2023-01,24,Premium,96.07,1,8,0
C02576,2023-09,42,Basic,24.6,0,13,0
C02577,2023-09,44,Basic,31.13,3,30,1
C02578,2023-06,38,Premium,101.16,3,16,1
C02579,2024-01,50,Basic,30.72,2,15,0
C02580,2024-05,38,Basic,29.5,1,10,0
C02581,2023-06,57,Standard,56.17,2,21,0
C02582,2023-10,17,Premium,98.68,2,16,0
C02583,2024-01,35,Premium,100.26,2,19,0
C02584,2023-03,47,Standard,62.14,5,15,1
C02585,2023-05,37,Standard,58.69,1,4,0
C02586,2024-01,14,Premium,92.7,1,11,0
C02587,2024-04,1,Basic,28.22,1,11,1
C02588,2024-02,5,Premium,94.21,3,9,0
C02589,2024-02,42,Standard,56.45,1,10,0
C02590,2023-05,24,Basic,38.91,1,2,1
C02591,2023-04,12,Premium,101.85,0,15,0
C02592,2023-06,53,Basic,27.19,0,15,0
C02593,2023-07,48,Basic,24.28,0,15,0
C02594,2024-03,58,Standard,60.23,1,5,0
C02595,2023-06,40,Basic,23.92,2,19,1
C02596,2023-04,6,Standard,55.02,0,3,0
C02597,2023-08,22,Basic,30.65,4,10,0
C02598,2023-01,44,Basic,22.78,0,9,1
C02599,2023-02,49,Basic,28.14,1,13,1
C02600,2024-01,34,Basic,40.75,1,22,0
C02601,2024-04,49,Standard,57.32,1,13,0
C02602,2024-02,22,Premium,108.06,2,19,0
C02603,2023-11,44,Standard,56.77,3,19,0
C02604,2024-01,24,Premium,94.5,0,14,0
C02605,2023-11,4,Standard,58.68,2,14,0
C02606,2024-01,1,Standard,55.86,4,13,0
C02607,2023-01,57,Basic,23.65,0,10,0
C02608,2023-09,56,Premium,113.59,4,18,0
C02609,2023-12,49,Basic,29.07,1,14,0
C02610,2024-04,44,Premium,98.8,1,10,0
C02611,2023-01,43,Basic,26.89,4,23,0
C02612,2023-01,53,Standard,56.61,1,3,0
C02613,2023-11,56,Basic,35.21,0,12,0
C02614,2024-04,15,Premium,101.43,1,16,0
C02615,2023-12,40,Basic,27.3,0,13,0
C02616,2023-04,60,Standard,64.27,2,22,0
C02617,2023-07,19,Premium,96.34,2,36,0
C02618,2024-05,56,Premium,94.24,1,9,1
C02619,2023-10,32,Basic,27.52,0,14,0
C02620,2023-06,36,Standard,54.9,4,24,0
C02621,2024-06,8,Standard,58.11,1,16,0
C02622,2023-03,14,Basic,36.84,1,20,1
C02623,2023-06,46,Basic,25.42,2,28,0
C02624,2023-09,21,Standard,52.31,3,19,1
C02625,2024-04,17,Premium,94.07,1,8,0
C02626,2023-05,43,Basic,23.56,3,9,0
C02627,2024-04,41,Premium,91.56,3,15,1
C02628,2023-08,45,Standard,62.89,2,15,0
C02629,2023-03,50,Premium,92.28,2,13,0
C02630,2024-01,25,Premium,98.52,3,3,0
C02631,2024-02,51,Premium,91.2,1,31,0
C02632,2023-04,15,Standard,49.54,2,14,0
C02633,2023-11,8,Basic,29.52,4,0,0
C02634,2023-04,60,Basic,20.89,1,5,0
C02635,2024-01,9,Standard,64.49,2,5,0
C02636,2023-02,1,Standard,57.46,2,4,0
C02637,2024-02,13,Standard,60.77,0,22,0
C02638,2023-05,24,Premium,93.8,1,8,0
C02639,2023-08,39,Premium,91.63,1,6,0
C02640,2024-03,1,Premium,100.77,2,18,1
C02641,2023-08,53,Standard,59.19,4,13,0
C02642,2023-10,30,Basic,27.99,0,16,1
C02643,2023-02,43,Premium,96.6,1,28,0
C02644,2023-04,20,Premium,92.96,1,18,0
C02645,2024-04,55,Premium,98.07,1,11,0
C02646,2023-10,14,Standard,53.56,0,37,0
C02647,2023-11,25,Basic,22.95,1,26,0
C02648,2023-08,46,Basic,35.36,1,4,0
C02649,2024-04,4,Basic,24.97,4,14,0
C02650,2023-06,20,Premium,101.5,3,22,0
C02651,2023-11,36,Standard,54.72,0,5,0
C02652,2024-01,31,Standard,58.19,1,17,0
C02653,2023-10,34,Premium,98.49,3,17,0
C02654,2024-06,60,Basic,30.66,1,16,0
C02655,2023-02,9,Standard,57.72,2,22,0
C02656,2024-03,46,Standard,61.29,1,25,0
C02657,2024-03,37,Basic,34.99,0,12,0
C02658,2023-07,19,Basic,26.57,3,6,1
C02659,2023-01,48,Basic,26.7,1,19,0
C02660,2023-04,55,Premium,91.61,1,19,0
C02661,2024-01,55,Basic,25.57,2,29,0
C02662,2023-06,28,Premium,95.06,4,16,0
C02663,2024-04,7,Standard,64.61,0,13,0
C02664,2024-05,4,Basic,27.06,3,1,0
C02665,2023-05,38,Standard,66.17,1,7,0
C02666,2023-02,26,Basic,36.02,1,16,1
C02667,2023-10,26,Standard,62.39,2,14,0
C02668,2024-01,12,Premium,90.93,2,34,0
C02669,2023-03,51,Premium,91.61,0,10,0
C02670,2024-01,56,Premium,99.91,2,23,0
C02671,2023-12,42,Standard,54.84,2,15,1
C02672,2023-04,8,Basic,27.13,1,0,0
C02673,2023-08,43,Premium,101.44,1,18,1
C02674,2024-04,37,Premium,97.81,2,17,0
C02675,2023-06,48,Basic,31.61,1,0,0
C02676,2024-02,42,Premium,96.89,0,25,0
C02677,2023-11,9,Basic,27.49,1,16,1
C02678,2023-06,59,Premium,104.89,2,1,0
C02679,2024-01,45,Basic,27.77,2,2,0
C02680,2024-04,35,Premium,111.59,2,29,0
C02681,2024-06,54,Premium,99.13,0,15,0
C02682,2023-04,51,Premium,97.47,2,11,0
C02683,2023-04,14,Premium,96.82,3,3,1
C02684,2023-06,39,Premium,91.15,0,17,1
C02685,2023-04,29,Standard,58.36,1,3,1
C02686,2023-06,37,Basic,27.23,1,6,1
C02687,2023-03,17,Basic,36.67,2,0,0
C02688,2023-12,33,Standard,67.39,0,14,0
C02689,2023-01,11,Standard,57.46,0,14,0
C02690,2023-10,3,Premium,89.53,3,13,0
C02691,2024-04,29,Basic,26.1,2,14,0
C02692,2024-06,34,Standard,65.27,3,25,0
C02693,2023-02,45,Basic,29.67,2,30,0
C02694,2023-10,13,Basic,35.19,3,27,0
C02695,2024-06,14,Basic,21.14,0,12,0
C02696,2023-05,23,Standard,69.3,2,25,0
C02697,2024-06,28,Basic,25.29,2,21,0
C02698,2023-06,25,Premium,98.23,2,23,0
C02699,2024-02,6,Standard,57.71,2,11,0
C02700,2023-07,10,Premium,98.41,3,22,1
C02701,2023-07,47,Standard,66.38,0,15,0
C02702,2024-05,37,Premium,100.45,2,15,0
C02703,2023-11,27,Basic,31.14,0,6,0
C02704,2023-01,28,Standard,58.5,1,16,0
C02705,2023-09,16,Basic,29.48,2,16,1
C02706,2024-06,8,Premium,99.74,2,7,0
C02707,2023-03,22,Premium,93.42,1,12,0
C02708,2023-05,22,Standard,56.24,2,10,0
C02709,2023-01,15,Standard,58.64,1,8,0
C02710,2023-04,15,Standard,56.41,0,19,0
C02711,2024-05,8,Basic,22.6,3,6,0
C02712,2024-04,20,Premium,97.09,2,13,0
C02713,2023-10,23,Premium,104.81,0,22,0
C02714,2023-02,39,Basic,27.98,1,11,0
C02715,2023-06,49,Standard,60.6,2,4,0
C02716,2024-06,48,Premium,97.42,1,14,0
C02717,2024-04,57,Standard,54.64,2,14,0
C02718,2024-05,17,Basic,35.49,4,17,0
C02719,2023-05,43,Basic,35.99,2,17,0
C02720,2023-02,48,Standard,52.31,1,7,0
C02721,2023-08,41,Standard,56.59,2,16,0
C02722,2024-03,27,Premium,102.53,7,4,1
C02723,2024-05,23,Standard,66.13,0,13,0
C02724,2023-08,28,Premium,91.45,1,9,0
C02725,2023-10,55,Basic,24.37,1,10,0
C02726,2023-03,21,Basic,28.59,1,1,1
C02727,2023-06,16,Basic,26.28,3,9,0
C02728,2023-10,6,Premium,95.0,0,14,0
C02729,2024-02,32,Basic,17.1,0,9,0
C02730,2023-05,60,Premium,107.13,4,4,0
C02731,2024-06,33,Premium,89.98,0,15,0
C02732,2023-07,26,Basic,23.77,2,13,0
C02733,2024-02,48,Basic,30.24,0,15,0
C02734,2023-08,48,Standard,62.43,0,11,0
C02735,2023-02,43,Premium,99.34,1,23,0
C02736,2024-05,11,Premium,93.75,4,6,0
C02737,2023-12,12,Basic,25.22,2,32,0
C02738,2023-02,33,Standard,57.79,0,22,0
C02739,2023-12,25,Basic,18.23,3,16,0
C02740,2023-08,22,Premium,95.26,2,17,0
C02741,2023-10,55,Basic,34.47,3,21,1
C02742,2023-07,19,Standard,63.01,0,28,1
C02743,2024-01,41,Premium,102.76,3,10,1
C02744,2024-05,20,Premium,96.97,1,19,0
C02745,2024-04,3,Standard,63.72,3,16,1
C02746,2024-03,1,Premium,98.51,0,21,1
C02747,2023-01,23,Basic,29.91,0,6,0
C02748,2024-01,47,Basic,30.63,2,24,0
C02749,2024-04,7,Standard,59.25,0,16,0
C02750,2023-05,34,Premium,104.55,2,21,0
C02751,2023-01,59,Standard,56.56,0,12,0
C02752,2023-08,43,Standard,60.03,0,13,0
C02753,2023-12,24,Standard,64.53,7,0,0
C02754,2023-09,12,Premium,107.48,1,5,0
C02755,2024-03,29,Premium,102.51,0,16,1
C02756,2024-02,23,Premium,102.82,4,22,1
C02757,2023-07,57,Premium,106.76,2,17,0
C02758,2023-05,19,Basic,20.66,0,22,0
C02759,2023-02,48,Standard,57.84,1,13,0
C02760,2023-09,13,Standard,55.83,0,12,0
C02761,2024-04,32,Premium,99.82,0,9,0
C02762,2023-11,46,Basic,33.71,2,12,0
C02763,2024-05,50,Standard,66.28,0,10,0
C02764,2023-05,48,Standard,60.27,3,9,1
C02765,2023-05,7,Basic,29.09,3,35,1
C02766,2023-08,33,Basic,25.25,0,21,1
C02767,2024-02,54,Standard,56.14,1,21,0
C02768,2024-02,48,Basic,20.05,1,23,0
C02769,2023-03,19,Standard,65.36,1,12,0
C02770,2023-05,16,Premium,106.37,1,18,0
C02771,2023-09,12,Basic,23.42,0,15,0
C02772,2023-08,56,Standard,60.89,0,6,0
C02773,2024-04,28,Basic,26.24,0,6,0
C02774,2024-05,52,Basic,36.79,1,6,0
C02775,2023-05,13,Premium,98.86,5,24,1
C02776,2023-02,9,Standard,67.12,3,13,0
C02777,2024-02,13,Basic,30.14,0,3,1
C02778,2023-02,13,Basic,31.81,0,13,0
C02779,2023-08,34,Standard,65.1,0,28,0
C02780,2023-02,28,Standard,62.39,0,0,0
C02781,2023-10,42,Basic,25.99,2,10,1
C02782,2023-12,24,Standard,59.16,2,11,0
C02783,2023-02,16,Standard,61.44,5,28,1
C02784,2023-11,1,Basic,34.01,1,9,1
C02785,2023-04,31,Standard,62.62,0,10,0
C02786,2023-12,17,Standard,60.81,0,24,0
C02787,2023-01,8,Basic,20.14,1,17,0
C02788,2023-11,50,Basic,29.3,2,13,0
C02789,2024-05,52,Standard,64.93,1,22,0
C02790,2023-09,16,Premium,92.61,0,22,0
C02791,2023-04,25,Basic,21.39,2,0,1
C02792,2023-04,48,Premium,96.99,2,13,1
C02793,2023-07,59,Premium,100.67,2,29,0
C02794,2023-03,29,Basic,22.65,0,22,0
C02795,2023-10,40,Standard,61.06,2,6,0
C02796,2024-06,49,Basic,32.31,3,19,0
C02797,2023-07,3,Basic,27.19,2,16,0
C02798,2024-06,46,Standard,58.39,2,16,0
C02799,2024-03,58,Standard,64.02,3,19,0
C02800,2023-03,8,Standard,58.2,0,12,0
C02801,2023-01,34,Premium,102.79,1,12,0
C02802,2023-05,18,Premium,91.85,2,0,0
C02803,2023-07,37,Basic,25.68,2,14,0
C02804,2024-06,26,Standard,62.91,3,22,0
C02805,2024-03,5,Basic,31.49,4,18,0
C02806,2024-01,25,Premium,102.21,1,11,0
C02807,2023-06,18,Basic,28.62,3,1,1
C02808,2023-01,37,Basic,42.57,1,27,0
C02809,2024-03,51,Premium,100.51,0,10,0
C02810,2023-09,47,Premium,99.38,0,0,0
C02811,2023-09,15,Standard,59.82,3,16,0
C02812,2023-02,11,Basic,35.49,2,14,0
C02813,2023-05,19,Basic,28.34,4,8,0
C02814,2023-09,18,Basic,27.48,1,19,0
C02815,2023-08,4,Premium,96.7,0,6,0
C02816,2023-04,14,Premium,96.2,2,10,1
C02817,2023-12,23,Premium,100.4,2,21,0
C02818,2023-09,46,Premium,96.73,2,16,0
C02819,2023-10,27,Premium,102.54,1,21,0
C02820,2023-01,4,Premium,108.45,0,15,0
C02821,2023-09,15,Premium,95.7,0,16,0
C02822,2023-04,2,Premium,109.68,0,12,0
C02823,2023-09,45,Standard,56.38,1,10,0
C02824,2024-06,41,Premium,107.21,3,6,1
C02825,2023-11,29,Basic,29.27,3,13,1
C02826,2024-01,38,Premium,91.77,0,7,0
C02827,2024-02,15,Premium,97.5,2,11,0
C02828,2023-03,58,Standard,49.19,0,11,0
C02829,2023-06,30,Basic,27.76,0,5,0
C02830,2023-06,32,Premium,94.44,1,12,0
C02831,2023-06,2,Standard,55.4,2,12,0
C02832,2023-07,53,Standard,63.53,0,18,0
C02833,2023-08,5,Standard,60.37,6,14,0
C02834,2023-04,42,Standard,61.3,1,22,0
C02835,2023-01,9,Premium,99.67,1,20,0
C02836,2023-01,25,Standard,60.75,2,17,0
C02837,2023-02,1,Premium,99.36,2,33,1
C02838,2023-09,50,Basic,28.61,0,10,1
C02839,2023-01,41,Premium,99.75,0,26,0
C02840,2024-06,1,Basic,29.56,2,11,0
C02841,2023-03,22,Premium,101.31,1,25,0
C02842,2024-03,31,Premium,105.95,2,21,0
C02843,2024-04,20,Standard,59.27,1,20,0
C02844,2023-09,4,Premium,105.65,1,10,0
C02845,2023-02,8,Basic,24.69,2,15,1
C02846,2024-05,19,Basic,35.65,2,7,0
C02847,2023-01,27,Basic,25.18,0,0,0
C02848,2024-02,2,Basic,26.66,2,23,0
C02849,2023-10,23,Premium,101.92,1,15,0
C02850,2024-01,57,Premium,101.39,1,14,0
C02851,2024-04,46,Basic,27.98,4,13,1
C02852,2023-04,8,Basic,22.59,2,6,0
C02853,2023-03,19,Standard,61.63,3,0,0
C02854,2023-03,8,Standard,59.59,0,8,0
C02855,2023-06,39,Basic,25.36,1,13,0
C02856,2023-06,22,Premium,96.73,2,19,0
C02857,2023-10,10,Premium,95.15,2,27,0
C02858,2023-04,19,Standard,67.09,1,12,0
C02859,2023-12,32,Premium,96.42,2,15,0
C02860,2023-03,52,Premium,99.92,2,19,0
C02861,2023-05,56,Basic,26.29,0,3,0
C02862,2024-04,25,Standard,42.39,5,10,0
C02863,2024-02,8,Premium,88.1,1,14,0
C02864,2023-03,18,Basic,28.06,2,25,0
C02865,2024-01,9,Basic,36.74,0,14,0
C02866,2024-04,32,Standard,52.07,2,19,0
C02867,2023-11,27,Premium,92.87,1,18,0
C02868,2024-01,42,Basic,30.85,2,0,0
C02869,2024-06,32,Premium,95.29,2,11,0
C02870,2024-01,35,Basic,28.8,2,0,1
C02871,2024-05,46,Standard,57.79,2,15,0
C02872,2023-08,45,Premium,100.31,1,18,0
C02873,2023-01,16,Standard,59.26,2,20,0
C02874,2023-12,55,Basic,29.08,0,17,0
C02875,2023-02,9,Basic,28.51,0,2,0
C02876,2023-10,24,Basic,17.09,3,6,0
C02877,2024-02,54,Premium,94.93,4,16,1
C02878,2023-02,53,Basic,27.23,1,13,0
C02879,2023-05,8,Premium,101.02,3,19,0
C02880,2024-02,2,Premium,101.36,3,22,1
C02881,2023-03,45,Basic,35.53,2,10,0
C02882,2023-01,39,Basic,33.22,2,12,1
C02883,2023-08,10,Basic,33.46,0,4,1
C02884,2023-05,37,Standard,60.45,0,18,0
C02885,2023-05,31,Premium,103.24,0,27,0
C02886,2024-04,45,Standard,55.85,3,2,0
C02887,2023-01,22,Standard,62.13,3,25,0
C02888,2023-02,10,Basic,29.93,0,25,0
C02889,2023-06,12,Premium,88.15,3,20,1
C02890,2024-03,54,Standard,53.75,3,20,0
C02891,2024-05,54,Standard,53.41,1,15,0
C02892,2023-06,15,Standard,69.11,1,20,0
C02893,2024-01,6,Premium,96.32,0,18,0
C02894,2023-07,9,Premium,101.85,2,9,0
C02895,2024-01,4,Basic,30.02,0,12,1
C02896,2023-03,48,Premium,105.08,3,9,0
C02897,2023-11,30,Standard,61.78,0,23,0
C02898,2023-06,26,Standard,55.27,1,11,0
C02899,2024-02,24,Premium,99.12,3,12,1
C02900,2023-03,7,Basic,20.32,0,13,0
C02901,2023-01,50,Standard,56.05,1,14,0
C02902,2023-04,11,Premium,93.47,2,15,0
C02903,2023-10,39,Basic,34.72,0,2,1
C02904,2023-02,13,Premium,92.59,4,9,1
C02905,2023-02,6,Premium,101.3,0,30,0
C02906,2023-02,51,Standard,57.25,3,22,1
C02907,2023-01,6,Standard,58.17,2,7,0
C02908,2024-01,49,Standard,59.63,2,3,0
C02909,2023-12,21,Standard,71.13,1,17,0
C02910,2023-04,45,Premium,103.89,0,16,0
C02911,2024-05,58,Premium,102.59,1,13,0
C02912,2023-01,52,Basic,28.58,3,23,0
C02913,2023-02,25,Standard,58.92,5,12,0
C02914,2024-03,10,Premium,102.69,1,21,1
C02915,2023-08,41,Basic,28.59,2,21,0
C02916,2023-05,52,Premium,101.61,1,11,0
C02917,2024-05,11,Premium,106.74,3,9,0
C02918,2024-05,39,Premium,99.51,2,8,0
C02919,2023-05,22,Standard,60.64,1,0,0
C02920,2024-02,24,Premium,89.66,1,0,1
C02921,2024-01,46,Premium,88.6,0,17,0
C02922,2023-03,40,Premium,93.48,1,7,0
C02923,2024-04,37,Premium,108.76,3,15,1
C02924,2023-10,1,Basic,27.48,2,25,0
C02925,2024-04,52,Basic,25.66,1,19,1
C02926,2023-10,21,Basic,22.75,3,9,1
C02927,2023-12,18,Premium,99.13,3,16,0
C02928,2024-03,5,Basic,28.27,3,3,1
C02929,2024-03,31,Standard,56.55,1,21,0
C02930,2024-04,9,Basic,34.53,0,22,1
C02931,2024-01,55,Standard,54.77,0,28,0
C02932,2023-05,40,Premium,92.45,1,12,0
C02933,2023-11,33,Premium,103.26,1,20,0
C02934,2024-05,44,Standard,59.99,0,18,0
C02935,2023-02,57,Premium,96.5,2,19,0
C02936,2023-08,42,Basic,28.23,0,22,0
C02937,2023-05,36,Basic,27.3,0,30,0
C02938,2023-06,19,Standard,59.33,0,8,0
C02939,2023-08,55,Basic,28.91,0,14,0
C02940,2023-03,30,Premium,102.31,2,7,0
C02941,2024-06,30,Premium,100.5,2,1,0
C02942,2023-03,30,Basic,30.37,2,12,0
C02943,2024-02,7,Standard,61.07,3,16,1
C02944,2023-11,22,Basic,28.65,0,20,0
C02945,2023-07,39,Standard,53.82,2,13,0
C02946,2023-09,31,Basic,31.9,2,18,0
C02947,2024-04,35,Basic,27.42,1,12,1
C02948,2023-02,14,Standard,50.33,1,0,0
C02949,2023-02,50,Standard,61.03,1,10,0
C02950,2024-04,24,Standard,61.99,2,17,0
C02951,2024-02,14,Basic,36.88,1,15,0
C02952,2023-03,41,Basic,35.61,1,10,1
C02953,2023-03,18,Standard,67.65,2,3,0
C02954,2024-02,46,Standard,67.35,0,32,0
C02955,2023-06,43,Standard,64.37,1,21,0
C02956,2023-11,6,Standard,57.58,5,27,0
C02957,2023-07,20,Basic,26.27,2,3,0
C02958,2024-04,27,Standard,59.67,1,12,0
C02959,2024-02,51,Basic,31.02,0,27,0
C02960,2024-01,45,Premium,96.25,1,10,0
C02961,2023-07,36,Premium,91.78,0,15,0
C02962,2023-05,43,Premium,104.5,3,14,0
C02963,2023-11,53,Premium,93.41,1,22,1
C02964,2023-05,58,Standard,57.53,2,16,0
C02965,2024-02,21,Basic,17.58,2,13,0
C02966,2024-03,47,Basic,29.96,2,20,0
C02967,2024-03,55,Basic,27.81,1,23,0
C02968,2023-02,38,Basic,31.11,2,6,0
C02969,2024-06,13,Standard,48.87,3,8,0
C02970,2023-07,39,Standard,58.64,1,22,0
C02971,2023-01,13,Premium,93.28,1,20,0
C02972,2023-10,24,Basic,27.19,1,13,0
C02973,2024-04,33,Basic,23.98,2,17,0
C02974,2024-02,30,Standard,57.34,2,15,0
C02975,2024-02,54,Premium,96.01,2,13,0
C02976,2023-04,49,Standard,54.44,1,12,0
C02977,2023-12,30,Standard,57.34,1,17,0
C02978,2024-06,39,Basic,32.16,1,5,0
C02979,2024-02,19,Premium,97.79,1,35,0
C02980,2023-04,45,Premium,95.55,0,14,0
C02981,2023-03,52,Basic,34.39,1,16,0
C02982,2023-04,40,Standard,67.66,0,1,0
C02983,2024-06,49,Premium,102.87,1,21,0
C02984,2023-02,29,Premium,101.87,2,11,0
C02985,2023-07,55,Standard,65.95,0,30,0
C02986,2024-01,30,Premium,111.2,0,17,0
C02987,2023-04,55,Standard,63.17,2,4,0
C02988,2024-02,51,Standard,57.12,0,17,0
C02989,2024-01,42,Premium,94.28,4,7,1
C02990,2024-05,24,Basic,33.92,1,21,0
C02991,2023-09,57,Premium,102.94,1,18,0
C02992,2023-08,58,Standard,69.09,1,15,1
C02993,2023-02,59,Standard,54.88,2,5,1
C02994,2024-05,10,Standard,49.47,0,14,0
C02995,2023-11,39,Standard,65.92,0,18,0
C02996,2023-08,37,Standard,60.47,2,11,0
C02997,2024-01,26,Basic,22.99,1,7,0
C02998,2024-02,52,Premium,99.39,0,27,0
C02999,2023-06,41,Standard,55.04,1,29,0
C03000,2023-06,21,Premium,100.91,0,15,0
C03001,2023-05,7,Premium,94.17,1,8,0
C03002,2024-01,41,Premium,100.02,2,3,0
C03003,2024-06,41,Standard,58.73,3,3,1
C03004,2023-03,21,Basic,34.71,0,15,1
C03005,2023-05,28,Basic,41.73,1,28,1
C03006,2023-03,46,Premium,96.39,4,3,0
C03007,2023-05,2,Premium,104.15,1,11,0
C03008,2023-12,41,Premium,102.61,1,16,0
C03009,2023-10,42,Basic,18.05,2,9,0
C03010,2024-01,54,Basic,29.08,2,16,0
C03011,2023-09,43,Basic,31.57,1,10,1
C03012,2023-01,10,Premium,91.95,4,15,0
C03013,2023-04,38,Basic,31.73,3,24,0
C03014,2023-04,39,Basic,21.98,0,22,1
C03015,2023-03,17,Basic,22.25,0,19,1
C03016,2023-07,55,Standard,65.53,1,9,0
C03017,2024-02,32,Basic,37.67,5,6,1
C03018,2023-07,41,Basic,37.36,4,17,0
C03019,2024-03,25,Standard,61.58,2,21,0
C03020,2023-01,12,Standard,58.16,3,16,0
C03021,2023-02,43,Premium,96.11,1,4,1
C03022,2024-04,22,Standard,62.37,1,16,0
C03023,2023-01,39,Premium,100.73,0,12,0
C03024,2023-04,48,Standard,62.8,3,8,1
C03025,2023-01,2,Premium,97.79,2,17,0
C03026,2023-07,49,Basic,28.95,0,18,0
C03027,2023-01,8,Basic,29.66,3,20,1
C03028,2023-05,15,Basic,27.87,0,1,0
C03029,2023-03,31,Basic,24.98,1,27,0
C03030,2023-10,36,Premium,102.95,1,19,0
C03031,2024-02,52,Standard,61.94,0,4,0
C03032,2023-09,26,Basic,40.1,3,13,1
C03033,2023-09,44,Premium,98.16,2,20,0
C03034,2023-10,7,Premium,98.25,0,23,0
C03035,2024-04,14,Premium,92.81,2,11,0
C03036,2023-09,29,Standard,59.56,3,12,0
C03037,2024-01,40,Basic,27.36,0,20,0
C03038,2023-12,37,Standard,53.02,1,20,0
C03039,2024-03,53,Basic,26.27,3,21,1
C03040,2023-09,3,Premium,99.69,2,26,0
C03041,2024-05,19,Premium,97.09,2,18,0
C03042,2023-06,2,Basic,24.11,2,5,0
C03043,2023-12,28,Basic,27.24,2,20,0
C03044,2023-12,14,Premium,96.85,1,0,0
C03045,2023-04,50,Standard,53.8,4,20,1
C03046,2023-11,45,Basic,26.92,4,20,1
C03047,2023-08,37,Standard,59.26,2,5,0
C03048,2023-07,25,Standard,49.34,1,12,0
C03049,2023-09,7,Premium,91.4,2,18,0
C03050,2023-03,57,Premium,104.55,0,14,0
C03051,2024-02,42,Standard,61.57,0,30,0
C03052,2023-07,21,Basic,26.66,2,24,1
C03053,2023-02,32,Standard,60.3,2,21,0
C03054,2023-04,27,Basic,31.73,0,25,0
C03055,2024-01,39,Standard,54.76,3,15,1
C03056,2023-01,2,Standard,52.45,4,18,0
C03057,2023-01,55,Premium,97.88,2,10,0
C03058,2024-01,19,Basic,18.19,2,24,1
C03059,2023-02,35,Premium,93.88,4,26,0
C03060,2024-04,2,Basic,22.21,2,14,1
C03061,2023-10,52,Standard,57.64,0,29,0
C03062,2024-01,49,Standard,58.22,2,10,0
C03063,2024-04,50,Standard,59.6,0,24,0
C03064,2024-03,26,Standard,62.25,2,22,0
C03065,2023-12,42,Basic,32.35,0,17,0
C03066,2023-08,7,Basic,31.26,1,12,1
C03067,2023-04,1,Basic,40.84,1,21,0
C03068,2024-02,56,Premium,103.08,1,24,0
C03069,2023-12,6,Basic,19.26,0,14,0
C03070,2023-02,35,Basic,28.09,6,10,1
C03071,2023-04,51,Basic,25.98,1,20,1
C03072,2023-09,20,Basic,18.89,0,16,0
C03073,2023-09,40,Standard,64.28,2,13,0
C03074,2024-03,60,Basic,30.37,3,5,1
C03075,2024-02,21,Basic,28.3,0,19,0
C03076,2024-05,43,Basic,24.12,1,16,0
C03077,2024-04,37,Standard,54.49,0,13,0
C03078,2024-04,21,Premium,104.63,2,27,0
C03079,2023-03,17,Standard,55.5,2,11,0
C03080,2023-07,54,Basic,30.14,2,14,0
C03081,2023-02,5,Standard,62.2,3,9,1
C03082,2024-03,43,Basic,24.49,2,22,0
C03083,2023-04,13,Standard,68.13,2,18,0
C03084,2024-05,53,Premium,100.95,2,18,0
C03085,2024-03,21,Standard,63.75,1,17,0
C03086,2023-04,55,Premium,93.02,3,0,0
C03087,2024-01,15,Standard,54.58,3,16,0
C03088,2024-05,56,Premium,97.48,2,19,0
C03089,2023-03,26,Basic,26.59,0,19,0
C03090,2023-10,11,Premium,95.36,1,21,0
C03091,2023-04,37,Premium,100.04,1,14,0
C03092,2023-04,57,Basic,25.76,1,12,0
C03093,2023-06,58,Standard,63.62,1,19,0
C03094,2024-05,31,Premium,96.22,2,16,0
C03095,2024-06,17,Basic,26.08,2,22,1
C03096,2023-05,28,Basic,32.7,1,20,0
C03097,2023-11,28,Premium,100.47,0,13,0
C03098,2023-04,18,Standard,60.65,0,30,1
C03099,2024-02,25,Premium,99.87,3,0,1
C03100,2023-06,13,Standard,55.59,1,12,0
C03101,2024-04,34,Premium,97.36,1,3,0
C03102,2023-02,7,Premium,105.14,0,32,0
C03103,2023-04,8,Basic,25.54,2,25,1
C03104,2023-09,3,Premium,107.92,1,13,0
C03105,2023-09,35,Basic,32.79,2,20,0
C03106,2024-01,40,Premium,92.34,2,8,0
C03107,2023-09,7,Basic,36.95,4,9,0
C03108,2023-12,11,Basic,28.75,2,10,0
C03109,2023-10,46,Premium,92.89,0,21,0
C03110,2024-05,7,Basic,31.23,0,0,0
C03111,2023-10,40,Standard,57.8,2,12,0
C03112,2023-06,45,Basic,25.51,0,4,0
C03113,2023-06,5,Basic,30.55,4,13,1
C03114,2023-01,30,Basic,23.39,2,21,0
C03115,2023-01,28,Standard,55.04,3,5,1
C03116,2023-06,17,Basic,31.75,0,10,0
C03117,2023-12,55,Basic,26.18,1,5,0
C03118,2024-04,38,Basic,28.92,1,6,0
C03119,2023-02,31,Basic,18.18,0,2,0
C03120,2023-10,37,Premium,100.29,1,12,0
C03121,2023-06,34,Premium,106.63,2,21,0
C03122,2023-04,50,Basic,30.54,1,18,0
C03123,2024-03,48,Standard,54.3,1,6,0
C03124,2023-09,23,Premium,99.82,1,12,0
C03125,2024-03,17,Standard,60.28,4,12,1
C03126,2023-11,23,Standard,62.5,1,15,0
C03127,2024-04,50,Premium,99.53,2,10,0
C03128,2023-01,44,Premium,92.6,1,13,0
C03129,2023-05,27,Basic,28.06,2,17,0
C03130,2024-02,2,Basic,28.97,0,11,0
C03131,2023-07,48,Basic,29.21,1,16,0
C03132,2023-04,25,Premium,92.57,0,5,0
C03133,2024-06,57,Premium,101.43,2,31,0
C03134,2023-06,29,Premium,89.06,0,15,0
C03135,2023-11,44,Standard,55.14,2,20,0
C03136,2023-10,27,Standard,64.87,1,15,0
C03137,2023-11,38,Premium,107.16,1,7,0
C03138,2024-03,8,Standard,57.95,1,10,0
C03139,2023-10,51,Standard,55.77,0,10,0
C03140,2023-05,1,Standard,55.75,3,8,0
C03141,2023-10,10,Premium,97.42,1,24,0
C03142,2023-10,43,Basic,31.62,2,19,0
C03143,2023-01,5,Standard,57.69,1,14,0
C03144,2023-04,14,Standard,56.98,1,21,0
C03145,2024-02,20,Basic,32.68,0,12,0
C03146,2023-02,54,Basic,26.91,1,14,0
C03147,2024-05,23,Standard,61.67,1,12,0
C03148,2023-05,50,Premium,93.65,1,17,0
C03149,2023-05,46,Standard,62.8,3,6,0
C03150,2023-03,13,Standard,52.77,0,5,0
C03151,2023-12,3,Standard,61.95,2,20,0
C03152,2024-01,44,Premium,106.1,1,17,0
C03153,2023-09,58,Basic,23.18,2,26,0
C03154,2023-06,39,Standard,62.05,0,17,0
C03155,2023-05,44,Standard,59.1,4,21,0
C03156,2023-05,13,Standard,61.24,4,7,0
C03157,2023-10,13,Standard,60.09,3,28,1
C03158,2024-03,37,Premium,107.38,2,19,0
C03159,2023-04,25,Standard,58.25,0,2,1
C03160,2023-11,29,Premium,87.32,0,18,0
C03161,2023-12,44,Premium,93.7,1,2,0
C03162,2024-02,28,Standard,60.46,5,15,0
C03163,2024-06,30,Basic,35.69,3,12,1
C03164,2023-03,50,Standard,58.44,0,23,0
C03165,2023-08,40,Standard,57.82,2,23,0
C03166,2024-06,24,Basic,30.75,1,25,0
C03167,2023-02,57,Standard,57.2,2,22,0
C03168,2024-01,26,Basic,36.55,3,18,0
C03169,2024-03,30,Premium,101.37,2,19,0
C03170,2023-09,6,Basic,28.72,0,13,0
C03171,2023-11,42,Basic,27.17,0,9,0
C03172,2024-04,53,Standard,56.57,0,16,0
C03173,2023-04,56,Basic,31.51,3,2,0
C03174,2023-02,44,Premium,97.45,1,13,0
C03175,2024-06,34,Basic,21.07,2,17,0
C03176,2023-08,32,Basic,30.27,3,24,0
C03177,2023-10,41,Basic,37.26,3,21,0
C03178,2024-04,47,Basic,25.97,2,0,0
C03179,2023-03,13,Basic,27.23,2,15,1
C03180,2024-05,39,Basic,27.33,1,6,1
C03181,2024-04,14,Basic,22.6,1,6,1
C03182,2024-01,33,Standard,53.46,1,21,0
C03183,2024-01,8,Standard,63.98,2,15,0
C03184,2024-06,12,Basic,29.8,1,15,0
C03185,2024-03,40,Premium,98.43,3,3,0
C03186,2024-02,40,Basic,22.2,3,13,1
C03187,2023-05,2,Basic,32.44,3,22,0
C03188,2023-06,43,Basic,20.21,2,19,0
C03189,2023-07,45,Premium,98.73,0,14,0
C03190,2023-04,19,Standard,70.37,2,22,0
C03191,2023-09,32,Standard,58.55,3,25,0
C03192,2024-03,45,Basic,33.72,3,18,1
C03193,2023-01,28,Basic,39.69,0,1,0
C03194,2024-01,8,Premium,90.3,0,11,1
C03195,2024-03,20,Basic,23.27,3,23,1
C03196,2023-05,59,Standard,68.08,0,17,0
C03197,2023-09,47,Standard,65.49,2,20,1
C03198,2024-05,11,Standard,64.04,2,6,0
C03199,2023-12,33,Basic,15.09,1,14,0
C03200,2024-05,34,Standard,61.0,4,9,1
C03201,2023-12,42,Basic,25.92,1,15,0
C03202,2024-03,37,Standard,57.32,0,17,0
C03203,2023-09,51,Basic,24.12,2,22,0
C03204,2024-01,43,Standard,58.59,2,20,0
C03205,2024-04,54,Premium,94.19,2,9,0
C03206,2023-06,31,Premium,105.05,0,23,0
C03207,2024-05,60,Premium,94.2,0,0,0
C03208,2023-12,45,Standard,56.63,3,28,0
C03209,2023-03,54,Standard,67.79,1,21,1
C03210,2023-06,55,Premium,100.37,2,16,0
C03211,2024-04,43,Basic,29.82,0,3,0
C03212,2023-08,31,Standard,51.98,3,22,0
C03213,2023-08,52,Premium,97.05,0,15,0
C03214,2024-01,57,Basic,23.93,2,10,0
C03215,2023-02,27,Basic,23.35,3,9,0
C03216,2023-03,8,Basic,22.25,1,27,0
C03217,2023-01,24,Premium,90.84,0,20,0
C03218,2024-03,21,Basic,23.16,2,0,1
C03219,2024-06,41,Premium,95.37,1,10,0
C03220,2024-03,17,Standard,54.44,6,21,0
C03221,2023-06,15,Basic,30.64,0,16,0
C03222,2023-03,34,Basic,35.62,3,20,0
C03223,2023-04,41,Premium,101.97,1,0,0
C03224,2023-01,52,Basic,33.53,2,21,0
C03225,2024-06,27,Premium,93.87,0,16,0
C03226,2024-05,22,Basic,29.1,1,19,0
C03227,2024-04,54,Basic,19.97,2,23,0
C03228,2024-06,23,Premium,97.26,0,22,0
C03229,2024-03,52,Basic,37.03,1,5,0
C03230,2023-03,25,Basic,29.62,2,10,1
C03231,2023-04,34,Standard,58.68,2,5,0
C03232,2024-06,15,Basic,32.22,2,34,0
C03233,2023-09,15,Standard,59.49,1,12,0
C03234,2023-06,23,Basic,24.84,1,6,0
C03235,2023-08,5,Premium,96.4,2,0,0
C03236,2024-05,60,Premium,99.53,2,19,0
C03237,2024-06,40,Basic,25.4,2,9,0
C03238,2024-04,8,Premium,105.57,2,22,0
C03239,2023-01,17,Premium,99.47,2,18,1
C03240,2023-07,27,Standard,54.7,3,8,0
C03241,2023-05,49,Basic,22.99,1,31,0
C03242,2023-11,53,Premium,103.4,1,19,0
C03243,2023-08,43,Basic,35.36,2,23,0
C03244,2023-02,52,Premium,91.72,0,10,0
C03245,2023-03,5,Standard,56.07,5,17,0
C03246,2023-09,31,Basic,24.92,1,21,0
C03247,2024-04,7,Basic,27.34,1,17,0
C03248,2024-02,42,Standard,58.84,0,8,0
C03249,2023-01,51,Basic,24.48,1,21,0
C03250,2024-06,2,Basic,24.86,1,3,0
C03251,2023-01,25,Premium,97.79,2,10,0
C03252,2024-01,4,Standard,49.13,4,5,0
C03253,2024-02,28,Premium,90.94,0,7,0
C03254,2023-04,8,Standard,49.55,0,8,0
C03255,2023-12,58,Standard,62.25,1,12,0
C03256,2023-08,28,Basic,22.74,1,30,0
C03257,2023-08,38,Basic,20.29,0,23,0
C03258,2023-02,49,Premium,109.22,3,7,0
C03259,2023-08,1,Premium,99.97,0,18,0
C03260,2023-05,5,Basic,31.55,3,10,1
C03261,2023-11,19,Basic,38.31,0,9,0
C03262,2023-10,42,Basic,21.74,0,23,1
C03263,2023-04,26,Standard,67.69,2,7,0
C03264,2024-06,5,Standard,66.87,2,12,0
C03265,2023-12,46,Premium,94.51,0,14,0
C03266,2024-03,55,Basic,23.66,3,12,0
C03267,2023-10,24,Premium,105.7,1,16,0
C03268,2023-09,16,Premium,102.91,3,21,0
C03269,2023-04,35,Premium,93.79,0,5,0
C03270,2024-04,58,Standard,60.41,0,18,0
C03271,2024-05,14,Basic,38.6,3,15,1
C03272,2023-07,48,Premium,97.79,1,17,0
C03273,2023-02,47,Basic,22.32,3,2,0
C03274,2024-03,45,Standard,66.32,3,25,0
C03275,2023-02,2,Standard,69.84,1,23,0
C03276,2023-10,38,Standard,48.32,1,17,0
C03277,2023-09,6,Basic,29.47,1,10,0
C03278,2023-01,25,Standard,57.31,3,13,0
C03279,2023-02,25,Standard,58.81,2,22,0
C03280,2024-02,25,Basic,20.73,0,18,0
C03281,2023-02,43,Standard,57.74,0,34,0
C03282,2023-11,23,Basic,30.75,1,0,0
C03283,2023-07,59,Standard,64.27,1,11,0
C03284,2024-02,22,Premium,98.88,3,24,0
C03285,2023-02,51,Premium,96.93,0,8,0
C03286,2023-10,36,Standard,58.7,4,12,0
C03287,2024-02,35,Standard,56.0,2,18,0
C03288,2023-09,37,Premium,100.96,3,6,1
C03289,2023-08,25,Standard,62.24,2,26,0
C03290,2023-09,1,Standard,58.59,2,12,1
C03291,2023-10,16,Premium,97.31,1,19,0
C03292,2023-09,26,Basic,35.58,2,33,0
C03293,2023-01,43,Standard,56.07,3,19,1
C03294,2023-11,37,Premium,96.05,1,16,0
C03295,2024-03,55,Basic,30.23,1,6,0
C03296,2024-03,29,Basic,26.84,2,34,1
C03297,2024-06,23,Standard,58.26,1,17,0
C03298,2023-03,4,Premium,89.74,2,10,0
C03299,2023-11,40,Premium,102.93,0,19,0
C03300,2023-09,29,Basic,41.26,0,23,0
C03301,2024-04,18,Standard,62.74,3,4,1
C03302,2023-05,41,Basic,29.71,4,25,0
C03303,2023-08,42,Basic,35.12,0,15,1
C03304,2024-05,3,Basic,26.22,2,19,0
C03305,2023-02,38,Standard,68.9,3,12,0
C03306,2023-09,15,Basic,25.36,1,15,0
C03307,2023-12,2,Premium,106.0,0,16,0
C03308,2023-08,3,Premium,90.98,4,16,1
C03309,2024-03,5,Premium,100.88,3,28,1
C03310,2023-07,5,Basic,24.29,1,2,1
C03311,2024-02,24,Premium,78.68,1,6,0
C03312,2023-05,28,Standard,63.66,2,17,1
C03313,2023-11,39,Standard,54.46,0,11,0
C03314,2023-12,58,Premium,99.47,5,22,0
C03315,2023-01,19,Premium,100.03,3,11,1
C03316,2023-05,3,Standard,59.18,1,9,0
C03317,2023-07,2,Basic,21.82,0,16,0
C03318,2024-05,33,Premium,94.85,1,15,0
C03319,2023-07,46,Standard,59.61,1,7,0
C03320,2023-05,38,Basic,34.92,1,17,0
C03321,2023-03,42,Basic,37.54,0,22,0
C03322,2024-05,15,Premium,100.45,4,17,0
C03323,2024-02,41,Premium,93.59,1,2,0
C03324,2023-02,8,Premium,99.79,3,15,0
C03325,2024-05,43,Premium,96.28,1,21,0
C03326,2023-10,18,Basic,26.58,2,1,0
C03327,2023-12,22,Basic,24.15,3,9,1
C03328,2023-04,21,Premium,99.35,1,24,0
C03329,2024-02,29,Premium,91.63,1,12,0
C03330,2024-05,23,Premium,101.97,2,21,0
C03331,2024-04,24,Premium,99.28,1,18,0
C03332,2023-08,29,Standard,61.44,0,34,0
C03333,2024-06,53,Basic,31.65,1,21,0
C03334,2023-05,59,Standard,61.87,2,13,0
C03335,2023-11,51,Standard,48.74,3,9,0
C03336,2024-02,6,Standard,59.66,1,17,0
C03337,2024-04,10,Premium,98.93,1,10,0
C03338,2023-06,50,Basic,24.14,3,18,0
C03339,2023-04,1,Basic,26.39,0,9,0
C03340,2024-04,49,Premium,101.55,1,24,0
C03341,2024-02,9,Basic,20.98,2,12,1
C03342,2023-05,11,Basic,27.26,0,0,0
C03343,2024-02,34,Standard,60.79,0,14,0
C03344,2024-06,26,Premium,100.09,2,15,0
C03345,2023-11,19,Basic,30.1,4,13,0
C03346,2023-04,58,Standard,61.63,1,22,0
C03347,2023-12,3,Basic,28.09,2,28,0
C03348,2024-03,59,Standard,52.75,1,20,0
C03349,2024-04,28,Standard,64.67,3,19,0
C03350,2024-05,47,Basic,31.92,1,12,1
C03351,2023-12,58,Basic,41.71,0,2,0
C03352,2023-11,30,Standard,51.47,3,6,0
C03353,2023-09,33,Premium,101.84,4,22,0
C03354,2023-10,7,Basic,32.17,4,13,0
C03355,2024-05,4,Premium,95.88,2,12,0
C03356,2024-02,38,Premium,97.56,0,0,0
C03357,2023-06,25,Standard,55.71,3,23,0
C03358,2023-07,3,Premium,84.9,2,21,0
C03359,2023-11,18,Premium,100.46,1,35,0
C03360,2023-04,19,Basic,26.77,3,16,1
C03361,2023-08,32,Standard,60.08,0,6,0
C03362,2023-04,19,Standard,54.7,3,15,0
C03363,2023-05,43,Standard,62.49,1,6,0
C03364,2023-06,36,Premium,100.3,4,25,1
C03365,2024-06,58,Basic,39.57,1,22,0
C03366,2024-04,13,Basic,26.21,3,11,0
C03367,2023-07,2,Standard,55.12,4,17,1
C03368,2024-03,37,Standard,61.83,0,15,0
C03369,2023-10,54,Standard,59.7,3,15,0
C03370,2023-04,46,Premium,95.44,0,5,0
C03371,2023-09,28,Standard,60.4,1,17,0
C03372,2023-04,9,Standard,59.61,5,13,0
C03373,2023-08,52,Basic,33.42,2,13,0
C03374,2024-05,21,Basic,30.88,1,0,0
C03375,2024-05,30,Premium,92.61,2,15,0
C03376,2023-11,5,Premium,96.82,3,8,0
C03377,2023-04,3,Standard,52.1,5,20,0
C03378,2023-11,51,Premium,107.55,3,24,1
C03379,2023-02,36,Premium,93.97,3,12,0
C03380,2023-08,41,Basic,25.78,3,23,1
C03381,2023-07,25,Basic,39.53,7,21,1
C03382,2023-06,10,Standard,51.47,0,11,0
C03383,2023-07,19,Basic,26.19,2,28,0
C03384,2023-07,6,Premium,99.25,1,16,1
C03385,2024-06,5,Standard,55.59,2,9,0
C03386,2023-02,46,Basic,26.31,2,10,0
C03387,2024-01,17,Premium,97.53,0,6,0
C03388,2023-12,16,Premium,94.38,3,15,0
C03389,2023-10,43,Basic,24.97,2,13,0
C03390,2024-04,57,Standard,62.6,1,19,0
C03391,2023-12,41,Standard,55.48,2,16,0
C03392,2023-08,19,Basic,30.58,1,23,1
C03393,2024-02,57,Standard,63.02,2,15,0
C03394,2024-02,21,Basic,35.83,1,17,1
C03395,2023-04,30,Standard,68.08,4,25,0
C03396,2023-05,26,Premium,105.92,1,11,0
C03397,2024-02,31,Standard,49.36,1,17,0
C03398,2023-09,2,Standard,62.03,1,19,0
C03399,2023-02,57,Standard,51.67,1,30,0
C03400,2023-11,21,Standard,63.09,2,21,0
C03401,2024-02,52,Standard,61.21,1,0,0
C03402,2023-09,59,Basic,34.82,1,14,0
C03403,2023-02,15,Standard,56.31,2,3,0
C03404,2023-06,27,Basic,26.19,1,4,0
C03405,2023-04,50,Premium,95.83,2,23,0
C03406,2023-11,40,Premium,100.89,2,29,0
C03407,2023-01,35,Basic,29.79,4,22,0
C03408,2023-11,6,Premium,106.79,0,0,0
C03409,2023-03,50,Premium,102.15,3,1,0
C03410,2023-12,34,Basic,28.95,2,29,0
C03411,2024-01,11,Premium,97.23,2,15,0
C03412,2023-06,15,Standard,63.32,1,9,0
C03413,2023-07,22,Standard,53.29,1,18,0
C03414,2023-02,16,Basic,24.93,0,9,0
C03415,2023-04,49,Premium,103.54,1,23,0
C03416,2023-02,51,Standard,68.84,2,9,0
C03417,2023-08,20,Basic,30.28,2,12,0
C03418,2023-02,45,Basic,25.57,1,3,0
C03419,2024-01,8,Standard,61.61,1,24,0
C03420,2023-03,48,Standard,53.12,0,20,0
C03421,2024-02,33,Premium,93.27,2,22,1
C03422,2023-05,48,Premium,103.73,0,21,0
C03423,2023-07,38,Standard,48.02,3,15,0
C03424,2023-11,55,Standard,62.85,5,8,0
C03425,2023-10,48,Basic,23.83,3,18,1
C03426,2023-09,13,Basic,32.77,1,20,0
C03427,2024-01,37,Standard,54.01,1,14,0
C03428,2024-02,6,Basic,23.98,1,11,0
C03429,2024-06,31,Standard,59.3,1,21,0
C03430,2024-04,25,Basic,32.39,0,16,0
C03431,2023-04,24,Premium,97.99,0,14,0
C03432,2024-01,37,Basic,30.89,2,13,0
C03433,2024-04,29,Standard,58.81,2,8,0
C03434,2023-11,42,Standard,59.3,2,20,0
C03435,2023-04,41,Basic,27.2,0,13,0
C03436,2023-08,14,Standard,48.9,2,16,0
C03437,2024-04,26,Premium,94.39,1,15,0
C03438,2023-08,54,Premium,98.31,0,19,0
C03439,2024-02,32,Standard,53.8,1,12,0
C03440,2023-02,22,Basic,28.69,2,9,0
C03441,2024-02,37,Premium,95.56,1,23,0
C03442,2023-07,18,Premium,103.09,1,12,0
C03443,2024-06,51,Standard,63.53,1,16,0
C03444,2023-11,42,Basic,26.99,2,20,0
C03445,2024-06,31,Premium,85.14,3,31,0
C03446,2023-04,47,Basic,30.89,0,13,0
C03447,2023-05,5,Standard,66.93,2,22,0
C03448,2023-04,11,Premium,95.4,4,13,1
C03449,2023-02,29,Basic,28.81,2,21,0
C03450,2024-05,32,Basic,27.09,4,18,0
C03451,2024-02,48,Premium,92.96,4,28,0
C03452,2024-02,19,Basic,30.5,3,0,0
C03453,2023-09,47,Premium,103.58,3,20,0
C03454,2023-06,40,Standard,57.81,2,7,0
C03455,2023-07,34,Premium,94.05,4,11,0
C03456,2024-05,46,Standard,60.19,4,11,0
C03457,2023-07,31,Standard,54.36,2,16,0
C03458,2023-05,60,Premium,99.04,1,29,0
C03459,2023-01,46,Standard,54.54,1,24,0
C03460,2024-04,12,Basic,18.91,1,21,1
C03461,2023-07,1,Standard,55.81,0,20,1
C03462,2024-03,7,Premium,102.53,0,22,0
C03463,2024-03,4,Premium,95.54,1,23,0
C03464,2024-06,5,Standard,57.05,1,15,0
C03465,2023-01,23,Premium,86.19,1,8,0
C03466,2024-02,18,Standard,65.47,2,9,0
C03467,2024-01,20,Standard,67.12,1,0,0
C03468,2023-07,36,Premium,99.46,3,11,1
C03469,2023-07,10,Basic,32.87,3,31,1
C03470,2023-04,17,Premium,109.74,1,10,0
C03471,2024-01,34,Premium,105.61,1,14,0
C03472,2023-09,50,Premium,95.23,2,12,0
C03473,2024-04,48,Premium,94.49,2,25,0
C03474,2023-07,1,Basic,35.04,0,16,1
C03475,2023-05,52,Premium,97.48,1,16,0
C03476,2023-11,31,Basic,28.9,4,21,1
C03477,2024-05,4,Basic,45.43,2,20,0
C03478,2024-04,28,Premium,104.08,0,23,0
C03479,2023-08,33,Basic,37.9,1,29,0
C03480,2024-04,25,Standard,51.85,3,21,0
C03481,2023-11,54,Premium,101.09,0,15,0
C03482,2023-07,57,Premium,101.26,1,21,0
C03483,2023-05,41,Standard,61.62,1,12,0
C03484,2024-04,36,Standard,54.15,4,17,0
C03485,2023-04,17,Premium,105.58,3,10,0
C03486,2023-12,28,Premium,101.13,2,9,0
C03487,2024-03,56,Standard,52.35,1,4,0
C03488,2024-02,23,Premium,103.17,1,16,0
C03489,2024-01,36,Basic,31.49,1,20,0
C03490,2023-01,60,Premium,99.67,2,5,0
C03491,2023-07,24,Premium,98.58,2,4,1
C03492,2023-04,20,Standard,49.13,1,10,0
C03493,2024-05,59,Standard,56.91,0,22,0
C03494,2023-02,39,Standard,57.4,1,7,0
C03495,2024-01,42,Standard,49.86,0,27,1
C03496,2023-09,45,Premium,105.05,1,7,0
C03497,2023-01,4,Premium,101.16,2,6,0
C03498,2024-03,60,Standard,56.39,0,7,0
C03499,2024-06,31,Premium,96.41,3,26,0
C03500,2023-01,3,Standard,62.99,0,19,0
C03501,2023-06,46,Basic,35.47,0,8,0
C03502,2024-02,9,Basic,19.74,0,29,0
C03503,2024-03,8,Basic,25.09,0,7,0
C03504,2023-04,4,Standard,52.41,2,20,0
C03505,2023-01,18,Basic,36.53,1,9,0
C03506,2023-06,44,Standard,69.75,4,6,0
C03507,2023-12,38,Premium,91.8,1,13,0
C03508,2024-02,43,Standard,61.91,0,12,0
C03509,2023-03,43,Basic,28.44,1,13,0
C03510,2023-05,49,Premium,110.31,1,10,0
C03511,2024-03,6,Basic,26.21,2,20,1
C03512,2024-05,39,Basic,24.33,0,20,0
C03513,2023-01,41,Premium,105.86,1,4,0
C03514,2023-04,36,Standard,58.92,1,12,0
C03515,2023-03,37,Premium,98.5,3,9,0
C03516,2023-04,30,Basic,28.61,2,16,0
C03517,2023-03,12,Premium,92.37,4,4,1
C03518,2023-01,38,Premium,108.1,1,18,0
C03519,2023-07,51,Basic,25.06,1,11,0
C03520,2023-08,30,Basic,27.82,1,11,0
C03521,2023-07,44,Premium,101.72,1,27,0
C03522,2023-10,48,Basic,15.6,2,12,1
C03523,2023-06,46,Standard,53.59,1,19,0
C03524,2024-02,37,Standard,66.53,2,16,0
C03525,2023-07,13,Standard,59.8,0,19,0
C03526,2024-03,19,Standard,55.58,2,17,1
C03527,2023-12,32,Standard,58.24,1,10,0
C03528,2024-03,42,Premium,102.82,1,14,0
C03529,2023-02,44,Basic,23.36,0,34,0
C03530,2023-05,38,Standard,59.25,1,13,0
C03531,2024-02,14,Premium,96.23,1,5,0
C03532,2023-10,52,Premium,99.47,2,20,0
C03533,2024-06,45,Premium,104.29,3,12,0
C03534,2023-03,51,Standard,61.19,4,19,0
C03535,2023-07,14,Standard,65.95,2,2,0
C03536,2024-05,3,Basic,36.46,1,0,0
C03537,2023-05,12,Standard,59.96,0,27,0
C03538,2024-01,21,Standard,63.3,3,12,0
C03539,2023-11,58,Basic,28.87,1,13,0
C03540,2023-01,41,Standard,61.37,1,18,0
C03541,2023-11,31,Standard,56.18,2,16,0
C03542,2023-12,7,Basic,22.36,2,16,0
C03543,2023-06,30,Premium,101.3,0,9,0
C03544,2024-03,29,Premium,98.26,3,28,0
C03545,2024-01,45,Standard,62.58,0,11,0
C03546,2023-12,16,Standard,67.59,4,17,0
C03547,2024-01,31,Premium,93.3,3,28,0
C03548,2024-05,60,Basic,31.75,1,13,1
C03549,2024-01,28,Standard,61.76,0,20,0
C03550,2023-06,11,Premium,99.36,2,23,0
C03551,2024-05,57,Premium,90.27,4,13,1
C03552,2023-05,37,Basic,31.86,3,18,0
C03553,2023-03,51,Basic,32.78,4,10,1
C03554,2023-12,50,Basic,34.09,1,16,0
C03555,2023-01,11,Standard,61.29,1,22,0
C03556,2023-10,13,Basic,30.67,2,11,0
C03557,2023-07,12,Basic,32.74,1,17,0
C03558,2023-05,47,Basic,24.91,5,14,0
C03559,2023-01,55,Standard,64.96,5,25,0
C03560,2024-04,23,Basic,30.68,1,23,0
C03561,2023-07,26,Premium,93.17,4,24,0
C03562,2024-03,43,Standard,52.08,1,10,0
C03563,2024-01,49,Basic,29.34,0,18,1
C03564,2024-01,49,Basic,32.3,1,0,0
C03565,2024-02,58,Standard,53.67,0,16,0
C03566,2023-12,35,Basic,36.38,0,3,0
C03567,2023-01,48,Premium,95.18,0,1,0
C03568,2023-08,39,Basic,24.68,0,15,0
C03569,2023-01,22,Premium,90.77,0,16,0
C03570,2023-03,49,Standard,63.05,6,13,0
C03571,2023-07,9,Standard,61.79,3,7,1
C03572,2023-03,20,Standard,49.27,1,3,0
C03573,2024-02,42,Basic,31.72,1,17,0
C03574,2024-04,20,Standard,57.52,2,20,1
C03575,2023-06,27,Basic,28.26,2,10,0
C03576,2024-03,34,Basic,35.22,2,21,0
C03577,2023-04,23,Premium,95.58,1,0,0
C03578,2023-06,26,Basic,34.29,4,9,1
C03579,2024-01,37,Premium,100.59,1,14,0
C03580,2024-01,1,Standard,64.14,1,6,0
C03581,2024-02,4,Standard,57.85,2,18,0
C03582,2024-03,41,Basic,25.93,0,12,0
C03583,2023-11,50,Standard,55.72,3,18,0
C03584,2023-06,24,Basic,31.17,3,2,0
C03585,2023-03,35,Standard,63.84,3,13,1
C03586,2023-09,22,Premium,102.63,3,0,1
C03587,2024-03,53,Premium,107.86,1,20,0
C03588,2023-02,30,Standard,54.33,3,26,1
C03589,2023-12,32,Standard,67.69,2,14,0
C03590,2023-12,39,Premium,100.87,2,4,0
C03591,2023-10,22,Premium,94.07,0,23,0
C03592,2023-09,2,Premium,96.78,1,8,1
C03593,2023-01,23,Standard,63.85,0,4,0
C03594,2023-02,20,Premium,93.95,0,16,0
C03595,2023-02,23,Premium,96.86,1,31,0
C03596,2023-06,26,Basic,26.8,2,8,1
C03597,2023-05,7,Basic,26.54,4,13,0
C03598,2023-12,28,Standard,60.23,0,9,0
C03599,2023-08,45,Premium,108.02,3,5,0
C03600,2024-05,58,Premium,97.2,2,14,0
C03601,2023-11,3,Basic,28.74,2,8,0
C03602,2023-04,10,Premium,88.39,3,8,0
C03603,2023-11,47,Basic,32.68,0,25,0
C03604,2024-02,48,Standard,59.71,2,13,0
C03605,2023-09,12,Premium,98.19,1,29,0
C03606,2024-02,48,Basic,28.49,0,24,0
C03607,2023-09,51,Basic,24.71,1,18,0
C03608,2024-06,40,Premium,95.47,1,21,0
C03609,2023-02,16,Premium,93.11,0,17,0
C03610,2024-02,31,Basic,34.4,1,20,0
C03611,2023-09,45,Basic,19.11,2,5,0
C03612,2024-01,3,Premium,103.2,3,0,0
C03613,2023-09,44,Standard,64.86,3,15,1
C03614,2024-02,14,Basic,31.7,2,12,0
C03615,2024-03,18,Standard,54.01,1,17,0
C03616,2023-04,41,Standard,51.81,0,25,0
C03617,2023-11,2,Premium,94.28,2,10,0
C03618,2024-03,40,Standard,61.18,3,23,0
C03619,2023-11,41,Premium,107.74,1,22,0
C03620,2023-01,31,Premium,87.72,2,20,0
C03621,2024-03,21,Standard,63.5,0,22,1
C03622,2024-04,55,Premium,93.98,2,14,0
C03623,2024-01,45,Basic,30.63,2,25,0
C03624,2023-03,3,Premium,96.79,6,22,0
C03625,2023-03,36,Standard,61.83,3,11,1
C03626,2023-10,34,Standard,67.25,0,21,0
C03627,2024-03,21,Standard,66.59,1,1,1
C03628,2023-06,40,Premium,102.88,0,21,0
C03629,2024-02,37,Standard,65.61,2,2,0
C03630,2024-06,2,Standard,63.04,0,7,0
C03631,2024-06,16,Standard,55.76,0,0,1
C03632,2023-04,39,Basic,23.01,2,13,0
C03633,2023-10,14,Basic,27.94,1,17,0
C03634,2024-01,11,Premium,98.68,0,0,0
C03635,2024-02,23,Basic,31.33,0,24,0
C03636,2023-12,18,Standard,64.86,1,11,0
C03637,2023-11,43,Premium,92.32,2,9,0
C03638,2023-08,35,Standard,63.37,2,13,0
C03639,2023-10,32,Standard,65.65,4,30,0
C03640,2023-06,29,Basic,22.31,2,13,0
C03641,2023-11,1,Premium,110.04,3,16,0
C03642,2023-04,42,Basic,23.81,2,26,0
C03643,2024-02,42,Standard,60.36,1,27,0
C03644,2023-08,41,Basic,34.79,4,0,1
C03645,2023-03,40,Premium,95.29,1,27,0
C03646,2023-01,47,Standard,57.96,2,10,0
C03647,2024-04,16,Basic,28.03,0,17,0
C03648,2024-01,24,Basic,39.22,0,16,0
C03649,2023-06,56,Basic,27.81,2,3,0
C03650,2023-06,47,Basic,34.14,4,7,0
C03651,2023-11,46,Basic,26.98,2,30,1
C03652,2023-07,5,Basic,12.75,2,31,0
C03653,2024-03,30,Basic,37.51,3,21,0
C03654,2024-03,51,Basic,24.12,4,12,1
C03655,2023-11,8,Premium,96.81,0,7,0
C03656,2023-08,59,Basic,25.23,3,18,0
C03657,2023-02,5,Basic,23.34,1,5,0
C03658,2024-04,27,Premium,101.59,0,20,0
C03659,2023-09,5,Standard,63.69,1,24,0
C03660,2024-06,35,Basic,26.67,2,10,0
C03661,2023-02,29,Standard,54.37,1,5,0
C03662,2023-02,26,Premium,92.09,2,24,0
C03663,2024-03,46,Premium,99.27,1,21,0
C03664,2023-05,8,Basic,21.41,3,28,0
C03665,2023-04,49,Premium,92.58,2,10,0
C03666,2023-11,24,Standard,61.9,1,14,0
C03667,2023-07,16,Standard,61.08,2,16,0
C03668,2023-03,22,Premium,101.23,3,0,0
C03669,2023-08,46,Standard,60.8,1,18,0
C03670,2024-03,22,Standard,58.81,1,25,0
C03671,2023-09,29,Premium,101.15,1,8,0
C03672,2023-05,39,Basic,31.71,4,25,1
C03673,2023-08,19,Basic,28.33,1,19,0
C03674,2023-10,37,Standard,70.3,5,21,0
C03675,2023-10,46,Basic,27.0,5,18,0
C03676,2023-10,29,Premium,102.9,0,26,0
C03677,2023-05,52,Premium,95.53,1,18,0
C03678,2023-09,19,Standard,67.98,2,18,0
C03679,2023-10,2,Basic,34.14,1,12,1
C03680,2023-12,1,Standard,55.21,2,25,0
C03681,2024-01,48,Premium,98.38,3,11,0
C03682,2023-12,58,Basic,31.73,2,22,0
C03683,2023-11,38,Premium,100.5,0,29,0
C03684,2023-06,25,Standard,60.25,4,13,0
C03685,2024-04,31,Basic,28.36,4,13,0
C03686,2023-03,1,Premium,104.01,1,15,0
C03687,2023-08,20,Basic,28.0,1,20,0
C03688,2023-04,39,Premium,101.57,0,9,0
C03689,2024-03,23,Standard,50.04,0,18,0
C03690,2024-05,41,Basic,25.45,1,20,0
C03691,2023-12,48,Basic,37.84,0,22,0
C03692,2023-04,26,Premium,96.96,3,2,0
C03693,2023-09,33,Basic,35.33,4,6,0
C03694,2024-06,35,Premium,104.51,0,8,0
C03695,2024-03,52,Basic,32.21,2,19,0
C03696,2023-09,16,Basic,30.33,2,11,0
C03697,2023-08,12,Premium,108.89,3,3,1
C03698,2023-06,46,Standard,67.63,5,20,1
C03699,2024-06,39,Standard,51.26,2,11,0
C03700,2023-03,48,Basic,31.18,1,15,0
C03701,2023-10,9,Premium,94.67,1,14,0
C03702,2024-04,15,Basic,27.38,2,13,0
C03703,2023-11,35,Basic,30.5,4,20,0
C03704,2024-04,5,Basic,29.45,2,22,1
C03705,2023-07,6,Standard,61.84,3,13,1
C03706,2024-04,38,Basic,38.79,6,21,1
C03707,2024-02,1,Premium,98.25,2,6,0
C03708,2024-03,8,Premium,90.74,1,10,0
C03709,2024-03,13,Premium,101.27,0,9,0
C03710,2023-09,17,Standard,62.61,0,9,0
C03711,2024-05,12,Standard,57.05,2,14,0
C03712,2023-10,19,Premium,96.49,0,13,0
C03713,2023-11,35,Basic,37.75,2,5,0
C03714,2023-10,36,Premium,105.45,1,8,0
C03715,2024-04,8,Basic,27.21,2,0,1
C03716,2024-04,58,Premium,104.91,1,25,0
C03717,2024-02,12,Basic,18.03,2,12,0
C03718,2023-11,7,Standard,58.82,3,12,0
C03719,2023-07,35,Basic,41.18,3,4,0
C03720,2023-07,49,Basic,34.52,3,10,1
C03721,2024-05,20,Standard,57.6,1,15,0
C03722,2023-07,44,Standard,58.79,0,28,0
C03723,2023-06,10,Standard,52.31,3,29,1
C03724,2023-06,26,Basic,32.98,1,22,0
C03725,2024-05,11,Standard,68.52,0,10,0
C03726,2024-02,42,Premium,102.14,2,13,0
C03727,2023-09,18,Basic,32.05,2,28,0
C03728,2023-12,55,Standard,60.56,2,20,0
C03729,2023-12,22,Premium,96.88,2,24,0
C03730,2023-10,21,Standard,53.48,1,19,0
C03731,2023-01,26,Standard,51.84,1,37,0
C03732,2024-02,26,Basic,34.72,2,23,0
C03733,2024-03,52,Basic,23.97,0,22,0
C03734,2023-07,2,Premium,100.06,0,16,0
C03735,2023-10,46,Standard,66.45,2,5,0
C03736,2024-02,2,Standard,54.58,1,13,0
C03737,2024-06,21,Premium,99.32,1,22,0
C03738,2024-05,52,Basic,25.26,2,8,0
C03739,2023-03,18,Basic,29.56,2,13,0
C03740,2024-04,21,Premium,103.1,1,22,0
C03741,2023-02,38,Standard,54.05,0,13,0
C03742,2024-04,25,Premium,99.96,2,22,0
C03743,2024-01,39,Premium,101.5,0,5,0
C03744,2023-11,4,Premium,102.84,1,15,0
C03745,2023-10,24,Standard,66.97,2,8,0
C03746,2023-03,9,Premium,94.02,0,24,0
C03747,2024-02,50,Premium,107.5,0,42,0
C03748,2023-10,56,Basic,26.98,1,4,0
C03749,2024-03,36,Basic,29.97,1,14,1
C03750,2023-09,37,Premium,104.2,2,18,0
C03751,2023-01,53,Standard,57.18,0,4,1
C03752,2023-11,50,Basic,27.99,1,5,0
C03753,2023-07,24,Standard,68.56,1,7,0
C03754,2024-03,30,Basic,36.93,0,15,1
C03755,2023-09,13,Premium,94.96,3,17,0
C03756,2023-05,48,Basic,27.07,0,17,1
C03757,2024-01,27,Standard,51.03,2,19,0
C03758,2024-05,52,Basic,31.99,0,16,1
C03759,2023-01,33,Standard,50.51,1,23,0
C03760,2023-11,3,Premium,97.88,3,14,0
C03761,2023-11,32,Standard,47.85,1,20,0
C03762,2023-03,48,Basic,24.93,2,10,0
C03763,2024-06,50,Basic,32.49,2,16,0
C03764,2024-03,33,Basic,32.42,2,4,0
C03765,2024-02,13,Basic,21.7,0,21,0
C03766,2023-05,30,Standard,62.01,0,29,0
C03767,2023-11,5,Basic,26.0,1,7,0
C03768,2024-02,50,Premium,99.22,1,21,0
C03769,2023-10,26,Premium,94.46,0,6,1
C03770,2023-01,54,Standard,57.25,2,11,1
C03771,2023-05,21,Standard,60.14,1,12,0
C03772,2023-11,15,Premium,95.76,3,13,0
C03773,2023-07,42,Premium,92.35,1,13,0
C03774,2023-05,37,Standard,59.4,2,13,0
C03775,2023-10,10,Basic,30.53,0,25,0
C03776,2023-02,2,Premium,104.91,2,22,0
C03777,2023-03,35,Standard,56.36,1,7,0
C03778,2023-07,21,Basic,36.54,4,11,1
C03779,2023-09,11,Standard,62.77,1,25,0
C03780,2023-12,59,Basic,35.53,0,3,1
C03781,2023-04,57,Standard,54.8,2,10,0
C03782,2024-03,25,Basic,25.01,0,25,0
C03783,2023-07,55,Premium,102.58,2,0,0
C03784,2024-01,29,Standard,60.04,0,18,0
C03785,2023-04,50,Standard,70.02,3,20,1
C03786,2024-05,12,Premium,99.63,2,19,0
C03787,2023-04,49,Basic,23.18,2,14,0
C03788,2023-12,48,Premium,97.59,2,12,0
C03789,2023-07,21,Standard,62.81,3,24,1
C03790,2023-12,6,Premium,96.28,3,3,0
C03791,2024-03,33,Basic,21.08,4,1,1
C03792,2024-01,25,Standard,52.55,7,20,0
C03793,2023-12,7,Standard,72.5,2,14,0
C03794,2024-02,54,Basic,33.4,1,7,0
C03795,2023-08,42,Standard,64.99,1,17,0
C03796,2024-01,6,Premium,93.38,1,2,0
C03797,2023-11,2,Standard,58.96,2,16,1
C03798,2023-06,55,Basic,29.14,0,12,0
C03799,2023-05,9,Premium,96.57,5,12,1
C03800,2023-02,31,Basic,34.17,3,30,0
C03801,2023-10,14,Premium,95.96,1,19,0
C03802,2024-02,27,Basic,37.76,1,21,0
C03803,2023-05,60,Premium,104.98,3,11,0
C03804,2023-06,52,Premium,101.27,2,20,0
C03805,2023-06,60,Basic,25.37,0,23,1
C03806,2024-01,14,Standard,54.86,3,24,0
C03807,2023-11,59,Standard,50.72,2,20,1
C03808,2023-01,2,Standard,59.52,3,22,0
C03809,2023-05,3,Premium,92.44,2,0,0
C03810,2024-01,3,Premium,105.75,2,18,0
C03811,2023-06,47,Premium,99.0,3,29,1
C03812,2023-08,1,Standard,56.74,1,8,1
C03813,2024-04,5,Basic,25.85,1,15,0
C03814,2024-03,27,Premium,86.84,2,23,1
C03815,2023-01,39,Premium,101.59,2,16,0
C03816,2023-05,31,Standard,43.53,0,11,0
C03817,2023-04,35,Standard,48.73,2,7,0
C03818,2023-07,48,Premium,95.89,2,0,1
C03819,2023-05,33,Basic,29.18,1,23,0
C03820,2023-04,6,Premium,95.48,2,9,0
C03821,2023-04,19,Premium,95.93,2,8,0
C03822,2023-10,17,Basic,35.06,1,0,0
C03823,2024-05,30,Premium,97.67,4,9,0
C03824,2023-05,57,Standard,57.79,1,22,0
C03825,2023-05,24,Premium,97.04,1,7,0
C03826,2024-01,60,Basic,32.6,1,11,0
C03827,2023-06,51,Basic,25.15,1,7,1
C03828,2023-08,41,Basic,20.93,4,15,1
C03829,2024-04,21,Basic,31.14,3,12,0
C03830,2024-01,23,Basic,38.92,1,7,0
C03831,2023-09,14,Standard,60.94,2,28,0
C03832,2023-09,8,Premium,104.79,1,24,0
C03833,2023-11,33,Standard,62.34,3,5,0
C03834,2023-11,12,Standard,63.44,1,22,0
C03835,2024-03,32,Premium,99.48,1,21,0
C03836,2024-05,43,Standard,63.22,0,12,0
C03837,2024-02,51,Standard,44.34,1,30,0
C03838,2023-04,35,Basic,24.4,0,16,0
C03839,2023-04,30,Basic,22.32,3,29,0
C03840,2023-12,19,Basic,28.26,3,23,1
C03841,2023-03,28,Premium,94.98,1,24,0
C03842,2024-01,33,Basic,27.43,2,12,0
C03843,2023-07,57,Premium,96.95,4,16,1
C03844,2023-01,44,Basic,25.73,1,19,0
C03845,2024-05,48,Standard,53.02,3,9,0
C03846,2024-05,10,Premium,100.1,5,11,0
C03847,2023-12,52,Premium,97.54,3,0,0
C03848,2023-06,45,Premium,108.19,3,18,0
C03849,2023-06,7,Premium,103.25,0,28,0
C03850,2023-08,55,Premium,105.79,0,9,0
C03851,2023-05,49,Premium,91.26,4,21,0
C03852,2023-07,40,Standard,56.47,1,18,0
C03853,2024-01,26,Standard,64.99,2,23,0
C03854,2024-03,27,Standard,59.08,2,22,0
C03855,2023-01,47,Standard,57.69,1,6,0
C03856,2023-10,46,Premium,99.38,3,22,1
C03857,2023-03,47,Premium,100.49,0,24,0
C03858,2023-05,27,Basic,28.18,1,0,0
C03859,2024-01,11,Basic,38.72,3,17,0
C03860,2024-01,42,Standard,67.31,1,25,0
C03861,2023-03,16,Standard,60.39,4,12,1
C03862,2024-01,18,Basic,37.78,1,9,1
C03863,2023-05,48,Premium,102.47,1,3,0
C03864,2023-09,10,Premium,83.44,2,16,0
C03865,2023-04,1,Premium,98.48,1,10,0
C03866,2024-04,34,Basic,35.79,1,23,0
C03867,2023-04,29,Standard,57.24,1,30,0
C03868,2023-05,40,Standard,58.72,1,17,0
C03869,2023-11,49,Premium,99.49,1,8,0
C03870,2023-09,3,Standard,58.33,1,14,1
C03871,2023-06,30,Standard,50.21,1,17,0
C03872,2023-10,45,Standard,63.6,0,6,0
C03873,2023-12,7,Basic,28.91,2,31,0
C03874,2024-04,55,Premium,98.96,3,0,0
C03875,2023-02,28,Standard,50.02,2,5,0
C03876,2023-09,56,Standard,62.08,4,17,0
C03877,2023-11,41,Premium,99.54,2,10,0
C03878,2023-12,54,Standard,69.85,2,17,0
C03879,2024-04,7,Premium,97.47,1,19,0
C03880,2024-02,32,Basic,24.78,4,13,0
C03881,2024-04,7,Premium,86.98,1,18,0
C03882,2024-01,54,Premium,95.14,1,16,0
C03883,2024-01,56,Premium,99.19,2,12,1
C03884,2023-04,7,Premium,100.22,0,21,0
C03885,2023-12,8,Basic,24.26,0,45,0
C03886,2024-02,46,Premium,105.17,1,18,0
C03887,2023-02,46,Premium,97.07,1,22,0
C03888,2024-03,51,Standard,71.64,1,12,0
C03889,2024-01,34,Basic,28.44,2,15,0
C03890,2024-02,41,Premium,100.8,3,0,0
C03891,2023-06,2,Basic,28.96,2,26,1
C03892,2023-10,22,Basic,39.05,1,11,0
C03893,2024-03,52,Basic,29.99,2,18,0
C03894,2023-12,17,Standard,59.2,1,5,0
C03895,2024-03,16,Standard,66.32,2,17,0
C03896,2023-09,21,Standard,51.98,0,10,0
C03897,2024-06,11,Basic,20.23,1,16,0
C03898,2023-11,36,Premium,103.93,1,22,0
C03899,2023-06,49,Standard,54.84,2,25,0
C03900,2023-11,55,Basic,26.59,1,16,0
C03901,2023-08,35,Premium,95.31,0,10,0
C03902,2023-03,20,Basic,28.44,0,0,0
C03903,2024-04,21,Premium,95.15,4,19,0
C03904,2023-07,49,Standard,58.11,0,16,0
C03905,2023-12,46,Standard,55.9,0,17,0
C03906,2023-06,29,Standard,54.68,2,22,0
C03907,2023-04,21,Basic,27.56,0,13,0
C03908,2024-06,20,Premium,89.84,4,9,0
C03909,2023-06,36,Premium,94.45,0,26,0
C03910,2023-07,45,Basic,26.75,0,22,1
C03911,2024-01,46,Premium,92.88,2,4,0
C03912,2023-11,10,Premium,101.74,3,15,0
C03913,2024-01,26,Basic,24.97,2,21,1
C03914,2023-03,48,Standard,63.32,1,19,0
C03915,2023-02,15,Standard,59.78,3,8,1
C03916,2023-09,10,Premium,95.11,2,10,1
C03917,2023-08,15,Premium,99.61,1,19,0
C03918,2023-07,15,Standard,57.88,2,22,0
C03919,2023-01,19,Basic,32.08,0,17,0
C03920,2024-02,31,Standard,60.07,1,12,0
C03921,2024-02,37,Basic,23.63,5,24,1
C03922,2024-01,34,Premium,97.45,2,13,0
C03923,2023-09,57,Standard,56.79,2,22,0
C03924,2024-02,24,Standard,55.67,3,20,0
C03925,2023-11,58,Basic,33.69,1,14,0
C03926,2023-05,5,Premium,96.38,0,0,0
C03927,2023-08,53,Premium,94.98,2,19,0
C03928,2023-04,38,Basic,30.76,1,9,0
C03929,2024-04,51,Premium,93.35,4,4,0
C03930,2023-08,7,Premium,92.97,1,5,0
C03931,2024-06,46,Premium,87.42,0,19,0
C03932,2023-09,15,Standard,60.01,0,12,0
C03933,2024-03,4,Standard,55.24,0,26,0
C03934,2023-06,28,Basic,30.63,1,25,1
C03935,2023-02,29,Premium,103.15,1,23,0
C03936,2023-05,31,Premium,96.86,0,21,0
C03937,2023-09,23,Basic,33.44,0,15,0
C03938,2023-01,58,Premium,101.03,3,26,0
C03939,2023-05,32,Standard,55.52,4,30,0
C03940,2024-03,14,Premium,103.67,2,3,1
C03941,2023-10,45,Premium,98.47,3,5,0
C03942,2024-02,37,Premium,105.88,2,11,0
C03943,2023-11,35,Premium,102.69,0,9,0
C03944,2023-12,40,Basic,21.7,0,15,0
C03945,2023-03,50,Basic,25.66,3,50,0
C03946,2023-07,47,Basic,34.5,3,30,1
C03947,2023-06,39,Basic,23.45,1,6,1
C03948,2023-04,60,Standard,56.17,4,31,0
C03949,2024-01,7,Standard,50.29,1,22,0
C03950,2024-04,25,Premium,105.88,4,6,1
C03951,2023-04,22,Basic,26.8,1,16,0
C03952,2024-02,12,Premium,97.59,2,14,0
C03953,2023-06,32,Basic,28.37,0,13,0
C03954,2023-12,13,Basic,25.45,1,23,0
C03955,2023-11,41,Basic,38.88,3,14,0
C03956,2023-09,7,Premium,104.14,0,14,1
C03957,2024-06,39,Basic,22.23,0,21,1
C03958,2023-06,24,Basic,40.2,1,8,1
C03959,2023-01,34,Basic,31.8,2,16,0
C03960,2023-12,20,Basic,27.28,4,1,0
C03961,2024-04,12,Basic,24.16,1,12,0
C03962,2023-04,14,Standard,54.16,5,10,0
C03963,2023-12,59,Basic,26.07,1,9,0
C03964,2023-06,58,Standard,59.66,2,10,0
C03965,2023-01,53,Standard,59.76,0,26,0
C03966,2023-04,60,Premium,98.25,1,10,0
C03967,2023-04,20,Standard,56.98,3,20,0
C03968,2024-05,12,Premium,95.36,3,5,1
C03969,2023-07,7,Standard,61.74,3,11,0
C03970,2024-03,40,Standard,60.3,2,15,0
C03971,2024-03,36,Standard,55.18,0,22,0
C03972,2023-03,43,Premium,96.46,2,21,0
C03973,2023-08,24,Basic,31.54,1,25,0
C03974,2024-01,32,Basic,32.42,2,10,1
C03975,2023-04,4,Standard,56.43,2,22,0
C03976,2023-11,6,Premium,99.5,3,19,0
C03977,2024-06,37,Premium,100.16,1,7,0
C03978,2023-07,49,Premium,94.32,4,1,1
C03979,2023-07,9,Standard,54.74,1,5,0
C03980,2024-01,41,Standard,60.37,1,13,0
C03981,2023-01,6,Standard,61.32,2,12,0
C03982,2024-04,21,Premium,101.43,3,19,0
C03983,2023-10,20,Standard,61.43,2,8,0
C03984,2024-05,45,Basic,26.58,1,21,0
C03985,2023-10,13,Basic,36.58,1,21,0
C03986,2024-06,48,Premium,105.28,1,16,0
C03987,2023-02,21,Premium,102.52,0,22,0
C03988,2024-01,4,Standard,59.17,1,16,1
C03989,2024-02,35,Basic,27.75,1,18,0
C03990,2024-05,34,Basic,31.67,1,26,0
C03991,2023-07,45,Basic,35.1,2,20,1
C03992,2023-11,12,Basic,31.37,2,15,1
C03993,2023-07,14,Standard,49.14,0,24,0
C03994,2023-02,40,Basic,29.22,1,20,0
C03995,2023-04,14,Premium,102.37,4,2,0
C03996,2023-11,1,Basic,23.65,1,5,0
C03997,2023-12,25,Basic,28.31,1,15,0
C03998,2023-05,26,Basic,35.82,1,11,1
C03999,2023-09,16,Premium,109.43,2,26,0
C04000,2023-10,28,Premium,90.16,1,19,0
C04001,2023-09,57,Premium,92.41,3,19,0
C04002,2024-02,1,Standard,62.35,0,11,0
C04003,2024-04,54,Basic,24.03,2,13,0
C04004,2024-01,1,Premium,94.92,3,25,1
C04005,2023-05,50,Standard,59.72,2,21,0
C04006,2023-04,15,Basic,32.64,2,27,1
C04007,2023-03,58,Standard,57.39,2,20,0
C04008,2023-09,21,Basic,32.88,2,15,0
C04009,2024-01,46,Premium,98.12,3,21,0
C04010,2023-09,19,Standard,63.23,0,10,0
C04011,2023-07,8,Standard,54.4,1,7,0
C04012,2023-07,36,Standard,55.88,0,17,0
C04013,2024-04,3,Standard,63.12,5,15,1
C04014,2024-01,15,Basic,29.72,1,5,0
C04015,2023-03,49,Premium,93.58,1,15,0
C04016,2024-03,40,Standard,61.46,1,12,0
C04017,2023-02,29,Premium,94.51,0,12,0
C04018,2023-07,33,Basic,28.57,3,9,0
C04019,2023-01,3,Premium,103.8,0,11,0
C04020,2023-06,22,Standard,58.74,2,24,0
C04021,2023-02,13,Premium,102.92,2,20,0
C04022,2024-05,10,Standard,59.76,3,9,1
C04023,2023-07,12,Premium,91.18,1,21,0
C04024,2023-01,47,Standard,58.88,2,9,0
C04025,2024-05,5,Basic,26.36,1,10,1
C04026,2024-06,11,Basic,34.71,1,28,0
C04027,2023-03,4,Basic,19.68,1,14,0
C04028,2023-06,35,Basic,32.32,0,19,0
C04029,2023-02,21,Standard,58.97,1,20,0
C04030,2023-08,7,Premium,92.21,2,12,1
C04031,2023-02,1,Premium,102.67,0,25,0
C04032,2023-04,50,Premium,106.0,1,18,0
C04033,2023-02,49,Premium,94.98,0,37,0
C04034,2024-04,5,Basic,18.84,2,26,0
C04035,2023-10,42,Standard,66.15,3,16,0
C04036,2023-08,25,Standard,51.96,1,6,0
C04037,2023-12,40,Standard,59.17,4,13,0
C04038,2024-04,41,Standard,63.12,1,19,0
C04039,2024-06,10,Standard,57.7,2,3,0
C04040,2023-10,15,Basic,29.24,3,24,0
C04041,2023-09,12,Standard,58.31,5,0,0
C04042,2023-01,24,Premium,106.82,0,8,0
C04043,2023-02,20,Basic,30.24,2,12,0
C04044,2023-08,46,Premium,100.24,1,21,0
C04045,2023-12,9,Premium,93.22,3,0,1
C04046,2024-02,26,Standard,57.23,8,14,0
C04047,2024-01,29,Standard,60.77,2,14,0
C04048,2024-01,22,Standard,52.99,0,4,1
C04049,2023-08,34,Basic,28.07,1,13,0
C04050,2023-07,13,Premium,103.62,2,27,0
C04051,2023-12,47,Premium,103.25,0,19,0
C04052,2023-12,36,Standard,50.72,0,14,0
C04053,2023-05,14,Standard,60.38,0,28,0
C04054,2024-03,35,Premium,110.04,1,9,0
C04055,2024-02,54,Premium,106.85,2,1,1
C04056,2024-06,14,Standard,54.5,1,12,0
C04057,2024-05,43,Standard,55.65,2,2,0
C04058,2023-07,29,Basic,35.31,2,40,0
C04059,2023-09,43,Basic,31.0,3,13,0
C04060,2023-05,44,Premium,103.64,3,5,0
C04061,2023-05,37,Basic,33.16,4,13,0
C04062,2023-05,30,Basic,29.59,1,22,0
C04063,2024-05,32,Standard,54.38,1,15,0
C04064,2023-04,57,Basic,35.4,2,11,0
C04065,2023-01,6,Basic,24.97,4,21,0
C04066,2023-11,56,Basic,19.15,2,10,0
C04067,2023-07,21,Standard,54.86,6,9,0
C04068,2023-03,14,Standard,57.09,3,5,0
C04069,2024-03,59,Standard,59.2,0,28,0
C04070,2023-10,46,Basic,33.15,2,16,0
C04071,2023-06,52,Premium,98.68,2,8,0
C04072,2024-02,10,Basic,24.31,0,17,1
C04073,2024-02,59,Premium,100.23,0,8,0
C04074,2024-04,36,Premium,95.32,3,0,0
C04075,2023-08,18,Premium,101.59,1,9,0
C04076,2024-03,43,Basic,36.6,0,15,1
C04077,2024-01,3,Basic,31.67,2,25,0
C04078,2023-01,31,Basic,28.09,2,19,0
C04079,2024-03,53,Standard,60.56,0,0,0
C04080,2023-01,12,Standard,60.28,2,20,0
C04081,2023-12,43,Premium,94.22,2,12,0
C04082,2023-03,6,Standard,51.71,1,13,0
C04083,2024-01,40,Standard,59.17,1,23,0
C04084,2023-07,8,Premium,99.49,2,23,0
C04085,2023-03,21,Standard,50.47,2,7,0
C04086,2023-01,52,Standard,56.18,1,20,0
C04087,2023-06,38,Standard,62.34,0,3,0
C04088,2024-05,17,Basic,30.53,3,0,1
C04089,2024-04,34,Basic,18.47,1,2,0
C04090,2023-08,11,Basic,39.65,1,16,0
C04091,2024-02,17,Standard,58.09,2,15,0
C04092,2024-03,18,Premium,104.08,3,3,0
C04093,2023-02,22,Premium,97.8,2,22,0
C04094,2023-01,60,Premium,98.24,1,16,0
C04095,2024-01,2,Standard,57.91,2,12,1
C04096,2024-01,31,Standard,67.92,4,18,1
C04097,2024-01,44,Standard,60.69,2,10,0
C04098,2024-02,52,Premium,111.13,3,14,0
C04099,2023-12,22,Basic,29.73,1,17,0
C04100,2024-04,36,Basic,26.62,0,14,0
C04101,2023-03,6,Standard,63.25,3,3,0
C04102,2024-05,59,Standard,57.59,0,8,0
C04103,2023-04,2,Basic,30.05,5,9,1
C04104,2023-03,12,Standard,55.52,6,7,1
C04105,2023-03,52,Basic,28.25,2,17,0
C04106,2023-01,1,Premium,99.06,3,20,0
C04107,2023-03,22,Premium,99.4,2,33,0
C04108,2023-11,41,Standard,57.68,1,19,0
C04109,2023-04,7,Premium,97.53,2,19,0
C04110,2023-03,9,Basic,30.97,1,10,0
C04111,2023-01,46,Basic,29.93,3,25,0
C04112,2023-07,44,Basic,23.12,2,13,1
C04113,2023-11,6,Standard,66.33,2,11,0
C04114,2023-07,13,Standard,60.13,1,4,0
C04115,2023-06,32,Premium,93.01,1,28,0
C04116,2023-02,47,Premium,95.89,2,7,0
C04117,2023-03,33,Basic,28.18,2,18,0
C04118,2023-05,13,Standard,60.68,2,17,0
C04119,2023-04,37,Basic,23.42,1,23,0
C04120,2023-06,5,Basic,29.19,0,3,0
C04121,2023-06,49,Basic,25.14,6,21,0
C04122,2023-10,54,Premium,99.17,0,11,0
C04123,2023-10,33,Premium,91.89,3,34,1
C04124,2023-08,17,Standard,56.7,1,22,0
C04125,2023-09,42,Premium,95.05,2,3,0
C04126,2023-02,11,Basic,22.26,1,6,1
C04127,2023-02,23,Premium,98.72,0,14,0
C04128,2023-03,53,Standard,62.74,0,5,0
C04129,2024-03,58,Premium,103.19,3,13,1
C04130,2023-03,48,Premium,98.5,2,23,0
C04131,2023-03,50,Standard,58.28,1,3,0
C04132,2024-03,47,Standard,70.16,1,12,0
C04133,2023-12,52,Standard,67.65,0,1,0
C04134,2023-11,49,Standard,60.93,1,8,0
C04135,2023-08,48,Basic,33.32,0,15,0
C04136,2023-12,3,Premium,95.91,0,16,0
C04137,2023-11,57,Standard,57.75,2,5,0
C04138,2024-03,55,Standard,51.78,4,11,0
C04139,2023-05,30,Standard,55.9,2,20,0
C04140,2024-02,49,Standard,68.92,1,8,0
C04141,2023-11,56,Basic,29.4,0,17,0
C04142,2023-05,56,Premium,108.47,2,25,0
C04143,2023-06,1,Standard,61.08,2,16,1
C04144,2023-04,12,Basic,41.15,2,25,1
C04145,2023-09,31,Basic,25.96,1,18,0
C04146,2024-01,2,Standard,51.64,4,13,1
C04147,2023-09,54,Premium,95.43,1,28,0
C04148,2024-04,32,Premium,93.93,0,6,0
C04149,2024-04,55,Basic,27.47,2,15,0
C04150,2023-04,4,Standard,56.88,2,0,1
C04151,2024-04,21,Premium,100.8,1,19,0
C04152,2024-05,10,Basic,29.31,2,12,0
C04153,2024-02,52,Basic,30.34,1,10,0
C04154,2023-06,20,Premium,98.62,3,11,0
C04155,2024-02,20,Premium,100.65,4,9,0
C04156,2024-05,39,Basic,31.21,2,21,0
C04157,2023-05,47,Standard,54.85,0,30,0
C04158,2023-01,31,Basic,33.01,1,20,0
C04159,2023-07,27,Basic,24.82,2,2,0
C04160,2023-11,45,Basic,28.92,2,0,0
C04161,2023-09,58,Standard,56.92,1,11,0
C04162,2023-07,37,Standard,59.54,1,6,0
C04163,2023-08,21,Premium,92.24,2,8,0
C04164,2023-08,40,Basic,32.1,3,13,0
C04165,2023-11,31,Basic,28.35,0,40,0
C04166,2023-05,7,Standard,64.95,1,29,0
C04167,2024-04,6,Premium,110.06,0,24,0
C04168,2023-09,58,Premium,95.62,3,7,1
C04169,2023-09,25,Basic,30.06,1,17,0
C04170,2024-04,24,Basic,23.52,0,5,0
C04171,2023-11,41,Basic,25.91,1,21,0
C04172,2024-06,40,Standard,49.16,4,3,1
C04173,2024-04,18,Standard,57.57,0,16,0
C04174,2023-07,39,Premium,104.22,4,16,0
C04175,2023-04,42,Basic,31.53,1,9,0
C04176,2023-07,4,Premium,93.7,5,3,0
C04177,2023-08,33,Standard,58.02,1,21,0
C04178,2023-01,28,Premium,99.07,2,31,0
C04179,2023-10,14,Basic,29.24,0,9,1
C04180,2024-02,42,Premium,103.11,1,31,0
C04181,2024-03,30,Basic,34.32,3,18,0
C04182,2024-03,36,Basic,31.14,0,16,0
C04183,2024-03,7,Standard,55.75,2,11,1
C04184,2024-03,46,Premium,99.8,1,23,1
C04185,2023-11,38,Basic,27.09,1,0,0
C04186,2023-11,8,Basic,32.54,1,23,0
C04187,2023-11,24,Basic,29.53,1,8,0
C04188,2023-01,25,Premium,102.83,1,25,0
C04189,2024-01,42,Standard,57.58,2,16,0
C04190,2023-10,40,Basic,21.49,1,15,0
C04191,2023-02,49,Premium,100.67,1,17,0
C04192,2023-05,4,Premium,101.35,2,20,0
C04193,2023-05,60,Basic,19.79,4,17,1
C04194,2023-08,34,Basic,27.54,2,20,1
C04195,2023-11,24,Standard,66.22,0,16,0
C04196,2024-04,22,Basic,41.24,0,12,0
C04197,2024-02,4,Premium,95.42,0,22,0
C04198,2023-05,26,Premium,88.59,3,25,0
C04199,2024-03,6,Basic,23.11,2,7,1
C04200,2023-08,49,Standard,58.46,0,4,0
C04201,2024-06,42,Premium,99.86,1,30,1
C04202,2023-08,42,Premium,97.42,2,22,0
C04203,2023-08,3,Basic,31.54,0,22,0
C04204,2024-05,56,Basic,30.73,4,7,1
C04205,2024-01,25,Premium,91.07,1,18,1
C04206,2024-04,49,Standard,65.88,1,8,1
C04207,2024-02,46,Premium,99.95,3,10,0
C04208,2023-02,3,Basic,27.09,0,1,1
C04209,2023-01,38,Standard,60.23,3,11,0
C04210,2023-12,6,Premium,96.49,5,17,0
C04211,2024-01,54,Basic,30.41,0,13,0
C04212,2023-10,35,Basic,27.58,0,19,0
C04213,2024-01,24,Premium,96.38,3,20,1
C04214,2023-09,13,Premium,96.87,2,6,0
C04215,2024-01,21,Standard,59.93,0,7,0
C04216,2023-01,19,Standard,64.38,0,17,0
C04217,2024-05,42,Premium,96.77,0,25,0
C04218,2023-04,14,Basic,26.24,3,15,1
C04219,2023-07,52,Basic,33.38,2,19,0
C04220,2023-10,37,Premium,103.59,1,0,0
C04221,2023-10,44,Basic,25.81,2,12,0
C04222,2023-08,4,Premium,95.43,1,19,0
C04223,2023-07,57,Standard,60.62,1,7,0
C04224,2023-07,20,Basic,34.62,0,14,0
C04225,2023-07,56,Standard,55.83,2,33,0
C04226,2023-11,47,Standard,59.93,0,20,0
C04227,2023-06,26,Premium,93.64,0,16,0
C04228,2023-10,31,Premium,106.24,1,25,0
C04229,2023-03,43,Basic,26.02,2,16,0
C04230,2023-01,57,Basic,31.01,0,20,0
C04231,2023-09,55,Basic,35.8,1,14,0
C04232,2024-01,20,Standard,61.57,0,16,0
C04233,2023-02,11,Basic,30.69,1,18,0
C04234,2024-02,42,Basic,24.42,0,14,0
C04235,2023-09,24,Basic,30.18,1,24,0
C04236,2023-02,2,Standard,59.86,4,16,0
C04237,2023-09,20,Basic,27.48,0,10,0
C04238,2023-04,60,Basic,27.39,2,18,0
C04239,2023-01,48,Premium,91.41,2,14,0
C04240,2023-06,60,Standard,59.16,0,15,1
C04241,2023-08,6,Premium,104.83,0,25,0
C04242,2024-06,57,Premium,97.63,1,16,0
C04243,2024-04,2,Premium,96.75,0,7,1
C04244,2023-07,45,Basic,23.65,1,20,1
C04245,2023-01,44,Standard,67.17,1,23,1
C04246,2024-02,28,Standard,66.61,0,13,0
C04247,2023-02,1,Premium,103.41,1,19,0
C04248,2023-10,50,Standard,56.43,2,6,0
C04249,2023-01,13,Standard,61.04,1,13,0
C04250,2023-08,56,Basic,22.89,3,11,0
C04251,2023-02,52,Basic,35.25,2,10,0
C04252,2024-06,54,Standard,64.55,3,14,0
C04253,2023-02,32,Basic,25.73,1,20,0
C04254,2023-12,6,Premium,104.64,1,0,0
C04255,2023-06,31,Premium,101.64,1,9,0
C04256,2024-06,58,Standard,62.53,1,16,0
C04257,2023-12,21,Premium,101.47,2,14,0
C04258,2023-12,38,Standard,53.08,0,20,0
C04259,2023-05,23,Standard,64.39,2,0,0
C04260,2024-06,49,Standard,54.36,1,13,0
C04261,2023-09,28,Basic,36.91,0,18,0
C04262,2024-03,22,Standard,61.27,0,19,0
C04263,2023-06,35,Premium,101.17,1,13,0
C04264,2023-05,22,Premium,104.69,4,1,0
C04265,2023-06,35,Premium,96.8,0,29,0
C04266,2023-07,37,Basic,30.78,1,15,0
C04267,2024-02,26,Basic,28.91,5,14,0
C04268,2023-02,33,Premium,108.14,2,17,0
C04269,2023-09,37,Basic,32.66,2,10,0
C04270,2023-08,43,Basic,30.02,2,18,0
C04271,2024-04,51,Standard,64.01,0,14,0
C04272,2024-06,47,Standard,54.79,0,11,0
C04273,2024-01,34,Premium,98.32,2,14,0
C04274,2024-02,23,Premium,96.13,0,24,0
C04275,2024-03,7,Basic,23.85,3,5,1
C04276,2023-01,45,Basic,23.11,4,6,0
C04277,2024-04,33,Basic,20.52,1,3,1
C04278,2023-10,5,Premium,98.32,2,25,0
C04279,2023-07,26,Standard,67.99,0,8,0
C04280,2023-01,7,Basic,25.97,0,15,1
C04281,2023-07,19,Basic,21.29,2,22,0
C04282,2023-03,50,Premium,99.58,0,29,0
C04283,2024-02,29,Basic,34.81,4,27,0
C04284,2023-01,43,Standard,58.61,0,6,0
C04285,2024-01,20,Standard,67.18,1,21,0
C04286,2024-04,20,Standard,54.83,3,14,0
C04287,2024-04,38,Basic,41.42,2,24,0
C04288,2023-12,32,Standard,68.68,2,8,1
C04289,2024-01,45,Standard,65.2,0,21,0
C04290,2024-02,50,Basic,29.49,0,8,0
C04291,2024-04,40,Standard,58.16,2,23,0
C04292,2024-04,25,Basic,25.28,2,5,0
C04293,2023-09,6,Standard,56.26,4,29,0
C04294,2023-04,6,Basic,28.12,0,26,0
C04295,2023-08,48,Standard,54.11,0,23,0
C04296,2023-11,31,Basic,28.81,1,22,0
C04297,2024-03,50,Premium,104.34,0,21,1
C04298,2023-01,27,Basic,24.57,2,14,0
C04299,2023-01,38,Premium,101.77,2,20,0
C04300,2024-05,29,Basic,29.43,3,20,1
C04301,2024-01,18,Premium,102.97,1,16,0
C04302,2023-02,35,Premium,100.28,2,19,0
C04303,2024-05,8,Premium,91.44,4,11,0
C04304,2023-10,58,Standard,60.23,1,19,0
C04305,2023-11,3,Standard,63.12,0,17,0
C04306,2023-03,44,Basic,27.63,2,12,0
C04307,2023-01,32,Basic,31.26,2,13,0
C04308,2023-06,48,Premium,104.07,1,25,0
C04309,2023-06,3,Standard,52.91,3,9,1
C04310,2024-04,56,Premium,105.61,0,9,0
C04311,2023-04,29,Premium,106.25,2,14,0
C04312,2023-01,9,Basic,29.71,4,21,0
C04313,2024-02,24,Premium,104.19,3,0,1
C04314,2023-12,34,Premium,96.44,2,27,0
C04315,2024-04,7,Standard,59.23,3,7,1
C04316,2024-02,28,Premium,107.47,4,21,1
C04317,2023-12,6,Standard,65.61,3,0,0
C04318,2023-05,33,Basic,25.55,0,18,1
C04319,2023-06,11,Basic,28.07,2,2,0
C04320,2024-06,29,Premium,101.11,2,13,0
C04321,2023-03,17,Standard,52.5,2,10,0
C04322,2024-02,43,Basic,31.31,1,18,1
C04323,2023-07,3,Basic,32.91,0,11,1
C04324,2024-01,9,Premium,94.69,2,1,1
C04325,2023-01,4,Premium,100.28,1,21,1
C04326,2024-05,43,Standard,62.27,2,4,1
C04327,2023-11,57,Basic,15.78,2,17,0
C04328,2023-07,56,Standard,60.39,3,23,1
C04329,2024-04,31,Standard,60.96,0,9,0
C04330,2024-06,12,Standard,56.03,2,13,0
C04331,2023-05,35,Basic,32.14,5,13,0
C04332,2023-05,55,Premium,98.34,2,15,0
C04333,2024-05,5,Standard,64.61,0,12,0
C04334,2023-06,5,Premium,89.86,1,5,0
C04335,2023-12,49,Standard,56.26,3,11,0
C04336,2024-02,53,Standard,60.59,2,12,0
C04337,2023-11,28,Basic,35.85,2,19,0
C04338,2023-12,2,Basic,31.68,2,28,0
C04339,2023-05,39,Basic,28.84,1,6,0
C04340,2024-02,51,Premium,93.38,1,12,0
C04341,2023-06,49,Premium,91.29,0,14,0
C04342,2024-04,34,Standard,62.09,1,24,0
C04343,2023-01,28,Premium,98.18,2,16,0
C04344,2023-05,36,Basic,31.8,1,17,0
C04345,2023-09,3,Standard,62.91,1,14,0
C04346,2023-11,30,Premium,96.19,1,9,0
C04347,2023-11,35,Premium,95.02,2,17,0
C04348,2024-05,55,Standard,56.4,1,16,0
C04349,2024-06,49,Premium,102.78,1,35,0
C04350,2023-05,39,Premium,101.06,2,10,0
C04351,2024-04,6,Premium,103.43,2,22,0
C04352,2023-03,35,Premium,99.77,3,10,0
C04353,2023-10,18,Standard,53.86,1,15,0
C04354,2023-11,15,Standard,60.91,3,7,0
C04355,2023-12,37,Basic,26.1,3,21,0
C04356,2024-05,13,Standard,65.2,1,17,0
C04357,2024-02,18,Standard,66.69,0,22,0
C04358,2023-05,13,Premium,94.71,3,12,0
C04359,2023-07,45,Standard,69.16,2,20,0
C04360,2024-06,24,Premium,99.36,4,20,0
C04361,2024-05,14,Standard,65.74,2,0,0
C04362,2023-10,47,Premium,100.82,3,17,0
C04363,2023-11,14,Premium,93.58,0,14,0
C04364,2023-12,42,Standard,61.42,1,9,0
C04365,2023-09,31,Premium,96.63,3,21,0
C04366,2023-11,30,Premium,103.92,0,11,0
C04367,2023-09,39,Basic,29.22,2,16,1
C04368,2024-01,25,Premium,100.73,1,15,1
C04369,2024-04,13,Standard,68.67,0,8,0
C04370,2023-09,36,Premium,100.96,0,14,0
C04371,2023-09,27,Basic,34.23,2,30,1
C04372,2024-04,28,Premium,97.0,5,18,0
C04373,2024-01,31,Standard,52.09,2,2,0
C04374,2023-04,9,Basic,20.41,1,11,0
C04375,2023-02,52,Basic,30.17,0,18,0
C04376,2024-06,18,Basic,23.68,2,13,0
C04377,2024-02,9,Basic,32.91,2,24,0
C04378,2023-02,58,Premium,99.58,0,23,1
C04379,2023-09,22,Premium,98.89,3,21,0
C04380,2023-08,16,Basic,31.61,2,12,0
C04381,2024-06,37,Standard,55.97,1,10,0
C04382,2023-01,16,Basic,29.01,1,13,0
C04383,2023-06,21,Basic,15.87,1,13,0
C04384,2023-07,53,Standard,59.32,0,16,0
C04385,2023-03,2,Basic,29.26,1,10,0
C04386,2024-04,40,Standard,62.68,1,5,0
C04387,2023-08,16,Standard,66.29,0,16,0
C04388,2023-06,40,Basic,29.94,1,22,0
C04389,2023-01,18,Basic,32.1,0,36,0
C04390,2024-01,20,Standard,59.87,0,19,0
C04391,2023-03,15,Basic,36.74,1,26,0
C04392,2023-05,29,Standard,66.42,0,38,0
C04393,2024-01,25,Premium,98.3,3,14,1
C04394,2023-07,49,Standard,60.29,1,22,0
C04395,2024-05,32,Standard,61.17,1,17,0
C04396,2024-05,2,Standard,54.79,1,22,0
C04397,2023-07,54,Standard,61.09,1,19,0
C04398,2024-01,46,Basic,29.9,4,19,1
C04399,2023-07,26,Basic,35.15,4,4,1
C04400,2023-08,26,Standard,53.7,2,9,0
C04401,2024-01,58,Basic,24.27,1,27,0
C04402,2023-08,31,Basic,34.95,5,25,0
C04403,2023-01,5,Standard,60.9,5,19,1
C04404,2024-01,23,Standard,54.32,1,13,1
C04405,2024-03,28,Premium,105.54,2,2,0
C04406,2023-09,6,Standard,56.56,3,0,1
C04407,2023-09,18,Standard,57.33,1,21,0
C04408,2024-05,11,Basic,27.78,0,27,0
C04409,2023-02,52,Basic,25.68,1,2,0
C04410,2023-08,24,Basic,35.34,2,22,1
C04411,2023-03,59,Basic,32.2,3,16,0
C04412,2023-09,36,Basic,31.53,0,16,1
C04413,2024-03,60,Standard,57.37,5,18,1
C04414,2023-09,10,Standard,53.37,1,27,0
C04415,2024-02,12,Basic,29.05,2,28,0
C04416,2023-08,34,Basic,24.13,2,31,0
C04417,2023-06,40,Basic,30.72,2,19,0
C04418,2023-06,31,Standard,51.4,3,12,1
C04419,2023-03,52,Basic,23.23,2,5,1
C04420,2023-06,7,Standard,66.11,0,18,0
C04421,2024-06,50,Standard,60.67,1,26,0
C04422,2023-05,47,Basic,21.87,4,11,0
C04423,2023-01,12,Basic,26.13,4,15,1
C04424,2024-05,11,Standard,61.05,4,26,0
C04425,2023-02,33,Premium,108.28,1,15,0
C04426,2024-04,11,Basic,21.03,1,15,0
C04427,2023-12,9,Basic,22.93,2,21,0
C04428,2023-08,18,Standard,70.22,2,15,0
C04429,2023-08,46,Basic,30.43,3,17,1
C04430,2023-03,39,Basic,26.06,1,18,0
C04431,2023-10,9,Basic,39.64,0,0,0
C04432,2024-01,52,Standard,62.35,1,5,0
C04433,2024-05,47,Standard,67.53,2,0,0
C04434,2023-12,42,Premium,95.71,0,6,0
C04435,2024-01,37,Premium,100.66,3,14,0
C04436,2023-06,34,Standard,62.47,1,8,0
C04437,2023-02,32,Basic,30.01,1,14,0
C04438,2023-10,39,Standard,48.92,1,25,0
C04439,2024-01,58,Standard,63.71,2,5,0
C04440,2023-11,24,Basic,26.23,2,20,0
C04441,2023-07,49,Basic,26.72,5,11,0
C04442,2024-03,41,Basic,28.18,1,20,0
C04443,2023-05,51,Premium,103.95,3,22,0
C04444,2023-08,20,Standard,53.14,1,10,0
C04445,2024-03,58,Basic,33.45,1,15,1
C04446,2024-03,26,Standard,58.32,1,13,0
C04447,2023-05,14,Standard,65.94,2,0,0
C04448,2023-05,4,Basic,33.29,1,19,0
C04449,2023-10,60,Basic,25.26,1,11,0
C04450,2024-01,23,Standard,51.49,1,13,0
C04451,2023-03,56,Standard,52.76,0,16,0
C04452,2024-06,23,Premium,100.91,0,21,0
C04453,2023-03,60,Standard,64.41,1,27,0
C04454,2024-05,13,Standard,57.48,1,18,0
C04455,2024-06,7,Basic,29.65,6,15,1
C04456,2023-07,2,Premium,105.76,5,21,0
C04457,2024-03,24,Basic,29.12,1,12,0
C04458,2024-03,52,Premium,102.79,3,13,1
C04459,2023-12,21,Standard,66.78,2,12,0
C04460,2023-04,34,Premium,95.92,1,11,0
C04461,2024-02,49,Standard,61.17,4,16,0
C04462,2024-06,3,Premium,103.49,2,11,0
C04463,2023-03,37,Premium,95.65,0,22,0
C04464,2023-11,10,Standard,59.4,3,26,0
C04465,2023-09,29,Premium,93.91,2,6,0
C04466,2023-03,49,Basic,28.7,2,7,0
C04467,2023-08,18,Standard,59.13,1,5,1
C04468,2023-05,20,Basic,33.11,1,28,0
C04469,2024-02,37,Basic,29.78,1,19,0
C04470,2024-02,57,Basic,33.19,1,20,0
C04471,2023-01,17,Basic,25.55,1,17,0
C04472,2023-09,11,Basic,31.8,0,6,0
C04473,2023-08,51,Basic,34.7,2,18,0
C04474,2024-04,11,Premium,97.16,2,4,1
C04475,2023-11,43,Standard,62.99,2,2,0
C04476,2023-09,24,Standard,56.21,2,11,0
C04477,2023-11,36,Premium,92.98,0,6,0
C04478,2023-05,21,Premium,106.78,2,17,0
C04479,2024-05,54,Premium,109.09,4,5,0
C04480,2023-08,52,Premium,104.43,4,22,1
C04481,2024-04,2,Standard,55.42,3,16,1
C04482,2024-04,33,Standard,52.46,1,22,0
C04483,2023-10,26,Basic,23.25,0,23,0
C04484,2023-05,17,Basic,24.76,3,17,0
C04485,2023-08,55,Basic,26.36,2,23,0
C04486,2024-06,10,Basic,20.39,2,7,0
C04487,2024-01,27,Premium,100.61,4,15,0
C04488,2023-03,22,Standard,58.06,1,11,0
C04489,2023-03,40,Standard,58.93,2,4,0
C04490,2024-02,60,Basic,29.8,1,19,0
C04491,2024-02,28,Basic,27.54,1,16,0
C04492,2023-12,2,Standard,50.59,2,20,1
C04493,2024-04,16,Standard,52.84,2,19,0
C04494,2023-07,26,Premium,109.58,1,19,0
C04495,2023-10,55,Basic,21.56,1,13,0
C04496,2023-11,52,Basic,23.63,3,5,1
C04497,2024-01,21,Premium,93.08,1,18,0
C04498,2023-03,7,Basic,36.88,2,20,0
C04499,2024-06,1,Basic,33.92,3,21,1
C04500,2023-05,58,Basic,29.66,1,13,0
C04501,2023-06,1,Standard,65.05,0,12,1
C04502,2023-12,19,Standard,57.49,0,8,0
C04503,2023-06,6,Basic,24.98,1,21,0
C04504,2023-02,22,Basic,29.66,1,0,0
C04505,2023-01,6,Basic,31.14,3,13,0
C04506,2024-01,13,Basic,33.63,0,9,0
C04507,2023-09,32,Basic,33.0,1,9,0
C04508,2023-03,40,Premium,105.44,0,21,0
C04509,2023-03,19,Basic,24.47,2,9,0
C04510,2023-06,55,Standard,57.06,1,10,0
C04511,2023-04,45,Premium,95.32,3,13,0
C04512,2023-10,15,Premium,102.23,2,7,1
C04513,2023-06,55,Standard,67.61,3,0,0
C04514,2023-12,52,Standard,67.55,0,21,0
C04515,2024-01,20,Standard,62.68,1,12,0
C04516,2023-10,60,Basic,29.26,1,6,0
C04517,2024-03,14,Basic,25.91,0,16,1
C04518,2023-03,10,Basic,25.46,1,15,1
C04519,2023-05,57,Basic,23.99,2,27,1
C04520,2023-05,29,Basic,29.21,3,29,0
C04521,2023-11,19,Standard,64.89,0,0,0
C04522,2024-02,46,Standard,53.45,3,0,0
C04523,2024-06,60,Premium,103.63,1,14,0
C04524,2023-07,20,Premium,107.73,1,10,0
C04525,2023-12,42,Basic,23.09,1,21,0
C04526,2023-03,13,Standard,67.23,3,6,1
C04527,2024-01,54,Standard,57.56,3,11,1
C04528,2024-01,32,Standard,69.56,3,19,0
C04529,2024-03,56,Standard,56.49,0,10,1
C04530,2024-02,21,Premium,95.49,1,12,0
C04531,2023-06,59,Premium,96.08,0,11,1
C04532,2023-09,51,Basic,29.24,0,18,0
C04533,2023-05,32,Standard,57.29,2,23,1
C04534,2024-05,9,Basic,33.92,2,15,0
C04535,2023-06,18,Basic,30.69,2,14,0
C04536,2023-12,50,Basic,16.57,3,23,0
C04537,2023-12,52,Premium,93.87,3,10,0
C04538,2024-05,7,Standard,63.08,0,17,0
C04539,2024-05,10,Standard,65.47,1,19,0
C04540,2023-07,26,Premium,101.91,1,18,0
C04541,2024-03,47,Basic,34.37,2,7,0
C04542,2023-10,38,Premium,97.19,0,11,0
C04543,2023-02,49,Standard,64.24,0,17,0
C04544,2023-03,2,Standard,58.64,1,9,0
C04545,2024-03,57,Standard,54.49,1,8,0
C04546,2023-08,39,Premium,105.56,1,8,0
C04547,2023-08,54,Premium,97.15,2,32,0
C04548,2023-02,20,Premium,94.62,3,20,0
C04549,2023-09,43,Premium,101.73,1,2,0
C04550,2023-08,1,Premium,106.35,1,4,1
C04551,2023-08,53,Standard,54.19,1,29,0
C04552,2023-03,28,Basic,25.55,2,9,0
C04553,2024-06,18,Premium,92.7,1,17,0
C04554,2023-10,2,Premium,96.0,2,23,0
C04555,2024-04,43,Basic,32.06,1,23,0
C04556,2024-06,14,Premium,99.35,1,16,0
C04557,2024-01,8,Basic,33.48,2,14,0
C04558,2024-06,22,Basic,28.39,0,22,0
C04559,2024-02,1,Premium,97.29,0,19,1
C04560,2024-04,42,Basic,30.92,1,7,1
C04561,2023-09,9,Premium,92.4,1,13,0
C04562,2023-09,19,Premium,95.41,3,10,0
C04563,2023-07,58,Standard,65.89,0,17,0
C04564,2023-10,24,Basic,31.8,1,27,0
C04565,2024-06,35,Premium,99.93,1,14,0
C04566,2023-04,5,Basic,24.01,2,16,0
C04567,2023-03,1,Basic,26.96,3,19,0
C04568,2023-06,51,Standard,54.72,0,7,0
C04569,2023-04,29,Standard,54.26,4,5,0
C04570,2024-03,54,Premium,109.86,0,12,0
C04571,2023-09,31,Premium,96.31,0,17,0
C04572,2023-12,23,Basic,34.54,1,25,0
C04573,2024-06,52,Basic,22.47,0,29,0
C04574,2023-03,47,Basic,25.19,0,18,0
C04575,2023-11,11,Basic,31.63,2,23,0
C04576,2024-06,53,Premium,104.49,3,21,1
C04577,2023-12,60,Premium,99.88,1,25,1
C04578,2024-02,55,Standard,63.45,2,16,0
C04579,2023-07,33,Standard,52.73,1,9,0
C04580,2024-04,40,Premium,103.52,1,0,0
C04581,2023-03,48,Premium,100.43,1,25,0
C04582,2024-04,48,Basic,29.29,0,13,0
C04583,2023-11,30,Standard,55.06,1,18,0
C04584,2023-02,13,Basic,31.31,0,26,0
C04585,2023-12,1,Premium,99.79,3,24,1
C04586,2023-11,43,Standard,50.97,1,14,0
C04587,2023-11,54,Basic,32.77,1,19,0
C04588,2023-04,6,Basic,21.35,1,1,0
C04589,2023-05,36,Basic,32.38,3,0,0
C04590,2023-11,36,Premium,104.46,1,19,0
C04591,2023-11,52,Basic,26.93,6,7,1
C04592,2023-10,35,Standard,48.89,0,26,1
C04593,2023-10,7,Basic,35.89,2,12,0
C04594,2023-09,9,Premium,94.12,0,15,0
C04595,2023-11,10,Standard,58.96,1,22,0
C04596,2023-12,5,Premium,107.8,0,8,1
C04597,2023-10,20,Premium,96.65,6,13,0
C04598,2023-11,2,Standard,46.37,1,18,1
C04599,2024-05,6,Basic,24.52,2,24,0
C04600,2023-12,55,Basic,32.38,1,19,1
C04601,2023-11,17,Standard,56.05,0,10,0
C04602,2023-07,12,Premium,95.16,1,26,0
C04603,2023-02,6,Basic,39.5,2,9,0
C04604,2024-06,54,Premium,96.99,0,21,0
C04605,2024-06,6,Premium,106.24,0,12,0
C04606,2024-06,56,Premium,107.65,2,27,0
C04607,2023-10,36,Premium,89.01,5,8,1
C04608,2023-10,26,Basic,30.43,4,29,0
C04609,2023-11,27,Basic,31.88,1,29,0
C04610,2023-03,4,Basic,28.9,0,0,1
C04611,2023-04,38,Basic,29.17,1,4,0
C04612,2023-12,3,Standard,63.36,3,16,0
C04613,2023-06,7,Standard,58.73,2,7,0
C04614,2023-03,36,Basic,25.14,1,8,0
C04615,2023-04,12,Premium,103.54,3,17,0
C04616,2023-07,2,Standard,68.47,4,1,0
C04617,2024-05,9,Basic,23.62,0,11,0
C04618,2024-05,27,Basic,29.74,1,32,0
C04619,2023-07,37,Premium,97.35,2,23,0
C04620,2024-02,16,Basic,28.53,1,18,0
C04621,2023-07,43,Standard,61.55,4,2,0
C04622,2023-05,19,Standard,67.48,1,5,0
C04623,2023-10,38,Standard,69.16,0,6,0
C04624,2024-02,40,Basic,32.86,2,14,0
C04625,2023-01,39,Standard,53.82,0,25,0
C04626,2023-07,26,Premium,111.6,0,16,0
C04627,2023-06,45,Basic,28.77,1,14,0
C04628,2023-08,38,Basic,23.82,1,7,1
C04629,2023-08,3,Basic,32.15,2,14,0
C04630,2024-01,47,Basic,24.81,2,17,1
C04631,2023-04,14,Standard,48.5,3,0,0
C04632,2023-04,42,Basic,27.97,3,10,0
C04633,2023-04,1,Standard,62.22,0,32,0
C04634,2023-05,29,Basic,40.04,3,0,0
C04635,2023-12,51,Basic,25.41,0,10,0
C04636,2024-05,27,Standard,57.01,4,14,0
C04637,2023-07,29,Premium,89.9,1,13,0
C04638,2024-01,10,Basic,40.59,2,6,0
C04639,2023-08,56,Premium,105.23,1,10,0
C04640,2023-02,18,Standard,59.4,2,17,0
C04641,2023-06,28,Standard,66.56,3,14,1
C04642,2024-03,57,Basic,28.01,1,0,0
C04643,2023-04,14,Standard,50.6,0,22,0
C04644,2023-09,10,Standard,55.54,2,14,0
C04645,2024-04,50,Basic,31.21,3,15,0
C04646,2024-03,34,Basic,28.17,3,16,1
C04647,2024-03,42,Basic,29.8,2,14,1
C04648,2024-04,56,Standard,55.38,0,6,0
C04649,2024-04,18,Basic,23.57,2,18,0
C04650,2023-01,58,Basic,19.05,0,25,0
C04651,2024-01,42,Standard,53.14,2,1,0
C04652,2023-05,36,Premium,102.48,4,21,1
C04653,2024-05,47,Standard,50.01,1,15,0
C04654,2024-05,7,Standard,57.49,0,12,0
C04655,2023-01,48,Standard,64.76,0,17,0
C04656,2023-08,57,Basic,29.07,0,22,0
C04657,2024-06,17,Basic,26.86,0,8,0
C04658,2023-06,37,Premium,97.13,1,13,0
C04659,2023-05,34,Basic,32.88,3,6,0
C04660,2024-06,21,Premium,96.04,2,6,0
C04661,2024-04,22,Basic,32.9,1,6,0
C04662,2023-10,7,Premium,108.27,1,19,0
C04663,2023-09,28,Standard,54.35,3,21,0
C04664,2023-12,41,Standard,52.75,1,15,0
C04665,2023-07,31,Premium,94.7,2,19,0
C04666,2023-11,21,Basic,31.99,1,25,0
C04667,2024-06,49,Basic,33.02,2,1,0
C04668,2024-06,15,Standard,56.79,0,8,1
C04669,2023-05,5,Basic,30.77,2,0,1
C04670,2023-07,56,Basic,28.22,1,18,0
C04671,2023-03,35,Premium,96.61,3,24,1
C04672,2023-05,36,Standard,61.55,3,19,1
C04673,2023-12,14,Basic,28.66,0,9,1
C04674,2024-02,17,Basic,32.49,1,1,1
C04675,2024-03,18,Premium,97.46,1,24,0
C04676,2023-08,6,Standard,60.64,1,17,0
C04677,2024-06,6,Standard,63.71,2,10,0
C04678,2023-02,49,Basic,28.51,1,5,0
C04679,2023-06,18,Premium,103.28,0,25,0
C04680,2023-01,45,Premium,95.66,0,22,0
C04681,2024-02,32,Basic,24.79,1,13,0
C04682,2024-05,7,Basic,30.9,2,18,0
C04683,2023-09,60,Premium,105.3,3,7,1
C04684,2023-12,45,Standard,63.84,0,12,0
C04685,2023-06,36,Premium,97.36,0,21,1
C04686,2023-01,7,Premium,90.68,3,25,0
C04687,2023-06,13,Basic,26.53,4,4,1
C04688,2023-06,3,Premium,98.15,0,11,1
C04689,2023-05,14,Basic,38.8,4,36,1
C04690,2024-03,4,Premium,92.9,0,8,1
C04691,2023-04,9,Basic,39.76,1,29,0
C04692,2023-12,47,Basic,33.47,1,13,0
C04693,2024-02,57,Standard,54.79,0,8,0
C04694,2024-04,5,Basic,28.73,1,14,0
C04695,2023-02,11,Standard,62.37,1,0,0
C04696,2023-04,44,Standard,63.32,2,9,0
C04697,2023-03,11,Basic,36.29,4,17,1
C04698,2023-08,7,Standard,59.36,2,0,0
C04699,2024-05,11,Standard,56.14,1,31,0
C04700,2024-05,57,Premium,91.96,2,12,0
C04701,2023-11,60,Premium,99.47,0,13,0
C04702,2024-06,11,Premium,99.09,1,17,0
C04703,2024-02,14,Standard,63.05,2,10,0
C04704,2023-09,54,Standard,65.38,1,8,0
C04705,2023-01,39,Basic,22.43,1,8,0
C04706,2024-06,19,Standard,53.99,1,9,0
C04707,2023-04,6,Premium,98.29,1,21,0
C04708,2023-08,9,Basic,36.11,1,23,0
C04709,2024-06,35,Basic,38.84,1,5,0
C04710,2023-05,59,Premium,98.58,1,8,0
C04711,2023-08,12,Premium,103.88,0,16,0
C04712,2024-05,16,Basic,31.76,1,9,0
C04713,2023-08,35,Basic,21.99,2,2,0
C04714,2024-05,6,Standard,62.05,0,15,0
C04715,2023-11,17,Standard,57.77,0,6,0
C04716,2023-02,53,Basic,25.95,0,16,0
C04717,2023-05,55,Basic,31.96,1,14,0
C04718,2023-03,15,Premium,99.03,1,15,0
C04719,2023-03,40,Standard,59.28,1,3,0
C04720,2023-03,41,Premium,96.56,1,7,0
C04721,2023-06,21,Standard,55.4,1,15,0
C04722,2023-01,55,Standard,63.39,2,21,1
C04723,2023-01,1,Basic,25.66,2,18,0
C04724,2023-03,47,Basic,25.37,1,14,0
C04725,2023-03,49,Premium,96.25,1,9,0
C04726,2023-04,13,Standard,58.52,1,11,0
C04727,2023-12,58,Premium,100.31,2,11,0
C04728,2023-01,41,Premium,90.51,3,12,0
C04729,2024-01,23,Standard,58.29,1,17,0
C04730,2023-10,51,Premium,96.57,2,16,0
C04731,2023-03,17,Basic,30.14,0,25,0
C04732,2024-06,10,Premium,105.6,1,20,0
C04733,2023-03,32,Premium,95.59,3,9,1
C04734,2024-05,53,Standard,65.65,1,26,0
C04735,2024-01,3,Standard,53.97,0,30,0
C04736,2024-03,33,Standard,60.35,2,15,1
C04737,2023-01,39,Basic,26.23,1,17,0
C04738,2024-01,57,Basic,35.98,3,18,1
C04739,2023-12,22,Basic,26.12,2,11,0
C04740,2023-05,18,Premium,91.57,0,18,0
C04741,2023-08,37,Basic,36.24,1,19,0
C04742,2024-05,52,Standard,59.17,0,11,0
C04743,2023-02,21,Standard,59.84,3,16,0
C04744,2024-01,53,Basic,25.8,5,0,0
C04745,2023-02,36,Premium,105.34,1,3,0
C04746,2023-07,4,Standard,59.49,3,13,1
C04747,2024-06,39,Premium,94.74,3,13,0
C04748,2024-05,23,Basic,26.69,3,18,1
C04749,2023-09,5,Basic,29.73,0,7,0
C04750,2024-01,60,Basic,39.71,2,29,0
C04751,2024-06,34,Basic,29.9,1,22,0
C04752,2023-09,48,Basic,32.87,1,11,0
C04753,2023-06,17,Premium,105.14,1,24,0
C04754,2023-08,31,Standard,56.86,0,4,0
C04755,2023-07,25,Premium,96.8,4,5,0
C04756,2023-09,5,Standard,50.38,1,0,1
C04757,2023-05,44,Basic,31.88,2,0,0
C04758,2023-10,40,Premium,101.98,4,28,0
C04759,2023-10,34,Premium,95.74,1,16,0
C04760,2023-08,11,Basic,19.56,3,20,0
C04761,2023-05,49,Premium,99.16,0,16,0
C04762,2024-02,47,Premium,102.03,0,8,0
C04763,2023-03,20,Standard,53.09,2,14,0
C04764,2023-10,3,Standard,56.49,1,9,0
C04765,2023-06,41,Standard,67.96,0,26,0
C04766,2023-10,49,Standard,51.33,1,1,0
C04767,2024-01,3,Basic,24.12,1,0,0
C04768,2023-12,47,Premium,99.56,1,34,0
C04769,2023-10,44,Basic,23.01,5,36,1
C04770,2023-01,56,Premium,91.59,0,16,0
C04771,2023-10,31,Standard,67.28,2,16,0
C04772,2024-05,18,Standard,50.3,1,10,0
C04773,2024-05,53,Premium,94.86,0,17,0
C04774,2023-04,2,Basic,31.91,1,31,0
C04775,2024-05,36,Premium,105.76,2,11,0
C04776,2023-11,54,Standard,53.22,1,21,0
C04777,2023-02,9,Standard,62.24,2,24,0
C04778,2023-10,22,Basic,39.29,2,8,0
C04779,2023-08,4,Standard,57.34,3,27,1
C04780,2023-12,14,Basic,32.93,0,29,0
C04781,2023-11,34,Standard,57.16,2,11,0
C04782,2023-08,8,Standard,63.5,3,34,0
C04783,2023-03,52,Basic,27.1,0,15,1
C04784,2024-05,39,Standard,64.82,1,17,0
C04785,2024-06,57,Basic,30.81,2,16,1
C04786,2023-03,13,Basic,31.65,2,11,0
C04787,2023-07,13,Standard,62.1,6,24,1
C04788,2023-08,42,Standard,58.08,0,6,1
C04789,2023-03,27,Basic,28.58,6,13,0
C04790,2024-05,59,Premium,95.01,3,23,0
C04791,2023-04,21,Standard,73.2,3,17,0
C04792,2024-06,33,Standard,63.31,1,20,0
C04793,2023-01,34,Basic,30.53,1,12,0
C04794,2023-01,14,Basic,24.14,0,32,0
C04795,2023-04,22,Standard,50.05,0,17,0
C04796,2024-05,54,Premium,111.06,0,7,0
C04797,2024-01,16,Premium,91.53,0,10,0
C04798,2024-04,41,Premium,101.5,1,10,0
C04799,2023-04,19,Premium,97.5,2,10,0
C04800,2023-01,59,Standard,65.14,0,0,0
C04801,2024-01,44,Basic,22.32,0,28,0
C04802,2023-05,51,Standard,64.99,1,22,0
C04803,2023-03,5,Standard,47.33,2,19,0
C04804,2023-10,56,Premium,105.89,3,23,1
C04805,2023-08,19,Basic,28.35,3,22,0
C04806,2023-01,31,Standard,58.46,1,16,0
C04807,2023-07,49,Standard,61.32,2,12,0
C04808,2023-07,47,Basic,27.38,1,12,0
C04809,2023-03,33,Basic,29.43,1,17,0
C04810,2023-11,18,Standard,60.56,2,20,0
C04811,2023-02,6,Standard,60.19,2,23,0
C04812,2023-10,55,Premium,98.64,0,2,1
C04813,2023-02,35,Standard,62.0,4,14,0
C04814,2023-11,41,Basic,23.79,0,20,0
C04815,2024-02,60,Standard,64.77,2,14,0
C04816,2023-02,51,Premium,96.99,1,2,0
C04817,2023-05,7,Basic,25.71,1,25,0
C04818,2023-02,55,Basic,23.15,2,23,0
C04819,2024-05,56,Basic,22.27,1,22,0
C04820,2024-01,24,Standard,57.39,3,4,0
C04821,2024-01,6,Basic,34.56,1,6,0
C04822,2023-11,30,Basic,28.35,1,13,0
C04823,2023-06,14,Basic,33.09,2,16,0
C04824,2023-12,17,Standard,59.03,0,10,0
C04825,2024-06,28,Premium,103.27,1,13,0
C04826,2024-04,37,Basic,28.19,2,14,0
C04827,2024-06,32,Standard,63.09,1,16,0
C04828,2023-07,10,Premium,99.07,2,28,0
C04829,2023-10,54,Standard,57.43,3,37,0
C04830,2023-08,3,Basic,33.99,3,0,1
C04831,2024-05,36,Basic,40.23,2,19,0
C04832,2023-11,50,Basic,28.63,1,13,0
C04833,2024-06,31,Premium,96.37,1,23,0
C04834,2024-02,34,Basic,28.86,0,9,1
C04835,2023-12,15,Premium,102.64,1,13,0
C04836,2023-04,8,Basic,28.9,0,0,0
C04837,2023-01,29,Premium,105.23,1,14,0
C04838,2023-12,4,Premium,96.49,1,8,0
C04839,2023-03,38,Premium,101.42,0,21,0
C04840,2023-06,19,Premium,94.67,1,17,0
C04841,2023-09,46,Standard,61.03,1,5,0
C04842,2024-02,11,Standard,58.87,0,16,0
C04843,2023-10,37,Standard,60.08,4,7,0
C04844,2024-03,42,Premium,108.64,2,15,1
C04845,2023-05,34,Standard,61.6,1,0,0
C04846,2024-01,24,Premium,96.12,3,0,0
C04847,2023-05,37,Basic,25.04,1,10,0
C04848,2023-01,7,Standard,61.06,2,19,0
C04849,2023-07,57,Standard,56.07,1,12,0
C04850,2023-04,57,Basic,34.93,1,25,0
C04851,2023-10,50,Basic,31.23,2,19,0
C04852,2024-01,50,Standard,63.09,2,26,0
C04853,2023-01,4,Standard,50.74,1,18,0
C04854,2024-01,31,Basic,35.02,1,11,0
C04855,2023-01,30,Standard,49.8,1,12,0
C04856,2023-07,12,Premium,103.28,1,18,0
C04857,2024-05,47,Basic,26.03,1,15,0
C04858,2023-12,21,Premium,113.65,2,29,0
C04859,2023-05,58,Premium,96.43,3,12,0
C04860,2023-10,36,Basic,32.41,2,25,0
C04861,2024-02,58,Standard,53.28,2,11,0
C04862,2024-02,8,Basic,28.26,1,16,0
C04863,2024-01,36,Basic,37.15,1,9,0
C04864,2023-05,23,Premium,93.65,2,25,0
C04865,2024-06,18,Basic,23.02,0,15,0
C04866,2024-02,25,Standard,64.34,2,22,0
C04867,2023-01,60,Basic,35.34,1,28,0
C04868,2023-04,52,Standard,56.84,2,1,0
C04869,2023-07,44,Basic,26.51,0,9,0
C04870,2023-11,21,Premium,97.89,4,28,0
C04871,2023-09,49,Basic,29.12,5,24,0
C04872,2024-01,50,Standard,55.08,1,4,0
C04873,2023-10,16,Premium,90.25,3,25,0
C04874,2023-02,18,Premium,98.05,1,0,0
C04875,2024-04,54,Basic,29.51,1,7,0
C04876,2024-05,1,Basic,25.53,0,0,0
C04877,2023-03,26,Standard,59.02,0,16,0
C04878,2024-05,8,Standard,64.39,2,15,0
C04879,2023-07,6,Premium,104.96,2,20,0
C04880,2023-02,22,Basic,31.64,1,12,0
C04881,2023-02,25,Premium,103.69,0,11,0
C04882,2023-10,18,Basic,42.93,1,22,0
C04883,2023-11,5,Premium,110.39,0,13,1
C04884,2024-05,27,Basic,42.13,1,20,0
C04885,2024-02,38,Standard,61.9,1,1,0
C04886,2023-12,4,Premium,97.42,2,13,0
C04887,2023-01,18,Standard,58.35,1,15,0
C04888,2023-10,29,Standard,57.15,1,8,0
C04889,2024-03,4,Premium,99.42,2,18,0
C04890,2024-02,47,Standard,53.94,2,17,0
C04891,2023-12,39,Basic,32.25,0,21,1
C04892,2024-04,52,Basic,28.58,1,1,0
C04893,2024-01,53,Standard,60.03,3,11,0
C04894,2023-03,11,Premium,100.69,1,14,0
C04895,2024-01,17,Basic,19.67,2,18,0
C04896,2023-09,44,Premium,106.84,1,17,0
C04897,2023-07,13,Basic,32.92,2,10,0
C04898,2023-11,6,Basic,29.6,3,5,0
C04899,2023-07,60,Basic,28.56,3,0,1
C04900,2024-03,26,Basic,26.73,3,16,1
C04901,2023-01,6,Standard,53.54,1,20,0
C04902,2023-04,58,Basic,23.67,0,8,1
C04903,2024-01,11,Basic,29.52,2,9,1
C04904,2023-08,49,Standard,63.8,1,4,0
C04905,2023-05,43,Standard,61.73,3,21,0
C04906,2023-12,35,Premium,104.97,3,7,0
C04907,2024-03,13,Basic,29.74,2,10,1
C04908,2023-10,43,Premium,95.43,1,8,0
C04909,2023-06,38,Basic,29.18,1,22,0
C04910,2023-05,21,Basic,29.59,4,10,0
C04911,2023-02,19,Premium,101.94,1,6,0
C04912,2023-09,7,Standard,51.87,1,0,0
C04913,2024-03,4,Basic,30.51,4,0,1
C04914,2024-01,17,Basic,27.75,4,3,0
C04915,2024-03,7,Basic,20.61,2,6,0
C04916,2024-05,32,Premium,90.11,1,13,0
C04917,2023-01,12,Basic,28.16,1,18,0
C04918,2024-04,41,Basic,28.39,1,9,0
C04919,2023-06,38,Premium,90.52,3,18,1
C04920,2024-05,13,Standard,55.48,1,10,0
C04921,2024-06,27,Basic,26.52,2,24,0
C04922,2024-03,54,Standard,60.86,4,15,1
C04923,2024-06,28,Basic,28.78,2,24,0
C04924,2023-06,8,Premium,97.51,0,21,0
C04925,2023-01,21,Standard,51.82,4,13,0
C04926,2023-01,37,Standard,60.07,0,21,0
C04927,2024-06,45,Premium,101.36,0,16,0
C04928,2023-04,28,Standard,62.99,0,16,0
C04929,2024-01,45,Basic,26.84,1,33,0
C04930,2024-01,32,Basic,17.17,3,15,0
C04931,2023-01,52,Basic,34.11,2,15,0
C04932,2024-06,1,Standard,58.76,3,7,1
C04933,2023-06,43,Basic,28.43,3,5,1
C04934,2023-06,23,Standard,66.07,1,28,0
C04935,2023-12,26,Premium,96.16,1,9,1
C04936,2024-03,22,Premium,99.2,4,10,0
C04937,2024-01,44,Standard,54.27,3,22,0
C04938,2024-05,47,Basic,24.38,3,13,0
C04939,2023-03,60,Basic,22.99,0,8,0
C04940,2024-01,9,Standard,67.59,5,4,0
C04941,2023-02,49,Premium,106.39,1,13,0
C04942,2023-09,35,Premium,109.06,2,17,0
C04943,2024-06,40,Premium,95.69,2,10,0
C04944,2023-06,35,Basic,34.5,2,10,1
C04945,2023-11,59,Basic,21.94,1,18,0
C04946,2023-08,39,Premium,88.61,2,12,0
C04947,2023-09,35,Standard,55.83,0,16,0
C04948,2023-05,19,Premium,105.3,1,20,0
C04949,2024-05,39,Standard,63.77,3,10,0
C04950,2023-03,5,Premium,98.92,1,27,0
C04951,2024-06,29,Premium,98.01,3,6,0
C04952,2024-03,52,Basic,27.53,2,7,1
C04953,2023-08,60,Basic,24.78,1,13,0
C04954,2024-01,26,Standard,51.3,1,16,0
C04955,2023-06,35,Premium,98.65,1,16,1
C04956,2023-09,40,Standard,60.06,1,19,0
C04957,2023-03,5,Premium,102.4,1,34,0
C04958,2024-04,43,Standard,67.41,0,20,0
C04959,2024-06,32,Standard,52.83,0,17,0
C04960,2024-02,40,Premium,91.53,1,22,0
C04961,2023-05,46,Basic,26.84,3,32,1
C04962,2024-04,37,Basic,43.76,1,18,0
C04963,2024-06,3,Premium,102.47,1,7,0
C04964,2024-01,34,Basic,26.63,1,14,0
C04965,2023-08,44,Premium,92.56,1,18,0
C04966,2023-01,45,Standard,55.86,2,6,0
C04967,2024-01,56,Standard,58.11,1,17,0
C04968,2024-03,40,Standard,63.8,3,17,0
C04969,2023-04,2,Premium,101.32,1,16,1
C04970,2023-06,58,Premium,97.13,0,10,0
C04971,2023-09,22,Standard,55.13,1,15,0
C04972,2024-01,60,Premium,112.0,1,6,0
C04973,2023-05,26,Basic,26.33,1,14,0
C04974,2023-10,53,Premium,98.89,3,20,1
C04975,2023-05,16,Premium,98.38,3,20,0
C04976,2023-09,48,Premium,103.98,0,5,0
C04977,2023-07,54,Basic,25.29,4,6,0
C04978,2023-04,58,Premium,89.38,0,19,0
C04979,2023-03,11,Standard,69.18,3,11,0
C04980,2023-06,59,Standard,63.76,2,18,0
C04981,2024-04,22,Premium,95.94,4,15,1
C04982,2023-06,22,Standard,51.55,2,9,0
C04983,2023-08,11,Standard,68.6,1,13,0
C04984,2024-05,15,Standard,55.51,2,0,0
C04985,2023-04,44,Standard,54.21,4,29,1
C04986,2024-06,33,Basic,34.45,1,23,0
C04987,2023-01,24,Standard,58.28,1,21,0
C04988,2023-09,32,Premium,105.25,2,12,0
C04989,2023-11,55,Premium,102.64,5,13,1
C04990,2023-10,21,Standard,65.09,1,2,0
C04991,2023-07,15,Basic,15.64,1,6,0
C04992,2024-05,40,Basic,25.47,1,8,0
C04993,2024-04,5,Basic,18.64,1,12,0
C04994,2023-07,11,Basic,31.87,0,22,0
C04995,2023-08,46,Standard,54.66,1,28,0
C04996,2023-12,3,Basic,32.45,0,21,1
C04997,2023-11,20,Basic,20.35,2,0,0
C04998,2023-11,7,Standard,66.65,1,17,0
C04999,2023-06,14,Premium,104.75,1,15,0
C05000,2024-02,57,Basic,26.88,0,21,0
