campaign_id,date,channel,spend,impressions,clicks,conversions,revenue,roi
CAM0001,2024-02-06,Search,4729.43,744613,18863,961,198969.95,4107.1
CAM0002,2024-02-29,Email,4206.82,250511,5494,234,51482.8,1123.8
CAM0003,2024-10-13,Search,6222.48,582419,9096,560,134165.15,2056.1
CAM0004,2024-09-11,Display,2856.22,449390,14764,265,39193.06,1272.2
CAM0005,2024-03-06,Affiliate,5622.71,1094491,6360,340,88271.29,1469.9
CAM0006,2024-05-08,Social,2814.98,226334,1228,24,6551.99,132.8
CAM0007,2024-03-08,Email,5381.74,518403,12758,687,92519.79,1619.1
CAM0008,2024-11-07,Social,1225.1,96750,4502,43,4508.5,268.0
CAM0009,2024-03-14,Search,3677.29,443979,18756,1419,363745.87,9791.7
CAM0010,2024-10-23,Display,3654.32,613820,11338,130,25012.1,584.5
CAM0011,2024-08-05,Display,5103.7,446249,8296,74,21828.17,327.7
CAM0012,2024-03-22,Social,7928.41,1199569,58130,973,291850.99,3581.1
CAM0013,2024-07-02,Social,869.77,164973,5887,91,25541.79,2836.6
CAM0014,2024-06-29,Affiliate,3332.88,243626,11360,454,96196.61,2786.3
CAM0015,2024-01-01,Search,5450.06,898821,25872,1977,259896.48,4668.7
CAM0016,2024-09-18,Search,8758.88,1694196,44723,2931,783310.39,8843.0
CAM0017,2024-08-26,Affiliate,6689.01,1307016,39067,1286,179068.99,2577.1
CAM0018,2024-11-15,Social,5579.11,295272,11632,229,34172.79,512.5
CAM0019,2024-04-06,Social,4701.38,442160,20061,463,99205.63,2010.1
CAM0020,2024-01-10,Social,6967.8,363921,14018,303,37623.16,440.0
CAM0021,2024-01-23,Email,4886.81,921761,31469,1549,387812.16,7835.9
CAM0022,2024-10-24,Affiliate,6757.18,620129,4776,104,9544.05,41.2
CAM0023,2024-02-08,Social,5487.82,715649,22163,292,29326.14,434.4
CAM0024,2024-06-12,Social,7618.42,384210,14989,363,80036.22,950.6
CAM0025,2024-07-13,Search,7453.17,679793,12183,396,93822.79,1158.8
CAM0026,2024-12-12,Display,4662.24,646559,19337,292,46059.47,887.9
CAM0027,2024-01-27,Social,7808.27,1192941,53241,1294,146058.43,1770.6
CAM0028,2024-10-17,Affiliate,4144.74,822367,24923,870,117414.01,2732.8
CAM0029,2024-12-16,Social,2915.71,493097,4300,136,24609.22,744.0
CAM0030,2024-08-30,Email,6302.6,763329,7453,317,50844.51,706.7
CAM0031,2024-07-19,Display,6087.87,313534,5311,61,12657.85,107.9
CAM0032,2024-10-21,Email,4397.31,752721,11029,383,48074.09,993.3
CAM0033,2024-05-22,Affiliate,3524.16,210654,6893,291,25219.19,615.6
CAM0034,2024-01-03,Search,7095.08,1399989,9141,534,152826.39,2054.0
CAM0035,2024-01-19,Search,3414.33,292267,1531,127,10998.12,222.1
CAM0036,2024-04-03,Affiliate,5158.08,704655,8275,103,13668.4,165.0
CAM0037,2024-10-19,Social,3589.47,610067,26842,673,137174.19,3721.6
CAM0038,2024-11-18,Email,3420.53,547769,11275,515,66438.23,1842.3
CAM0039,2024-04-16,Social,2511.51,185851,5076,97,25536.22,916.8
CAM0040,2024-02-27,Search,2826.19,445611,19860,813,135959.04,4710.7
CAM0041,2024-04-19,Social,3482.72,497600,5867,162,18337.59,426.5
CAM0042,2024-12-27,Search,5833.88,435571,17879,1877,185414.0,3078.2
CAM0043,2024-05-13,Email,3804.48,561486,12276,721,199805.51,5151.8
CAM0044,2024-03-23,Social,8716.42,1588021,27830,817,101470.85,1064.1
CAM0045,2024-02-03,Display,7271.41,395795,17298,215,33210.59,356.7
CAM0046,2024-09-22,Affiliate,5462.99,305854,13152,361,62618.91,1046.2
CAM0047,2024-05-17,Social,344.11,24677,658,15,2464.0,616.1
CAM0048,2024-02-19,Email,3080.96,254980,6942,272,64529.06,1994.4
CAM0049,2024-07-16,Display,3347.85,522310,8368,110,31108.12,829.2
CAM0050,2024-09-08,Affiliate,4600.79,808766,8989,470,66507.38,1345.6
CAM0051,2024-02-12,Search,3553.62,480408,18000,1233,285356.91,7930.0
CAM0052,2024-07-10,Email,4617.79,332184,7443,305,47594.22,930.7
CAM0053,2024-02-22,Display,4845.99,827746,27582,481,122856.67,2435.2
CAM0054,2024-03-11,Search,6686.17,742256,29832,1673,271240.33,3956.7
CAM0055,2024-12-07,Affiliate,3778.49,440615,16052,466,132897.68,3417.2
CAM0056,2024-01-01,Social,5231.29,501006,16700,200,23070.14,341.0
CAM0057,2024-07-25,Email,4568.95,265020,6459,323,73013.41,1498.0
CAM0058,2024-09-03,Social,3549.09,691527,31269,696,117001.87,3196.7
CAM0059,2024-01-10,Search,5530.8,906178,4743,145,39807.31,619.7
CAM0060,2024-02-08,Social,5412.86,316938,7024,133,19788.69,265.6
CAM0061,2024-10-04,Email,8694.96,1577363,23617,1125,150835.88,1634.8
CAM0062,2024-12-03,Display,3162.19,558985,15611,85,17138.84,442.0
CAM0063,2024-02-08,Search,4900.87,356300,15678,1418,268394.56,5376.5
CAM0064,2024-04-18,Email,3789.87,408867,16975,835,67823.55,1689.6
CAM0065,2024-10-20,Affiliate,6480.55,605361,13595,623,174439.49,2591.7
CAM0066,2024-04-15,Social,4991.91,692156,18436,325,56350.48,1028.8
CAM0067,2024-01-15,Affiliate,4480.66,810201,32326,834,156112.13,3384.1
CAM0068,2024-03-06,Display,3114.5,176808,8419,131,33039.3,960.8
CAM0069,2024-06-08,Display,5670.25,946097,24161,314,65644.16,1057.7
CAM0070,2024-06-27,Search,3565.36,270556,7656,676,171094.89,4698.8
CAM0071,2024-08-05,Search,4535.13,506331,18921,1278,379616.96,8270.6
CAM0072,2024-07-01,Search,7329.72,1347084,62617,3187,722629.74,9758.9
CAM0073,2024-08-05,Affiliate,3729.35,667888,32132,1599,218964.5,5771.4
CAM0074,2024-02-05,Email,6627.83,703603,33828,1679,180505.24,2623.4
CAM0075,2024-06-11,Affiliate,644.51,78335,3686,193,50618.12,7753.7
CAM0076,2024-10-30,Search,3780.02,592135,29340,1575,150506.79,3881.6
CAM0077,2024-09-22,Email,4599.77,902729,8002,230,64494.26,1302.1
CAM0078,2024-02-27,Display,7436.93,1149848,49227,621,140278.67,1786.2
CAM0079,2024-05-15,Affiliate,6398.76,401778,11350,331,97484.64,1423.5
CAM0080,2024-06-18,Affiliate,6973.23,941212,9399,509,89397.16,1182.0
CAM0081,2024-09-02,Social,2450.95,355957,10749,156,25860.78,955.1
CAM0082,2024-11-18,Display,3389.59,277576,12923,198,26470.98,680.9
CAM0083,2024-01-29,Affiliate,5362.0,933276,15166,564,150977.3,2715.7
CAM0084,2024-03-28,Affiliate,5734.53,359347,12708,762,111657.01,1847.1
CAM0085,2024-06-29,Email,1508.53,278169,8501,346,29745.28,1871.8
CAM0086,2024-07-02,Search,1152.77,127249,3102,232,38291.43,3221.7
CAM0087,2024-11-15,Email,7174.02,546321,20089,820,98988.48,1279.8
CAM0088,2024-04-07,Affiliate,6305.56,1017172,14033,287,43162.97,584.5
CAM0089,2024-07-09,Email,5957.31,603583,14329,1119,224856.88,3674.5
CAM0090,2024-02-01,Affiliate,4236.06,331767,12770,546,46651.6,1001.3
CAM0091,2024-12-12,Search,3820.15,711962,8079,552,74367.48,1846.7
CAM0092,2024-11-30,Display,7215.51,1209531,53989,764,161162.77,2133.6
CAM0093,2024-02-17,Search,4795.32,956564,38187,2393,435058.74,8972.6
CAM0094,2024-08-09,Display,2596.74,501747,9175,143,21544.58,729.7
CAM0095,2024-02-03,Display,6498.28,472281,19653,147,23790.29,266.1
CAM0096,2024-06-01,Search,5351.77,538514,25979,1219,334132.34,6143.4
CAM0097,2024-07-28,Display,4088.91,543105,4111,61,11397.66,178.7
CAM0098,2024-05-23,Display,6979.26,1167500,25811,375,104451.85,1396.6
CAM0099,2024-05-17,Email,4458.75,642769,4915,251,58190.36,1205.1
CAM0100,2024-01-29,Display,3454.82,276446,7205,105,24153.68,599.1
CAM0101,2024-10-03,Affiliate,4963.47,545023,9933,323,66615.82,1242.1
CAM0102,2024-02-20,Email,3542.39,469186,7601,411,39239.5,1007.7
CAM0103,2024-08-09,Social,4726.23,538267,3143,58,13488.18,185.4
CAM0104,2024-06-26,Display,4013.16,767029,35136,264,76555.65,1807.6
CAM0105,2024-11-17,Affiliate,5333.05,518081,22505,928,208035.73,3800.9
CAM0106,2024-10-16,Email,2036.65,398946,12346,376,71055.4,3388.8
CAM0107,2024-01-29,Social,1703.69,296773,14827,444,123211.81,7132.1
CAM0108,2024-01-29,Social,6236.67,620931,13191,386,106542.15,1608.3
CAM0109,2024-01-01,Email,8240.54,1395323,11151,567,102539.65,1144.3
CAM0110,2024-03-13,Email,4879.84,382956,7665,365,79947.2,1538.3
CAM0111,2024-03-23,Search,3710.54,434481,20357,1004,199371.2,5273.1
CAM0112,2024-08-05,Affiliate,4159.02,441329,8201,288,77529.02,1764.1
CAM0113,2024-09-28,Affiliate,1679.62,318004,15100,360,78361.75,4565.4
CAM0114,2024-06-04,Social,2459.38,249360,3228,43,9961.83,305.1
CAM0115,2024-12-03,Display,6274.63,355082,11196,120,30114.51,379.9
CAM0116,2024-04-15,Search,4614.47,893021,40148,2909,634276.48,13645.4
CAM0117,2024-08-25,Email,6645.67,819623,37818,1934,173625.38,2512.6
CAM0118,2024-01-17,Search,8275.44,722172,15143,995,226590.5,2638.1
CAM0119,2024-06-19,Social,5394.57,971033,31542,567,157430.31,2818.3
CAM0120,2024-03-31,Search,1211.55,133773,6293,418,124254.44,10155.8
CAM0121,2024-05-15,Affiliate,6727.77,357254,2509,74,16678.92,147.9
CAM0122,2024-05-09,Email,3978.41,749512,26195,1518,259180.65,6414.7
CAM0123,2024-02-04,Search,4902.03,393160,6546,307,33162.18,576.5
CAM0124,2024-03-31,Display,3084.12,592920,5377,77,14091.02,356.9
CAM0125,2024-05-25,Display,4737.65,678296,14488,166,20420.8,331.0
CAM0126,2024-04-16,Email,2240.57,160869,2423,124,35995.55,1506.5
CAM0127,2024-04-08,Affiliate,7064.95,1200370,40491,1371,355866.24,4937.1
CAM0128,2024-06-20,Affiliate,5818.65,1062786,41681,1390,379393.94,6420.3
CAM0129,2024-01-15,Search,6187.73,813187,33957,2534,671965.06,10759.6
CAM0130,2024-08-18,Email,4231.38,406967,14355,233,30440.87,619.4
CAM0131,2024-10-26,Email,3401.09,321325,5818,288,63683.98,1772.5
CAM0132,2024-04-16,Search,6767.95,619000,11923,634,110457.5,1532.1
CAM0133,2024-10-11,Email,7689.06,550352,23471,1529,179365.96,2232.7
CAM0134,2024-11-05,Affiliate,6396.67,565878,21573,540,140972.87,2103.8
CAM0135,2024-07-23,Search,6422.72,879422,26038,1419,296232.38,4512.3
CAM0136,2024-05-06,Email,3813.52,262243,10706,547,145010.12,3702.5
CAM0137,2024-03-23,Search,5857.12,750981,7383,545,103538.03,1667.7
CAM0138,2024-05-24,Affiliate,6313.88,1221733,57059,2131,416974.94,6504.1
CAM0139,2024-06-09,Email,2102.3,189799,2261,165,36444.74,1633.6
CAM0140,2024-06-19,Email,4218.16,392767,16647,588,117023.06,2674.3
CAM0141,2024-10-05,Search,2570.29,335746,12409,843,216437.35,8320.7
CAM0142,2024-11-18,Display,5071.4,682876,12857,148,35889.55,607.7
CAM0143,2024-07-17,Affiliate,7996.76,410105,13373,608,127447.63,1493.7
CAM0144,2024-03-27,Display,2964.63,588866,9031,175,24245.47,717.8
CAM0145,2024-09-26,Search,1969.49,118824,1762,110,22552.85,1045.1
CAM0146,2024-09-04,Affiliate,3539.56,645435,12409,523,94999.47,2583.9
CAM0147,2024-11-13,Display,6272.27,913992,10338,108,22803.37,263.6
CAM0148,2024-01-17,Social,7100.91,1395094,64925,1513,430178.37,5958.1
CAM0149,2024-11-29,Search,7922.01,1375859,60074,4993,970089.21,12145.5
CAM0150,2024-10-21,Display,4057.5,267876,5594,88,20714.84,410.5
CAM0151,2024-01-30,Social,3709.51,649031,31090,812,70700.17,1805.9
CAM0152,2024-08-28,Email,6052.98,385841,15614,593,84681.32,1299.0
CAM0153,2024-11-14,Search,1011.33,106702,1513,141,39142.3,3770.4
CAM0154,2024-09-19,Email,5837.68,1161322,10375,469,131490.36,2152.4
CAM0155,2024-01-29,Social,5037.47,526591,23728,674,183145.52,3535.7
CAM0156,2024-01-04,Social,9370.55,1129884,31802,889,258241.34,2655.9
CAM0157,2024-01-28,Display,5735.11,573197,22257,289,35340.99,516.2
CAM0158,2024-09-06,Affiliate,5728.06,298812,5601,148,21129.49,268.9
CAM0159,2024-11-09,Email,6170.06,1140022,43262,1181,243139.76,3840.6
CAM0160,2024-12-10,Social,5883.76,823285,37654,711,134366.96,2183.7
CAM0161,2024-08-03,Display,6731.48,1234639,42312,565,134546.5,1898.8
CAM0162,2024-10-14,Affiliate,4298.4,794065,21580,571,106103.75,2368.4
CAM0163,2024-12-04,Email,7952.39,1402368,25521,1118,272173.89,3322.5
CAM0164,2024-08-30,Email,8479.65,1275069,28946,821,65990.01,678.2
CAM0165,2024-07-04,Affiliate,4494.13,320630,4536,55,14526.3,223.2
CAM0166,2024-04-21,Affiliate,6512.49,752108,20021,952,125729.86,1830.6
CAM0167,2024-08-01,Affiliate,3789.8,679228,11571,353,33013.54,771.1
CAM0168,2024-12-16,Social,4223.14,719906,10028,204,22967.48,443.8
CAM0169,2024-10-25,Email,3881.0,430455,16131,961,253531.54,6432.6
CAM0170,2024-10-31,Affiliate,4062.3,254071,9626,157,25967.55,539.2
CAM0171,2024-05-06,Social,4490.28,421608,11288,210,51829.21,1054.3
CAM0172,2024-04-03,Social,2384.39,242813,7622,177,42211.26,1670.3
CAM0173,2024-01-12,Display,1147.9,184457,5482,73,15524.83,1252.5
CAM0174,2024-09-16,Email,4933.89,846780,35363,1322,181361.92,3575.8
CAM0175,2024-03-17,Email,2708.17,293482,7856,198,23395.36,763.9
CAM0176,2024-09-08,Affiliate,6763.4,1050356,36143,1250,371901.48,5398.7
CAM0177,2024-09-15,Email,1642.58,136628,1442,64,17642.96,974.1
CAM0178,2024-12-30,Display,4453.62,579601,3793,64,13052.15,193.1
CAM0179,2024-08-15,Display,4176.1,819546,21714,337,92793.07,2122.0
CAM0180,2024-01-14,Affiliate,4562.45,467328,16733,410,50716.73,1011.6
CAM0181,2024-03-22,Social,5943.09,796187,8192,246,38056.87,540.4
CAM0182,2024-06-18,Display,6813.78,1025152,33987,446,122253.51,1694.2
CAM0183,2024-06-07,Display,6994.57,803537,7398,93,24937.61,256.5
CAM0184,2024-10-08,Display,5163.85,458061,9993,66,13652.28,164.4
CAM0185,2024-05-05,Search,5424.62,834523,31063,2932,352502.0,6398.2
CAM0186,2024-12-19,Affiliate,1727.96,196422,6679,153,30781.23,1681.4
CAM0187,2024-11-30,Social,4345.83,503707,13197,172,30710.88,606.7
CAM0188,2024-06-04,Search,6368.56,1201397,36969,1157,328829.37,5063.3
CAM0189,2024-09-12,Email,6361.19,733690,35083,2054,330968.32,5102.9
CAM0190,2024-09-18,Search,6313.8,736937,28411,1858,532874.42,8339.8
CAM0191,2024-08-07,Search,6068.54,304098,12256,520,103636.66,1607.8
CAM0192,2024-02-05,Social,5519.42,1025626,38422,688,113687.86,1959.8
CAM0193,2024-11-09,Affiliate,6781.54,1143198,15496,714,138360.96,1940.3
CAM0194,2024-11-02,Search,3379.23,242652,6720,482,84591.71,2403.3
CAM0195,2024-05-18,Email,5786.23,462314,6780,261,29653.7,412.5
CAM0196,2024-07-26,Search,5044.91,469680,17775,1332,229369.37,4446.6
CAM0197,2024-08-12,Search,4086.58,615903,18380,877,119450.1,2823.0
CAM0198,2024-03-10,Search,5455.69,931036,15640,1469,143314.54,2526.9
CAM0199,2024-01-22,Affiliate,4694.85,638463,24439,830,191706.38,3983.3
CAM0200,2024-05-23,Search,3414.78,306653,5941,519,90192.3,2541.2
CAM0201,2024-10-27,Display,6750.38,827104,12480,143,25851.23,283.0
CAM0202,2024-03-13,Search,3425.25,528954,11345,561,78656.12,2196.4
CAM0203,2024-07-02,Display,3289.14,218250,3917,40,9035.17,174.7
CAM0204,2024-12-04,Social,3878.46,451175,11549,197,18066.98,365.8
CAM0205,2024-06-20,Display,7230.25,957886,39035,691,117673.48,1527.5
CAM0206,2024-01-30,Search,2821.36,403768,16859,908,225761.45,7901.9
CAM0207,2024-05-27,Search,3104.19,330969,5984,426,35447.21,1041.9
CAM0208,2024-05-18,Display,4320.4,514044,20861,172,48482.48,1022.2
CAM0209,2024-01-26,Affiliate,8305.22,702977,31905,1389,191245.57,2202.7
CAM0210,2024-02-17,Email,3041.11,601091,24148,1577,209716.7,6796.1
CAM0211,2024-06-09,Affiliate,2706.3,187003,3560,160,26910.07,894.3
CAM0212,2024-08-07,Email,9835.68,721796,3781,163,39915.42,305.8
CAM0213,2024-06-22,Display,4423.42,248678,6328,79,22661.74,412.3
CAM0214,2024-04-06,Search,9450.98,566587,7876,738,167289.29,1670.1
CAM0215,2024-06-02,Email,4113.22,676372,23092,1134,167293.63,3967.2
CAM0216,2024-12-22,Social,6845.82,1160381,45128,865,214990.88,3040.5
CAM0217,2024-02-26,Search,2736.81,259488,7509,646,95768.16,3399.3
CAM0218,2024-11-15,Search,6019.52,557016,24637,1754,447585.68,7335.6
CAM0219,2024-07-10,Social,7213.73,924532,9377,135,13680.26,89.6
CAM0220,2024-01-25,Display,4536.58,398889,15430,331,78774.23,1636.4
CAM0221,2024-04-27,Display,6135.3,748775,7160,102,13627.95,122.1
CAM0222,2024-08-29,Email,5211.68,423084,12931,260,76053.46,1359.3
CAM0223,2024-05-30,Social,3364.01,528966,25356,710,111605.89,3217.6
CAM0224,2024-07-28,Social,3916.35,677257,16806,350,104265.54,2562.3
CAM0225,2024-03-06,Affiliate,5582.79,400886,14350,385,108304.02,1840.0
CAM0226,2024-10-06,Display,2435.11,174920,4846,57,7659.9,214.6
CAM0227,2024-07-27,Display,4258.43,294414,13885,178,39072.2,817.5
CAM0228,2024-11-22,Email,2136.38,301698,7271,274,80910.49,3687.3
CAM0229,2024-04-28,Email,6377.86,1258721,20586,1745,370383.86,5707.3
CAM0230,2024-10-02,Social,5238.62,1024921,10542,278,52125.21,895.0
CAM0231,2024-12-30,Affiliate,5975.17,1094840,12042,497,95048.32,1490.7
CAM0232,2024-11-07,Display,6364.06,955583,34719,296,86364.11,1257.1
CAM0233,2024-11-04,Social,4285.67,382469,17028,402,60187.3,1304.4
CAM0234,2024-02-27,Display,3067.25,577980,5266,71,9274.97,202.4
CAM0235,2024-10-02,Social,1167.12,116821,5145,140,40710.16,3388.1
CAM0236,2024-02-06,Social,4699.18,544520,12054,320,45189.11,861.6
CAM0237,2024-03-11,Display,6993.82,1281964,37388,638,144369.26,1964.2
CAM0238,2024-09-21,Search,5537.37,608112,25790,804,158187.32,2756.7
CAM0239,2024-05-15,Display,1477.32,232208,4832,35,4620.91,212.8
CAM0240,2024-12-26,Email,6440.49,729281,16249,422,85403.36,1226.0
CAM0241,2024-08-18,Email,4531.58,453081,5337,209,26166.56,477.4
CAM0242,2024-07-26,Email,5721.72,394521,3093,169,45786.88,700.2
CAM0243,2024-09-18,Display,5189.84,624599,27069,402,102918.68,1883.1
CAM0244,2024-08-21,Search,2798.72,468805,2875,244,55104.42,1868.9
CAM0245,2024-12-14,Email,5262.87,757339,21227,1172,259457.62,4830.0
CAM0246,2024-05-05,Search,3965.62,467035,21055,526,105027.33,2548.4
CAM0247,2024-06-05,Search,6331.22,529436,11688,727,159088.34,2412.8
CAM0248,2024-11-22,Email,7403.67,1138464,12626,640,83213.79,1024.0
CAM0249,2024-07-24,Display,10903.83,1228772,26151,433,111777.52,925.1
CAM0250,2024-07-20,Affiliate,4502.91,237857,11881,236,47352.28,951.6
CAM0251,2024-11-06,Social,3257.19,553107,11880,187,24886.02,664.0
CAM0252,2024-08-28,Email,3957.96,440525,11620,503,92640.71,2240.6
CAM0253,2024-01-31,Search,5635.53,935730,34822,3196,277708.67,4827.8
CAM0254,2024-07-08,Display,3258.4,278044,3349,23,4645.2,42.6
CAM0255,2024-02-01,Display,6661.99,963159,16436,276,34686.81,420.7
CAM0256,2024-04-03,Affiliate,4019.07,801867,6313,314,28424.61,607.2
CAM0257,2024-03-21,Search,6540.53,639586,17486,554,58382.88,792.6
CAM0258,2024-01-02,Search,3726.7,343718,10972,611,158532.09,4154.0
CAM0259,2024-01-18,Social,8977.21,1119240,37330,946,276760.06,2982.9
CAM0260,2024-10-09,Search,3993.2,662069,29584,1520,170184.81,4161.9
CAM0261,2024-08-07,Email,1860.15,166311,4511,267,26278.33,1312.7
CAM0262,2024-04-13,Social,5791.25,1137911,49858,1300,288271.88,4877.7
CAM0263,2024-05-14,Affiliate,2428.85,410827,9346,433,98354.12,3949.4
CAM0264,2024-09-29,Social,4523.85,503836,24191,416,52584.43,1062.4
CAM0265,2024-11-05,Search,6026.2,1045646,30390,1264,101185.99,1579.1
CAM0266,2024-12-16,Search,5358.08,1071478,23516,1406,180948.16,3277.1
CAM0267,2024-07-28,Affiliate,7145.05,923859,13492,649,61850.24,765.6
CAM0268,2024-04-29,Display,5181.73,896039,24083,313,80584.79,1455.2
CAM0269,2024-06-18,Social,6197.21,392055,7046,154,44278.96,614.5
CAM0270,2024-04-17,Affiliate,3364.6,487099,10024,325,44312.11,1217.0
CAM0271,2024-05-29,Email,2558.85,340965,2434,139,18995.76,642.4
CAM0272,2024-02-15,Display,5795.81,836157,6329,66,13427.67,131.7
CAM0273,2024-05-08,Social,3550.28,540060,4952,116,23964.73,575.0
CAM0274,2024-05-06,Email,2174.04,123435,3518,107,11550.7,431.3
CAM0275,2024-11-25,Display,4960.83,523023,6643,138,31549.94,536.0
CAM0276,2024-09-10,Display,5904.79,312640,9965,126,37080.67,528.0
CAM0277,2024-11-02,Search,2658.44,510088,23334,1092,223844.09,8320.1
CAM0278,2024-12-07,Social,7712.62,1467347,25825,489,61845.28,701.9
CAM0279,2024-05-26,Social,5141.31,534026,18475,478,49212.68,857.2
CAM0280,2024-06-13,Affiliate,4159.91,646051,26311,847,97975.69,2255.2
CAM0281,2024-12-05,Affiliate,1550.44,205559,4322,104,24518.93,1481.4
CAM0282,2024-12-17,Display,6173.64,670750,17208,179,18951.36,207.0
CAM0283,2024-06-14,Email,6336.99,1258625,13698,323,52387.89,726.7
CAM0284,2024-06-04,Search,6622.65,381684,9620,617,135394.08,1944.4
CAM0285,2024-01-27,Affiliate,2058.67,278728,7080,360,105791.95,5038.8
CAM0286,2024-05-22,Affiliate,2186.68,391643,15144,761,115517.15,5182.8
CAM0287,2024-10-06,Display,4935.37,265444,1497,13,1070.42,-78.3
CAM0288,2024-06-02,Affiliate,8696.81,1394940,15557,663,92632.33,965.1
CAM0289,2024-06-04,Social,7429.47,478245,7120,176,40984.89,451.7
CAM0290,2024-11-18,Affiliate,4567.11,521425,15230,427,106811.28,2238.7
CAM0291,2024-07-11,Display,4637.6,425060,20920,263,41863.15,802.7
CAM0292,2024-10-18,Email,6633.23,392879,4860,192,47731.76,619.6
CAM0293,2024-04-17,Display,6027.09,1046915,24387,440,39027.96,547.5
CAM0294,2024-12-05,Social,5316.42,357984,13684,124,28787.8,441.5
CAM0295,2024-05-23,Search,5097.01,683002,22360,1412,210995.74,4039.6
CAM0296,2024-12-08,Affiliate,4747.31,577891,14017,277,48718.48,926.2
CAM0297,2024-05-22,Email,5552.94,686935,29654,1121,193297.71,3381.0
CAM0298,2024-12-30,Email,4788.94,272246,4593,265,43571.44,809.8
CAM0299,2024-12-22,Social,3376.95,417481,18276,389,49217.98,1357.5
CAM0300,2024-03-11,Search,4595.48,705414,31502,1945,369679.17,7944.4
CAM0301,2024-02-23,Display,4112.52,770049,26940,285,54769.88,1231.8
CAM0302,2024-03-05,Affiliate,8350.12,710432,31430,1042,284630.0,3308.7
CAM0303,2024-10-18,Display,5541.44,513503,10973,135,21530.97,288.5
CAM0304,2024-12-05,Affiliate,5145.7,733242,29635,1288,363261.21,6959.5
CAM0305,2024-02-25,Social,3734.08,670858,12347,385,31029.58,731.0
CAM0306,2024-03-16,Social,3159.89,534844,14424,301,24706.63,681.9
CAM0307,2024-03-10,Search,2626.88,358516,1985,163,45996.64,1651.0
CAM0308,2024-10-10,Affiliate,3157.64,500845,6935,323,86361.31,2635.0
CAM0309,2024-09-03,Email,5529.8,1031773,12034,570,91450.9,1553.8
CAM0310,2024-07-20,Display,7232.48,837910,31539,309,52407.28,624.6
CAM0311,2024-09-24,Email,7933.99,889802,25625,1020,270273.45,3306.5
CAM0312,2024-06-27,Social,5863.42,1058105,44427,920,237433.52,3949.4
CAM0313,2024-02-22,Display,6234.48,598261,20628,173,15564.24,149.6
CAM0314,2024-04-16,Display,5214.23,615716,4535,54,8631.48,65.5
CAM0315,2024-08-27,Email,5872.13,981966,39849,2011,461387.44,7757.2
CAM0316,2024-06-13,Search,3278.86,598960,12774,1155,277386.83,8359.9
CAM0317,2024-09-02,Affiliate,4884.92,582952,23966,1110,152511.23,3022.1
CAM0318,2024-01-26,Affiliate,2478.24,370750,4393,146,35724.3,1341.5
CAM0319,2024-10-01,Social,7157.22,1188218,21355,700,156704.02,2089.5
CAM0320,2024-12-11,Social,5848.66,339098,9117,195,58482.43,899.9
CAM0321,2024-08-03,Search,2875.48,439333,6273,505,133359.7,4537.8
CAM0322,2024-01-25,Social,5613.05,578172,26612,172,40494.51,621.4
CAM0323,2024-02-08,Affiliate,1534.42,256695,8972,376,42283.21,2655.6
CAM0324,2024-01-07,Display,3335.62,623891,22961,189,29460.37,783.2
CAM0325,2024-10-25,Social,4791.9,814334,8152,197,37810.01,689.0
CAM0326,2024-08-17,Social,7860.87,506712,11567,192,49106.96,524.7
CAM0327,2024-06-12,Affiliate,5871.62,871076,38652,1016,291636.97,4866.9
CAM0328,2024-02-27,Email,4009.69,201707,7869,374,70611.31,1661.0
CAM0329,2024-04-21,Display,4704.7,500103,5340,37,10313.77,119.2
CAM0330,2024-11-06,Affiliate,6026.91,952481,20891,970,232323.92,3754.8
CAM0331,2024-08-09,Affiliate,9718.56,549089,24060,975,213802.72,2099.9
CAM0332,2024-03-11,Affiliate,5347.47,673774,22772,944,283033.52,5192.8
CAM0333,2024-02-14,Email,2271.67,430403,13579,373,78179.44,3341.5
CAM0334,2024-07-16,Social,4834.78,523183,15874,108,23300.38,381.9
CAM0335,2024-07-14,Social,2738.56,507510,6555,122,36497.74,1232.7
CAM0336,2024-04-27,Search,7017.62,1265923,46973,3290,334023.54,4659.8
CAM0337,2024-04-04,Search,1964.15,122918,5420,348,75831.19,3760.8
CAM0338,2024-02-16,Affiliate,6166.88,1094672,26431,1219,279503.29,4432.3
CAM0339,2024-09-12,Affiliate,7091.02,411893,6238,322,26252.25,270.2
CAM0340,2024-05-10,Display,6139.81,1102803,33518,460,53058.72,764.2
CAM0341,2024-01-23,Social,5465.11,685948,12139,334,71568.35,1209.6
CAM0342,2024-10-12,Search,3424.31,257544,11510,702,134335.88,3823.0
CAM0343,2024-05-01,Email,3601.24,348988,7995,406,73738.36,1947.6
CAM0344,2024-04-23,Display,4482.31,238704,4351,68,10795.0,140.8
CAM0345,2024-10-17,Search,5104.47,733184,15347,1315,282226.82,5429.0
CAM0346,2024-03-13,Social,777.64,125911,5940,102,30373.22,3805.8
CAM0347,2024-01-22,Affiliate,6876.34,1212811,13178,503,88007.48,1179.9
CAM0348,2024-02-17,Search,7111.75,619749,20126,1406,280157.37,3839.4
CAM0349,2024-09-28,Social,3132.29,460266,21938,742,106215.83,3291.0
CAM0350,2024-06-10,Search,3673.1,552030,18965,956,236877.53,6349.0
CAM0351,2024-06-29,Social,6639.38,728894,20241,323,86539.85,1203.4
CAM0352,2024-11-21,Display,2413.58,155422,6034,55,15503.06,542.3
CAM0353,2024-11-08,Affiliate,6640.33,1077627,20955,1307,294719.43,4338.3
CAM0354,2024-10-30,Affiliate,5009.77,339434,14701,437,53374.0,965.4
CAM0355,2024-12-04,Affiliate,7469.21,1440767,22345,692,193218.44,2486.9
CAM0356,2024-04-04,Display,4111.72,419006,8006,108,32079.25,680.2
CAM0357,2024-10-21,Social,7282.2,1291712,49667,1115,313669.68,4207.3
CAM0358,2024-10-12,Display,4290.57,768646,8068,164,36127.07,742.0
CAM0359,2024-03-08,Affiliate,3658.62,532548,16379,517,121961.27,3233.5
CAM0360,2024-08-30,Display,4223.36,508627,16132,225,21359.55,405.7
CAM0361,2024-09-12,Social,4065.77,355695,16817,460,99661.14,2351.2
CAM0362,2024-06-15,Email,4896.4,718965,7410,301,66697.7,1262.2
CAM0363,2024-06-06,Email,3876.01,244027,1231,54,11270.28,190.8
CAM0364,2024-05-04,Affiliate,5894.24,599534,20475,769,110699.47,1778.1
CAM0365,2024-11-05,Affiliate,5465.04,752527,15765,459,128789.15,2256.6
CAM0366,2024-08-09,Display,3568.03,371604,6188,74,19942.58,458.9
CAM0367,2024-07-27,Social,5239.16,492964,14291,318,38216.51,629.4
CAM0368,2024-01-21,Affiliate,3819.37,400787,14177,550,55780.1,1360.5
CAM0369,2024-06-24,Email,5050.83,968138,29478,1278,209752.42,4052.8
CAM0370,2024-09-23,Email,3695.6,483708,2459,127,22207.04,500.9
CAM0371,2024-05-27,Search,4976.32,611319,18987,956,85611.06,1620.4
CAM0372,2024-02-22,Email,4750.03,839789,9796,363,56689.03,1093.4
CAM0373,2024-10-19,Social,5006.31,981864,6440,202,42360.6,746.1
CAM0374,2024-05-22,Affiliate,5295.74,365534,6389,257,32164.42,507.4
CAM0375,2024-03-13,Social,7848.65,454176,13011,309,32531.05,314.5
CAM0376,2024-02-23,Email,5867.46,600704,11051,518,129743.74,2111.2
CAM0377,2024-08-28,Display,4230.53,793486,30701,417,104740.57,2375.8
CAM0378,2024-03-03,Social,8404.33,946585,44181,586,82965.04,887.2
CAM0379,2024-02-17,Search,4085.59,394163,12725,615,147014.58,3498.4
CAM0380,2024-05-30,Display,3517.47,290307,8351,136,19373.44,450.8
CAM0381,2024-01-02,Display,4683.53,775547,13724,200,21025.23,348.9
CAM0382,2024-04-04,Social,3665.94,475924,10214,181,23572.56,543.0
CAM0383,2024-01-19,Search,2964.62,580976,7435,692,150332.5,4970.9
CAM0384,2024-09-17,Affiliate,6550.22,1242857,19960,519,86559.11,1221.5
CAM0385,2024-11-09,Display,7284.54,406926,9120,100,9148.69,25.6
CAM0386,2024-06-28,Affiliate,5906.44,754681,18641,718,101541.78,1619.2
CAM0387,2024-09-08,Email,2126.76,334833,10013,338,35485.93,1568.5
CAM0388,2024-08-24,Affiliate,7707.89,664543,5571,271,53730.31,597.1
CAM0389,2024-06-16,Search,2956.68,556938,23422,1617,167087.48,5551.2
CAM0390,2024-06-06,Display,4570.71,533026,6700,107,9410.19,105.9
CAM0391,2024-05-18,Display,4590.25,797650,8924,82,19171.09,317.6
CAM0392,2024-04-02,Email,6474.18,431945,11665,712,173885.44,2585.8
CAM0393,2024-12-11,Search,5787.08,520736,4542,345,34164.94,490.4
CAM0394,2024-01-14,Affiliate,2609.65,317342,5444,127,28745.33,1001.5
CAM0395,2024-01-01,Social,2300.0,289494,7935,229,32482.73,1312.3
CAM0396,2024-08-20,Affiliate,4225.53,216211,5878,278,28999.24,586.3
CAM0397,2024-08-13,Email,3799.49,274995,13340,597,80117.47,2008.6
CAM0398,2024-04-14,Email,3388.63,294566,4201,170,42615.8,1157.6
CAM0399,2024-03-02,Search,1580.84,251577,2509,147,14449.78,814.1
CAM0400,2024-09-08,Affiliate,4188.11,782639,36997,691,116740.68,2687.4
CAM0401,2024-06-20,Email,5849.58,726206,11907,628,56744.74,870.1
CAM0402,2024-02-27,Affiliate,3675.92,252342,2698,65,8861.26,141.1
CAM0403,2024-01-21,Social,8460.8,774731,37775,894,117604.47,1290.0
CAM0404,2024-06-01,Affiliate,239.96,47488,1519,50,4113.28,1614.2
CAM0405,2024-06-14,Affiliate,3696.81,302463,10205,303,36614.57,890.4
CAM0406,2024-08-08,Search,7184.37,717966,24042,1681,289209.62,3925.5
CAM0407,2024-08-12,Affiliate,6270.62,808789,20374,742,67483.29,976.2
CAM0408,2024-02-20,Search,6706.7,471719,4283,247,47142.57,602.9
CAM0409,2024-06-03,Search,5465.69,810011,19366,1442,239146.88,4275.4
CAM0410,2024-07-08,Search,3754.14,249790,7097,171,50772.06,1252.4
CAM0411,2024-11-02,Social,1613.59,301308,4701,175,33270.21,1961.9
CAM0412,2024-06-08,Search,6302.25,598504,24042,1890,284527.01,4414.7
CAM0413,2024-11-19,Email,7842.96,548850,22026,656,157514.24,1908.4
CAM0414,2024-07-09,Search,3551.39,276643,13706,595,151799.79,4174.4
CAM0415,2024-09-11,Search,9713.17,1219381,16034,730,209331.04,2055.1
CAM0416,2024-02-01,Email,7508.5,1144846,8186,295,68694.03,814.9
CAM0417,2024-08-28,Social,5170.6,918057,30967,940,137935.31,2567.7
CAM0418,2024-03-18,Display,5571.99,336759,5497,63,14223.46,155.3
CAM0419,2024-09-28,Email,9536.76,1783533,52271,1058,174393.12,1728.6
CAM0420,2024-08-06,Display,3111.84,358313,4412,48,6510.57,109.2
CAM0421,2024-09-01,Social,7088.55,1180915,56160,1048,155975.31,2100.4
CAM0422,2024-11-09,Affiliate,6935.43,687805,23280,427,45572.48,557.1
CAM0423,2024-04-01,Email,7296.57,496925,6665,380,55952.62,666.8
CAM0424,2024-02-03,Affiliate,2850.5,550777,14243,535,46110.78,1517.6
CAM0425,2024-10-01,Email,4461.18,772791,16246,829,132067.27,2860.4
CAM0426,2024-02-18,Search,7322.35,401340,7901,408,115969.92,1483.8
CAM0427,2024-06-18,Email,5738.94,939347,5084,245,21948.91,282.5
CAM0428,2024-11-12,Affiliate,5249.95,1003825,17341,946,194079.81,3596.8
CAM0429,2024-06-10,Social,5321.09,717350,6990,97,12572.77,136.3
CAM0430,2024-03-09,Display,6475.68,549710,19695,349,76284.53,1078.0
CAM0431,2024-09-22,Email,5280.0,976229,19219,1215,239896.2,4443.5
CAM0432,2024-05-30,Social,4161.34,373420,14716,363,92400.12,2120.4
CAM0433,2024-02-02,Search,1874.56,199791,3982,211,45001.4,2300.6
CAM0434,2024-01-03,Search,5337.33,1001122,9513,742,189280.31,3446.3
CAM0435,2024-04-02,Affiliate,5873.27,914136,23683,1245,227661.01,3776.2
CAM0436,2024-04-21,Email,1942.04,299968,8338,540,120827.69,6121.7
CAM0437,2024-07-23,Display,3572.61,480741,15800,119,33241.6,830.5
CAM0438,2024-04-11,Email,7074.0,714001,35119,1052,283076.03,3901.6
CAM0439,2024-12-16,Social,7827.18,1347995,41658,316,92820.21,1085.9
CAM0440,2024-07-17,Search,3488.61,441862,6210,509,95618.57,2640.9
CAM0441,2024-03-06,Display,6344.66,1221182,45058,113,14055.29,121.5
CAM0442,2024-08-26,Search,3672.5,204330,9880,311,44941.22,1123.7
CAM0443,2024-10-03,Search,5277.01,583253,12636,833,136723.84,2490.9
CAM0444,2024-11-27,Display,4504.61,869488,23116,268,68143.58,1412.8
CAM0445,2024-08-04,Search,2796.95,176060,7629,386,93279.75,3235.1
CAM0446,2024-09-19,Search,7133.39,769133,21750,1206,333014.52,4568.4
CAM0447,2024-10-08,Display,3856.99,385657,4451,71,9127.41,136.6
CAM0448,2024-06-01,Display,2642.2,148401,4546,78,8295.57,214.0
CAM0449,2024-07-31,Affiliate,8129.55,1496150,17818,470,89444.16,1000.2
CAM0450,2024-12-18,Email,6841.31,553634,4782,75,12189.06,78.2
CAM0451,2024-07-07,Social,5203.47,501944,8640,132,23386.5,349.4
CAM0452,2024-01-27,Social,6010.6,313853,7185,173,45627.32,659.1
CAM0453,2024-11-21,Social,4446.64,320931,8571,126,36368.15,717.9
CAM0454,2024-02-12,Display,6834.59,949796,37581,446,96449.1,1311.2
CAM0455,2024-10-10,Affiliate,3585.17,270907,1473,47,10013.02,179.3
CAM0456,2024-11-20,Email,4808.84,370211,5782,252,26331.95,447.6
CAM0457,2024-10-30,Social,5619.8,567226,4590,129,21406.35,280.9
CAM0458,2024-02-15,Social,7094.99,1080594,11175,229,30632.22,331.7
CAM0459,2024-11-16,Social,5850.07,1152537,12356,255,24215.38,313.9
CAM0460,2024-04-12,Display,7426.96,1143235,24721,284,33673.64,353.4
CAM0461,2024-05-28,Display,5241.94,810874,21280,253,59662.82,1038.2
CAM0462,2024-06-28,Social,5922.13,575206,8600,225,44952.41,659.1
CAM0463,2024-04-10,Display,7770.12,844272,34863,570,127844.55,1545.3
CAM0464,2024-06-16,Email,5086.48,866216,34896,1550,409841.86,7957.5
CAM0465,2024-01-15,Email,4549.99,598866,6710,393,115575.17,2440.1
CAM0466,2024-11-06,Search,5490.63,441407,14606,1650,327734.01,5869.0
CAM0467,2024-04-14,Social,4872.9,589969,12078,387,62601.44,1184.7
CAM0468,2024-04-15,Affiliate,8060.38,1006299,11663,643,171902.33,2032.7
CAM0469,2024-12-07,Affiliate,4340.83,562911,10363,383,81474.2,1776.9
CAM0470,2024-02-01,Search,4675.81,670432,20701,1940,305122.89,6425.6
CAM0471,2024-06-13,Social,4099.64,785469,6120,111,19020.6,364.0
CAM0472,2024-05-08,Affiliate,6387.62,1124304,18862,431,108811.94,1603.5
CAM0473,2024-07-29,Affiliate,6536.34,879525,42325,1057,284809.31,4257.3
CAM0474,2024-12-25,Display,4176.63,224296,6624,107,27994.9,570.3
CAM0475,2024-10-19,Search,3888.48,392595,5259,373,89557.04,2203.1
CAM0476,2024-01-07,Display,7417.35,1434042,36485,288,81338.95,996.6
CAM0477,2024-11-10,Display,5346.22,950528,29829,427,99581.67,1762.7
CAM0478,2024-10-31,Email,2160.26,179858,4337,134,23052.63,967.1
CAM0479,2024-07-31,Search,8231.58,1207683,9892,421,91917.19,1016.6
CAM0480,2024-04-16,Affiliate,4300.86,344394,7570,113,31343.21,628.8
CAM0481,2024-04-20,Search,3428.36,664698,28300,2267,628179.05,18223.0
CAM0482,2024-03-26,Email,6917.14,1079111,35870,1998,559416.65,7987.4
CAM0483,2024-07-13,Email,4930.3,417249,4543,138,14510.77,194.3
CAM0484,2024-03-13,Social,5827.0,978406,23802,454,76078.11,1205.6
CAM0485,2024-12-25,Social,1783.6,289694,6637,147,27900.39,1464.3
CAM0486,2024-02-21,Search,7540.13,1332719,62237,5392,1470470.67,19401.9
CAM0487,2024-12-02,Social,7355.03,1296084,57104,1370,320241.66,4254.0
CAM0488,2024-12-08,Display,3140.75,410314,12835,181,51994.55,1555.5
CAM0489,2024-12-02,Social,5302.2,611875,9212,187,16447.65,210.2
CAM0490,2024-12-29,Affiliate,6333.53,335782,12705,548,112631.98,1678.3
CAM0491,2024-02-23,Search,3760.5,523345,25055,1303,208590.07,5446.9
CAM0492,2024-03-04,Search,2694.51,255141,11092,776,179570.36,6564.3
CAM0493,2024-07-31,Email,6814.35,1314224,24371,902,152643.51,2140.0
CAM0494,2024-03-10,Social,2867.86,169179,4973,125,31361.4,993.5
CAM0495,2024-02-25,Affiliate,8157.69,1251485,51295,3112,670840.48,8123.4
CAM0496,2024-05-14,Email,8030.72,1605556,47522,2106,242018.98,2913.7
CAM0497,2024-08-12,Affiliate,3198.55,469194,18709,840,188793.88,5802.5
CAM0498,2024-09-28,Display,4858.76,819776,18703,211,17278.45,255.6
CAM0499,2024-09-17,Affiliate,8801.17,581586,24328,1308,122037.22,1286.6
CAM0500,2024-09-13,Affiliate,6273.76,631332,21457,791,126184.38,1911.3
CAM0501,2024-12-28,Display,5015.14,966144,47719,307,41143.55,720.4
CAM0502,2024-01-28,Display,7092.06,1267684,34866,581,123865.85,1646.5
CAM0503,2024-11-12,Display,3471.02,411790,18930,184,45680.12,1216.0
CAM0504,2024-08-10,Display,6950.3,473499,10241,110,23520.7,238.4
CAM0505,2024-06-29,Search,7271.25,922596,36910,1836,338485.43,4555.1
CAM0506,2024-09-17,Social,4376.32,694823,22612,574,62930.53,1338.0
CAM0507,2024-08-21,Search,4352.63,867707,20713,1192,346558.36,7862.0
CAM0508,2024-01-09,Display,4192.0,278919,12346,179,22936.46,447.1
CAM0509,2024-12-01,Search,6925.81,463097,3323,247,19841.41,186.5
CAM0510,2024-09-18,Affiliate,3604.89,231606,9404,503,54315.87,1406.7
CAM0511,2024-03-29,Social,5510.68,814238,40004,1157,335766.26,5993.0
CAM0512,2024-11-18,Affiliate,2419.81,305693,9056,464,37799.97,1462.1
CAM0513,2024-10-22,Affiliate,4255.37,645786,13156,433,105163.46,2371.3
CAM0514,2024-10-08,Search,5810.46,726092,5234,130,19332.46,232.7
CAM0515,2024-01-06,Search,5699.86,864364,40670,2424,312118.99,5375.9
CAM0516,2024-02-17,Social,7828.18,1548047,7921,188,52771.47,574.1
CAM0517,2024-01-07,Affiliate,3013.58,502629,11257,324,42187.88,1299.9
CAM0518,2024-03-14,Email,81.14,16143,82,6,1023.54,1161.4
CAM0519,2024-08-04,Social,8.47,1059,7,0,0.0,-100.0
CAM0520,2024-04-23,Search,6482.55,469219,18333,1716,502470.79,7651.1
CAM0521,2024-01-10,Affiliate,8608.43,809739,36792,1356,196241.3,2179.6
CAM0522,2024-05-08,Social,6004.58,465230,17277,345,91296.65,1420.5
CAM0523,2024-11-29,Email,1888.02,183019,4228,130,33445.91,1671.5
CAM0524,2024-12-06,Display,1566.84,111442,3838,50,10773.74,587.6
CAM0525,2024-05-08,Display,4315.51,428885,5068,57,5760.06,33.5
CAM0526,2024-04-08,Display,6344.38,824116,4476,57,10060.92,58.6
CAM0527,2024-12-09,Display,6324.7,1054173,39951,739,139689.24,2108.6
CAM0528,2024-12-02,Search,3411.7,188961,2831,80,15349.27,349.9
CAM0529,2024-09-20,Social,3839.35,409267,15475,319,93853.3,2344.5
CAM0530,2024-06-22,Affiliate,5871.22,1157376,25494,1179,263528.73,4388.5
CAM0531,2024-01-30,Social,2870.79,332137,7367,103,27179.57,846.8
CAM0532,2024-03-12,Display,7729.0,621870,5870,77,19701.88,154.9
CAM0533,2024-11-22,Social,5706.63,905864,35511,843,233550.74,3992.6
CAM0534,2024-05-31,Display,5295.78,893841,32433,362,33639.81,535.2
CAM0535,2024-07-15,Email,3581.96,714835,26344,993,201725.81,5531.7
CAM0536,2024-12-05,Affiliate,9332.25,685756,21225,1243,236736.15,2436.8
CAM0537,2024-05-03,Email,6854.28,963659,17709,780,63188.97,821.9
CAM0538,2024-03-04,Social,6130.5,353372,16852,212,33247.1,442.3
CAM0539,2024-07-22,Search,6992.98,1268581,13353,805,146800.15,1999.3
CAM0540,2024-04-27,Affiliate,5030.71,329226,6911,270,51671.05,927.1
CAM0541,2024-03-08,Email,4641.86,329100,2968,165,21629.04,366.0
CAM0542,2024-10-22,Email,8189.6,1036381,14731,833,181692.06,2118.6
CAM0543,2024-10-14,Email,5131.85,998583,27641,846,206831.16,3930.3
CAM0544,2024-07-07,Search,5079.11,345584,5646,358,80205.97,1479.1
CAM0545,2024-09-01,Email,6648.96,654263,25617,929,203750.56,2964.4
CAM0546,2024-05-09,Display,3223.86,277281,8491,111,31518.94,877.7
CAM0547,2024-08-17,Social,6840.75,1017357,12895,296,43899.9,541.7
CAM0548,2024-04-11,Affiliate,6932.69,862198,15821,371,52905.8,663.1
CAM0549,2024-10-09,Display,5947.04,1057477,40886,301,66948.8,1025.7
CAM0550,2024-09-20,Email,10334.63,1604696,41010,2587,325178.67,3046.5
CAM0551,2024-04-10,Display,5770.0,432270,5549,34,4632.85,-19.7
CAM0552,2024-06-20,Affiliate,2249.84,237198,7896,470,133368.42,5827.9
CAM0553,2024-04-14,Display,2684.77,427500,14480,199,29435.27,996.4
CAM0554,2024-12-04,Affiliate,8646.67,999485,47156,1848,337751.99,3806.2
CAM0555,2024-07-30,Social,2610.03,373343,17295,177,33185.0,1171.4
CAM0556,2024-05-18,Email,5765.68,578287,14324,431,96028.32,1565.5
CAM0557,2024-05-19,Search,5004.57,459929,4625,204,27508.98,449.7
CAM0558,2024-09-05,Search,3797.11,415592,9960,536,151632.32,3893.4
CAM0559,2024-09-14,Search,4477.54,686051,18905,955,271734.85,5968.8
CAM0560,2024-04-04,Email,5569.56,788453,22999,1344,260189.76,4571.6
CAM0561,2024-07-17,Social,4279.56,715260,13214,313,77643.59,1714.3
CAM0562,2024-01-22,Search,3129.53,242764,1970,67,13979.16,346.7
CAM0563,2024-05-28,Email,5803.37,1147266,56477,3212,582345.45,9934.6
CAM0564,2024-01-13,Display,1172.77,72233,1435,16,4751.93,305.2
CAM0565,2024-03-08,Affiliate,5864.47,909199,14333,591,106587.6,1717.5
CAM0566,2024-02-06,Email,3819.81,310373,14811,676,177978.57,4559.4
CAM0567,2024-02-23,Email,6852.77,624197,13980,466,136334.29,1889.5
CAM0568,2024-12-07,Affiliate,8109.73,499569,3318,73,17814.46,119.7
CAM0569,2024-08-04,Display,6795.55,493084,15686,191,24455.46,259.9
CAM0570,2024-11-19,Affiliate,3970.45,591136,16718,284,82476.77,1977.3
CAM0571,2024-02-21,Display,7380.39,456771,17569,151,18444.22,149.9
CAM0572,2024-03-16,Email,4940.04,968871,22969,1179,180886.04,3561.6
CAM0573,2024-03-20,Email,9758.48,953566,37774,1518,160198.53,1541.6
CAM0574,2024-09-24,Display,5102.11,548521,5716,77,15807.15,209.8
CAM0575,2024-12-24,Search,5232.84,950255,6567,329,46770.69,793.8
CAM0576,2024-09-21,Search,7970.63,890440,13991,783,137999.31,1631.3
CAM0577,2024-09-09,Search,5936.25,372666,4873,296,55473.94,834.5
CAM0578,2024-11-05,Social,3788.31,674549,10525,304,47239.32,1147.0
CAM0579,2024-12-19,Email,5525.89,696300,34523,535,117703.85,2030.0
CAM0580,2024-05-27,Affiliate,5595.5,998171,43137,1330,271069.55,4744.4
CAM0581,2024-02-11,Email,1822.33,98148,4385,253,61107.94,3253.3
CAM0582,2024-07-30,Affiliate,3472.89,643366,7912,324,96698.03,2684.4
CAM0583,2024-01-27,Display,6839.64,675226,19669,218,18548.54,171.2
CAM0584,2024-12-13,Email,5502.41,583474,19582,701,87207.39,1484.9
CAM0585,2024-07-28,Social,7207.85,729293,34797,723,163643.62,2170.4
CAM0586,2024-09-03,Affiliate,6074.95,559544,19121,1054,95528.89,1472.5
CAM0587,2024-06-28,Email,1297.02,188488,3282,117,20743.54,1499.3
CAM0588,2024-01-14,Email,4654.44,624431,19575,914,250580.99,5283.7
CAM0589,2024-09-03,Search,6230.77,799038,7759,689,176048.75,2725.5
CAM0590,2024-03-07,Affiliate,3509.18,580985,23371,834,239963.7,6738.2
CAM0591,2024-02-17,Social,7243.57,910694,20530,497,131826.39,1719.9
CAM0592,2024-07-29,Social,1598.77,213562,8979,91,27108.58,1595.6
CAM0593,2024-09-13,Email,4021.96,635375,11536,605,127738.15,3076.0
CAM0594,2024-08-09,Social,6066.67,556000,3256,52,12196.32,101.0
CAM0595,2024-03-20,Search,6327.17,529715,8946,625,163015.0,2476.4
CAM0596,2024-04-27,Affiliate,2837.34,325098,14646,456,98927.45,3386.6
CAM0597,2024-08-26,Affiliate,1110.78,113129,3585,87,20787.73,1771.5
CAM0598,2024-09-15,Display,1232.49,154061,2472,15,3570.57,189.7
CAM0599,2024-10-08,Display,8358.64,1219413,34936,368,85893.04,927.6
CAM0600,2024-07-28,Search,1452.11,204003,5633,412,74089.8,5002.2
CAM0601,2024-06-24,Display,5579.79,398499,13499,171,25535.44,357.6
CAM0602,2024-01-02,Affiliate,3253.57,222855,4439,200,54067.89,1561.8
CAM0603,2024-11-02,Social,2804.39,291302,6711,182,32830.85,1070.7
CAM0604,2024-06-19,Email,6769.21,433353,8729,385,61204.22,804.2
CAM0605,2024-07-07,Social,2071.36,316860,2498,68,16077.63,676.2
CAM0606,2024-06-10,Social,3832.87,672548,21688,516,61192.36,1496.5
CAM0607,2024-10-07,Search,6381.54,1235618,21965,1080,205675.24,3123.0
CAM0608,2024-12-29,Display,9291.4,1846971,73956,875,80742.45,769.0
CAM0609,2024-03-22,Email,3658.52,458212,12147,710,74189.69,1927.9
CAM0610,2024-07-19,Email,8099.71,1405277,60382,1032,132144.18,1531.5
CAM0611,2024-07-18,Display,2237.72,154375,1134,10,1089.67,-51.3
CAM0612,2024-08-08,Search,9226.87,1072719,5890,327,40063.43,334.2
CAM0613,2024-12-25,Search,8041.69,1000335,8997,623,133533.5,1560.5
CAM0614,2024-03-02,Search,2099.39,160551,6389,524,61288.87,2819.4
CAM0615,2024-09-09,Display,5633.9,469264,16700,148,20182.66,258.2
CAM0616,2024-07-19,Search,3678.49,640839,7239,322,30231.63,721.8
CAM0617,2024-09-26,Email,3750.52,291401,6925,373,89138.19,2276.7
CAM0618,2024-07-26,Social,3192.61,470184,17732,399,67686.61,2020.1
CAM0619,2024-02-24,Display,5627.7,1103960,47200,557,77826.57,1282.9
CAM0620,2024-04-25,Search,1768.67,271151,9901,788,157431.1,8801.1
CAM0621,2024-01-02,Social,2669.17,374649,6868,125,12569.41,370.9
CAM0622,2024-03-24,Email,4079.71,569165,24224,1079,120480.89,2853.2
CAM0623,2024-03-03,Email,5192.46,726240,26201,1421,315123.04,5968.9
CAM0624,2024-07-16,Email,4376.41,689292,30263,864,231770.6,5195.9
CAM0625,2024-02-05,Social,7174.14,931587,36140,699,75485.92,952.2
CAM0626,2024-02-24,Search,4630.12,457574,13119,596,164275.57,3448.0
CAM0627,2024-11-30,Affiliate,3268.73,537221,10319,561,92477.55,2729.2
CAM0628,2024-06-28,Affiliate,2249.84,247081,5483,131,35971.38,1498.8
CAM0629,2024-07-31,Email,4075.47,500106,24947,1229,154645.39,3694.5
CAM0630,2024-07-21,Affiliate,3065.13,549993,25710,514,91725.06,2892.5
CAM0631,2024-08-19,Search,2558.95,373854,5797,329,61050.62,2285.8
CAM0632,2024-08-28,Search,2998.73,530970,3058,331,92984.55,3000.8
CAM0633,2024-08-04,Social,8964.4,1752937,69220,2055,259895.97,2799.2
CAM0634,2024-08-15,Search,5752.86,631780,15522,1123,266368.67,4530.2
CAM0635,2024-07-22,Email,7644.17,391147,2725,127,11518.61,50.7
CAM0636,2024-05-15,Social,3353.02,177733,4983,179,40812.62,1117.2
CAM0637,2024-09-01,Email,6150.46,821857,38661,2498,308826.57,4921.2
CAM0638,2024-06-18,Affiliate,8624.26,1240059,47746,849,80612.88,834.7
CAM0639,2024-07-06,Social,3272.06,227339,5666,117,22126.88,576.2
CAM0640,2024-04-23,Affiliate,6001.88,1082036,21753,1053,248688.24,4043.5
CAM0641,2024-04-03,Search,4873.65,751347,13506,1218,322638.24,6520.1
CAM0642,2024-05-29,Search,6218.82,1056332,50699,3885,1136509.32,18175.3
CAM0643,2024-04-06,Display,4446.43,461316,15854,208,59711.43,1242.9
CAM0644,2024-09-03,Social,5617.81,284662,12489,354,68956.28,1127.5
CAM0645,2024-11-16,Affiliate,2365.5,204993,5574,256,54593.48,2207.9
CAM0646,2024-03-02,Email,1707.22,193227,3700,123,24826.4,1354.2
CAM0647,2024-06-09,Search,6215.37,1153009,57181,2782,394782.62,6251.7
CAM0648,2024-06-13,Search,5054.56,792778,36005,1693,349381.07,6812.2
CAM0649,2024-07-31,Display,6198.56,658765,29302,356,92968.43,1399.8
CAM0650,2024-06-12,Display,4950.51,969982,41145,656,173596.69,3406.6
CAM0651,2024-08-03,Affiliate,5833.67,845176,26102,1138,221868.91,3703.2
CAM0652,2024-01-01,Search,7217.76,372643,2366,209,58107.43,705.1
CAM0653,2024-11-08,Social,3099.7,586954,15732,422,61695.6,1890.4
CAM0654,2024-04-02,Social,5866.83,373558,10965,336,44961.72,666.4
CAM0655,2024-08-10,Social,2426.31,404621,19842,346,70442.9,2803.3
CAM0656,2024-11-09,Email,4605.8,802778,39112,2500,722245.77,15581.2
CAM0657,2024-03-11,Social,4426.19,790223,22045,478,43368.68,879.8
CAM0658,2024-05-23,Social,3631.93,363013,6635,180,21710.86,497.8
CAM0659,2024-10-06,Search,6352.75,617929,4698,255,34455.52,442.4
CAM0660,2024-03-11,Email,2910.24,522084,23673,1312,280959.9,9554.2
CAM0661,2024-06-17,Email,6017.57,1157929,23721,854,200524.28,3232.3
CAM0662,2024-10-17,Social,6388.49,1188183,34463,903,241329.16,3677.6
CAM0663,2024-01-11,Display,7459.96,822198,10635,160,12924.28,73.2
CAM0664,2024-01-13,Display,4322.21,377031,4937,45,11510.25,166.3
CAM0665,2024-10-08,Email,9030.41,587904,14446,549,152932.18,1593.5
CAM0666,2024-12-25,Social,1331.08,226808,6407,89,13992.4,951.2
CAM0667,2024-12-13,Email,945.31,53462,1028,63,15393.28,1528.4
CAM0668,2024-12-23,Email,8642.97,1395762,40237,1946,178503.35,1965.3
CAM0669,2024-08-05,Affiliate,1792.61,348875,16472,851,238076.56,13181.0
CAM0670,2024-12-10,Email,5931.52,914568,41874,2580,599800.87,10012.1
CAM0671,2024-01-16,Email,6180.0,852760,40279,1059,301923.5,4785.5
CAM0672,2024-10-19,Affiliate,6322.93,511048,11611,235,59658.09,843.5
CAM0673,2024-01-31,Display,3456.47,540221,8078,126,11260.31,225.8
CAM0674,2024-03-30,Display,6967.8,1145485,8894,76,22086.39,217.0
CAM0675,2024-08-20,Display,2720.58,229147,7884,95,9694.56,256.3
CAM0676,2024-08-02,Email,9006.4,1356869,31854,1674,489056.52,5330.1
CAM0677,2024-10-22,Email,9705.43,541662,24844,1062,312339.92,3118.2
CAM0678,2024-01-05,Social,6766.57,585920,15001,298,69093.71,921.1
CAM0679,2024-03-10,Display,3399.76,645039,25485,218,46473.31,1267.0
CAM0680,2024-03-17,Search,5707.05,450504,11802,1065,259153.81,4440.9
CAM0681,2024-12-06,Search,4346.73,360088,8154,756,88447.1,1934.8
CAM0682,2024-03-31,Affiliate,8661.57,1130138,40519,1940,250771.04,2795.2
CAM0683,2024-06-21,Affiliate,5653.63,818303,31659,961,193918.09,3330.0
CAM0684,2024-03-06,Social,7605.66,622799,27299,395,37497.73,393.0
CAM0685,2024-03-13,Email,6214.54,765284,10413,287,85707.94,1279.2
CAM0686,2024-06-19,Search,2885.2,258356,11248,717,193390.76,6602.9
CAM0687,2024-11-25,Email,6407.97,611649,13141,769,197207.47,2977.5
CAM0688,2024-12-22,Display,5008.06,577531,8266,86,10750.99,114.7
CAM0689,2024-12-14,Search,3419.82,333545,8031,631,106575.99,3016.4
CAM0690,2024-03-04,Display,6322.87,614613,27601,348,45997.73,627.5
CAM0691,2024-07-15,Social,5603.33,889890,37461,1220,211963.58,3682.8
CAM0692,2024-01-10,Search,7033.29,631548,14106,527,70195.08,898.0
CAM0693,2024-04-06,Social,6775.14,345261,5287,164,32322.73,377.1
CAM0694,2024-03-23,Display,3360.79,656286,20179,311,48542.2,1344.4
CAM0695,2024-11-27,Affiliate,11011.49,1802190,18140,789,102076.41,827.0
CAM0696,2024-10-16,Email,4528.6,851420,19576,854,179210.86,3857.3
CAM0697,2024-08-25,Affiliate,5262.35,747910,15891,318,46233.14,778.6
CAM0698,2024-02-14,Display,1753.14,90825,3358,43,8972.99,411.8
CAM0699,2024-02-03,Search,4902.48,588079,12455,970,246542.13,4928.9
CAM0700,2024-02-20,Display,4435.03,659873,4198,51,6388.54,44.0
CAM0701,2024-11-11,Search,6901.18,412305,19809,408,50338.13,629.4
CAM0702,2024-03-02,Display,3167.26,165232,8244,83,23370.63,637.9
CAM0703,2024-05-17,Social,4682.74,465351,10980,138,24227.06,417.4
CAM0704,2024-07-27,Search,3182.84,630335,10937,860,144377.28,4436.1
CAM0705,2024-08-29,Social,5929.91,473457,22069,78,10028.37,69.1
CAM0706,2024-09-17,Search,4549.57,399490,17586,1094,270454.16,5844.6
CAM0707,2024-05-03,Email,3173.8,207940,2501,107,11783.98,271.3
CAM0708,2024-05-31,Search,5785.25,584935,26947,2127,384532.29,6546.8
CAM0709,2024-05-03,Affiliate,5202.46,839721,32204,1461,187539.32,3504.8
CAM0710,2024-08-26,Search,5021.83,423640,20456,418,111330.87,2116.9
CAM0711,2024-01-15,Email,4732.37,310709,2191,62,7485.29,58.2
CAM0712,2024-10-14,Affiliate,5226.88,466679,17551,622,139853.54,2575.7
CAM0713,2024-05-27,Display,4541.15,523424,13486,121,14186.14,212.4
CAM0714,2024-12-24,Social,4202.27,742912,32601,783,77237.06,1738.0
CAM0715,2024-10-20,Social,3173.17,253111,11338,202,53527.92,1586.9
CAM0716,2024-10-04,Search,1494.79,221931,2949,207,44794.29,2896.7
CAM0717,2024-03-24,Affiliate,2447.74,190470,1193,45,10642.18,334.8
CAM0718,2024-06-18,Search,6412.68,568095,4350,390,87775.88,1268.8
CAM0719,2024-08-07,Affiliate,4357.05,272559,10131,457,46409.43,965.2
CAM0720,2024-08-21,Display,4985.21,714944,12814,67,6833.36,37.1
CAM0721,2024-03-27,Display,2027.35,125759,1125,16,1408.57,-30.5
CAM0722,2024-09-19,Email,7315.04,438462,21905,359,95950.43,1211.7
CAM0723,2024-06-13,Email,5667.46,346156,10077,490,109778.71,1837.0
CAM0724,2024-03-16,Email,3394.91,626592,21488,737,163845.16,4726.2
CAM0725,2024-09-18,Email,2887.07,335286,15995,304,34979.35,1111.6
CAM0726,2024-06-19,Email,2892.15,216524,3893,211,51366.79,1676.1
CAM0727,2024-04-20,Social,4298.89,482228,14169,380,62826.46,1361.5
CAM0728,2024-10-16,Search,997.46,193874,7867,578,145512.97,14488.4
CAM0729,2024-09-08,Affiliate,6555.06,947841,17213,141,34284.74,423.0
CAM0730,2024-03-10,Social,3946.17,501852,24283,589,54804.88,1288.8
CAM0731,2024-07-24,Email,7606.09,722174,19592,516,140719.25,1750.1
CAM0732,2024-07-27,Display,7774.47,1454803,11445,155,33534.32,331.3
CAM0733,2024-11-22,Display,2994.51,416445,5521,85,9412.17,214.3
CAM0734,2024-05-26,Affiliate,9605.59,1442769,43965,1502,243990.32,2440.1
CAM0735,2024-11-25,Display,4163.97,392019,7555,64,8456.73,103.1
CAM0736,2024-11-07,Search,8676.61,851978,35990,1827,297534.86,3329.2
CAM0737,2024-05-27,Affiliate,3062.27,586349,9012,278,64082.76,1992.7
CAM0738,2024-09-17,Email,3775.29,704329,3964,147,35518.15,840.8
CAM0739,2024-08-21,Affiliate,3422.3,192415,2016,60,14434.62,321.8
CAM0740,2024-05-01,Email,5286.5,602409,4124,260,45874.31,767.8
CAM0741,2024-04-25,Social,3016.08,587580,3600,48,10393.18,244.6
CAM0742,2024-08-06,Email,5652.64,543759,20538,1071,303442.61,5268.2
CAM0743,2024-06-01,Social,8081.89,835735,11980,374,39265.1,385.8
CAM0744,2024-03-30,Search,1829.65,170304,2313,60,15241.33,733.0
CAM0745,2024-02-10,Display,6130.91,1086386,14225,198,16021.1,161.3
CAM0746,2024-05-11,Search,7963.69,1251027,48684,3537,424589.15,5231.6
CAM0747,2024-05-31,Social,3874.33,500436,3923,113,21556.8,456.4
CAM0748,2024-07-31,Social,2910.93,424080,9484,334,54109.02,1758.8
CAM0749,2024-02-17,Email,5544.76,361346,16209,568,146007.53,2533.3
CAM0750,2024-03-21,Social,3226.98,618081,17612,410,103104.42,3095.1
CAM0751,2024-04-26,Search,4840.4,664685,26488,1651,329823.77,6714.0
CAM0752,2024-09-09,Search,2379.55,263486,8850,547,50662.24,2029.1
CAM0753,2024-09-15,Email,6653.5,1228492,35084,1221,107062.66,1509.1
CAM0754,2024-05-03,Social,5512.45,994597,27158,798,119903.04,2075.1
CAM0755,2024-06-22,Affiliate,6260.21,836678,19587,474,50694.36,709.8
CAM0756,2024-03-02,Affiliate,5642.69,533151,5186,283,62016.11,999.1
CAM0757,2024-08-26,Display,5994.51,1151222,27478,446,86124.6,1336.7
CAM0758,2024-02-22,Display,6960.28,501799,4660,36,7646.31,9.9
CAM0759,2024-01-18,Email,8560.45,439737,6547,405,88749.42,936.7
CAM0760,2024-07-04,Search,4433.9,500802,6096,550,160264.38,3514.5
CAM0761,2024-10-16,Search,4744.43,829367,6157,389,36593.0,671.3
CAM0762,2024-01-01,Display,3212.31,544038,15650,129,25337.67,688.8
CAM0763,2024-01-08,Email,5298.56,485628,13506,561,162294.34,2963.0
CAM0764,2024-06-29,Search,2025.64,173951,4017,288,67827.73,3248.5
CAM0765,2024-05-27,Email,6021.04,554962,10820,530,53276.21,784.8
CAM0766,2024-08-01,Affiliate,5580.55,807080,27180,1159,180303.67,3130.9
CAM0767,2024-10-28,Display,5333.05,800523,29622,392,83015.32,1456.6
CAM0768,2024-09-01,Display,6011.3,962724,13275,131,10583.72,76.1
CAM0769,2024-11-30,Display,2467.88,460445,11202,147,30636.52,1141.4
CAM0770,2024-02-01,Search,5302.89,388664,18479,1364,365014.11,6783.3
CAM0771,2024-05-27,Affiliate,7276.49,1238696,34743,1306,196842.0,2605.2
CAM0772,2024-01-18,Display,4733.82,785314,38800,531,130167.66,2649.7
CAM0773,2024-12-22,Affiliate,2959.01,297947,11008,423,40158.01,1257.1
CAM0774,2024-12-19,Search,4795.47,675779,25418,2086,618490.96,12797.4
CAM0775,2024-03-24,Search,4082.93,649667,11151,744,108400.42,2555.0
CAM0776,2024-04-16,Affiliate,4688.8,259126,4552,43,11964.01,155.2
CAM0777,2024-02-07,Display,3943.97,254210,2640,31,6168.41,56.4
CAM0778,2024-10-27,Search,3217.08,464973,7744,484,115942.88,3504.0
CAM0779,2024-01-31,Display,7677.74,795417,17543,271,54095.38,604.6
CAM0780,2024-01-19,Social,1267.97,88017,1750,47,10706.31,744.4
CAM0781,2024-12-09,Affiliate,6123.5,630385,6487,239,66077.19,979.1
CAM0782,2024-04-14,Search,310.46,21514,454,36,5871.05,1791.1
CAM0783,2024-05-02,Social,4141.52,528856,24053,562,152357.1,3578.8
CAM0784,2024-09-07,Search,3064.3,319321,11037,557,66443.2,2068.3
CAM0785,2024-01-06,Email,6872.45,1322445,19725,1319,277433.79,3936.9
CAM0786,2024-12-18,Search,4145.97,563284,27020,2553,604328.76,14476.3
CAM0787,2024-01-06,Email,4142.22,784868,15856,619,91956.09,2120.0
CAM0788,2024-07-25,Social,2164.36,307155,5527,139,28561.83,1219.6
CAM0789,2024-10-30,Affiliate,4609.2,789622,16036,583,168983.45,3566.2
CAM0790,2024-08-30,Email,4240.78,389569,16139,510,71086.62,1576.3
CAM0791,2024-07-11,Email,6251.31,570102,23086,1019,86896.17,1290.0
CAM0792,2024-11-28,Email,6616.01,1099787,22126,713,94861.26,1333.8
CAM0793,2024-07-14,Social,5478.13,1033294,19997,721,149598.77,2630.8
CAM0794,2024-02-06,Display,3577.53,246510,8832,90,9626.37,169.1
CAM0795,2024-03-08,Social,4007.29,666333,24901,376,63725.42,1490.2
CAM0796,2024-06-18,Display,8315.3,989037,35867,132,20654.42,148.4
CAM0797,2024-12-07,Email,2554.67,269819,7507,385,55894.7,2087.9
CAM0798,2024-01-06,Social,3539.47,261875,8481,184,23504.68,564.1
CAM0799,2024-07-31,Email,4942.42,337311,2641,136,37988.13,668.6
CAM0800,2024-03-27,Search,5163.76,273366,6254,359,95212.78,1743.9
CAM0801,2024-05-09,Search,5258.86,598615,6863,422,102981.6,1858.2
CAM0802,2024-09-05,Social,8388.99,1387763,34905,635,107292.72,1179.0
CAM0803,2024-04-11,Search,6110.74,506559,3077,254,27959.23,357.5
CAM0804,2024-05-23,Display,2357.07,267487,10273,82,15439.33,555.0
CAM0805,2024-12-18,Social,8861.5,1744979,62691,1099,164174.69,1752.7
CAM0806,2024-01-23,Email,5024.31,784402,21983,937,274535.23,5364.1
CAM0807,2024-09-17,Affiliate,4923.53,342789,14996,506,128160.65,2503.0
CAM0808,2024-04-21,Affiliate,5242.12,851045,30985,890,178040.37,3296.3
CAM0809,2024-09-23,Display,4552.41,236764,8379,41,10351.3,127.4
CAM0810,2024-10-18,Display,4767.3,403991,15058,198,29744.73,523.9
CAM0811,2024-11-15,Display,6918.55,1140967,37996,612,50667.61,632.3
CAM0812,2024-12-18,Affiliate,4245.41,582812,24472,1164,335749.75,7808.5
CAM0813,2024-09-23,Email,2697.75,489596,3866,146,27470.56,918.3
CAM0814,2024-01-02,Affiliate,8241.65,957314,7467,299,75449.48,815.5
CAM0815,2024-12-07,Social,5465.79,364893,5755,119,31107.9,469.1
CAM0816,2024-10-03,Affiliate,8737.54,1005748,27257,1200,350895.86,3916.0
CAM0817,2024-04-04,Display,7969.97,685181,19852,195,49814.54,525.0
CAM0818,2024-09-16,Search,3055.52,363076,5450,272,22100.4,623.3
CAM0819,2024-03-25,Display,6258.12,746402,18031,323,40676.28,550.0
CAM0820,2024-06-25,Social,6499.89,869031,37609,1045,84618.24,1201.8
CAM0821,2024-11-15,Email,5345.77,1037970,34907,970,267399.47,4902.1
CAM0822,2024-06-20,Display,9046.55,1186281,18835,271,77446.58,756.1
CAM0823,2024-03-19,Display,6046.77,915003,41500,628,113255.48,1773.0
CAM0824,2024-10-12,Display,1572.13,100114,4570,46,5015.66,219.0
CAM0825,2024-12-13,Email,6243.84,363194,6569,282,64476.28,932.6
CAM0826,2024-08-22,Display,4846.95,809472,6381,106,14432.31,197.8
CAM0827,2024-07-01,Search,5234.55,462638,20281,2258,398672.26,7516.2
CAM0828,2024-05-02,Affiliate,4918.41,565582,26377,1244,338588.51,6784.1
CAM0829,2024-05-07,Display,5968.08,1169994,31898,316,38551.81,546.0
CAM0830,2024-05-30,Affiliate,2937.91,270086,11347,435,56493.55,1822.9
CAM0831,2024-05-30,Search,8841.0,1153160,47518,2723,737422.09,8240.9
CAM0832,2024-07-13,Search,6037.79,1194252,26666,1599,200166.74,3215.2
CAM0833,2024-02-08,Affiliate,5443.12,511090,22236,1134,116418.62,2038.8
CAM0834,2024-08-11,Social,5229.95,453474,6023,108,21526.13,311.6
CAM0835,2024-12-25,Social,8212.09,567317,23393,421,106464.59,1196.4
CAM0836,2024-02-05,Search,6353.46,697795,10124,363,53716.26,745.5
CAM0837,2024-02-04,Email,7569.44,564201,26835,2151,334702.53,4321.8
CAM0838,2024-03-20,Search,4945.96,528916,8309,373,36778.36,643.6
CAM0839,2024-09-29,Display,6535.0,858926,8192,100,25473.7,289.8
CAM0840,2024-09-07,Search,9282.95,947305,31510,1679,357618.59,3752.4
CAM0841,2024-09-25,Email,2326.09,164759,1279,62,12800.49,450.3
CAM0842,2024-09-07,Social,6166.65,1065211,52768,893,196460.4,3085.9
CAM0843,2024-02-06,Display,6920.98,1329710,23623,288,63443.62,816.7
CAM0844,2024-12-10,Display,4458.35,687518,13607,189,21117.74,373.7
CAM0845,2024-11-16,Email,4424.8,663403,25547,896,131452.0,2870.8
CAM0846,2024-10-04,Affiliate,1772.23,221557,9265,286,38698.53,2083.6
CAM0847,2024-12-16,Email,9989.2,825915,33452,1521,411459.94,4019.0
CAM0848,2024-07-16,Social,2965.76,375211,1892,57,6470.92,118.2
CAM0849,2024-07-24,Affiliate,4906.02,947714,6241,257,72561.9,1379.0
CAM0850,2024-10-12,Affiliate,5548.65,916889,18996,1043,88859.79,1501.5
CAM0851,2024-12-07,Display,2342.65,374665,8658,149,20632.01,780.7
CAM0852,2024-10-01,Display,6490.37,1220743,38281,470,138493.16,2033.8
CAM0853,2024-10-04,Affiliate,3292.13,653502,22040,775,145877.28,4331.1
CAM0854,2024-07-21,Affiliate,5084.72,772477,12843,752,188483.87,3606.9
CAM0855,2024-01-23,Email,7870.08,784199,9308,370,35753.91,354.3
CAM0856,2024-11-26,Email,9018.72,1693650,46138,2668,451163.43,4902.5
CAM0857,2024-04-25,Display,5942.66,339648,12865,141,21565.27,262.9
CAM0858,2024-12-04,Affiliate,3845.51,274929,11840,523,125347.84,3159.6
CAM0859,2024-12-13,Search,5767.55,1052832,24041,1379,163079.1,2727.5
CAM0860,2024-06-28,Email,7227.96,1364333,66500,3139,785891.61,10772.9
CAM0861,2024-02-12,Search,5836.06,1025377,47948,4119,1222162.79,20841.6
CAM0862,2024-10-11,Affiliate,6653.19,863892,42954,839,87777.87,1219.3
CAM0863,2024-01-04,Email,6523.89,812785,38126,1730,506492.52,7663.7
CAM0864,2024-04-04,Display,4105.76,705398,15896,193,15570.19,279.2
CAM0865,2024-09-14,Search,4387.69,377364,10287,694,68640.2,1464.4
CAM0866,2024-08-21,Display,4958.47,601822,23003,332,31563.63,536.6
CAM0867,2024-11-29,Display,1936.3,103465,4096,51,8686.52,348.6
CAM0868,2024-06-22,Social,4942.74,591362,24777,913,193640.56,3817.7
CAM0869,2024-07-15,Affiliate,1085.64,100875,3435,166,28931.0,2564.9
CAM0870,2024-11-11,Affiliate,5866.74,698245,23681,1106,147411.88,2412.7
CAM0871,2024-02-28,Display,4105.38,352230,17581,231,29596.76,620.9
CAM0872,2024-03-17,Social,5290.85,490122,8231,373,91952.44,1638.0
CAM0873,2024-05-28,Search,4381.47,304058,6533,324,66808.58,1424.8
CAM0874,2024-05-27,Search,9002.11,1133028,38175,2737,804902.18,8841.3
CAM0875,2024-08-06,Affiliate,6027.99,410045,18495,940,144347.3,2294.6
CAM0876,2024-11-27,Social,5153.54,931402,26655,512,63910.94,1140.1
CAM0877,2024-02-22,Display,5264.9,883339,17702,158,19063.63,262.1
CAM0878,2024-03-25,Affiliate,2095.17,249031,1460,41,7601.84,262.8
CAM0879,2024-04-05,Social,276.33,30073,1497,29,7883.07,2752.8
CAM0880,2024-07-23,Email,4000.19,731740,20532,1091,209295.34,5132.1
CAM0881,2024-02-14,Search,5258.21,529765,3382,210,39980.66,660.3
CAM0882,2024-05-09,Social,7355.15,1312253,61256,1178,318315.88,4227.8
CAM0883,2024-01-21,Social,2780.4,355216,8838,47,8743.64,214.5
CAM0884,2024-05-30,Search,5049.44,567223,15629,999,240265.25,4658.3
CAM0885,2024-01-13,Display,7538.16,475589,17128,152,20164.35,167.5
CAM0886,2024-01-13,Search,6500.08,569617,11038,183,26044.05,300.7
CAM0887,2024-11-14,Social,2401.68,370639,10002,245,39514.08,1545.3
CAM0888,2024-11-12,Search,6378.67,807024,5610,183,25600.83,301.4
CAM0889,2024-08-07,Social,3410.79,275627,4847,108,16158.8,373.8
CAM0890,2024-01-18,Search,4809.73,351098,12480,944,116985.55,2332.3
CAM0891,2024-01-06,Affiliate,6826.81,428753,7691,180,25795.2,277.9
CAM0892,2024-10-11,Affiliate,5887.95,867607,4801,143,28604.61,385.8
CAM0893,2024-09-25,Email,5671.1,579499,20683,800,168590.81,2872.8
CAM0894,2024-10-06,Email,7153.46,1153636,53661,2839,602654.67,8324.7
CAM0895,2024-08-09,Email,3022.29,521521,8091,180,50242.85,1562.4
CAM0896,2024-01-01,Search,7378.83,1026515,13067,669,68697.68,831.0
CAM0897,2024-05-17,Email,3796.4,438712,17335,953,148976.2,3824.1
CAM0898,2024-05-30,Affiliate,2953.48,184553,2979,119,18183.49,515.7
CAM0899,2024-12-11,Email,5036.9,609419,20960,920,256262.8,4987.7
CAM0900,2024-06-03,Email,7390.65,756948,10385,532,140357.27,1799.1
CAM0901,2024-09-21,Affiliate,6958.17,1003404,36980,1299,360670.11,5083.4
CAM0902,2024-06-19,Email,3551.84,502545,17279,1019,146487.59,4024.3
CAM0903,2024-10-22,Search,3858.72,379819,12263,826,181898.28,4614.0
CAM0904,2024-01-18,Email,5847.07,571936,7734,267,34915.91,497.2
CAM0905,2024-04-21,Affiliate,3467.04,375719,8833,308,85775.04,2374.0
CAM0906,2024-10-30,Social,6488.08,1017331,45057,1094,302947.37,4569.3
CAM0907,2024-01-18,Search,2293.33,334034,15696,1617,341693.79,14799.5
CAM0908,2024-05-18,Email,5760.05,367800,11412,448,111755.34,1840.2
CAM0909,2024-03-04,Email,4694.89,606707,22350,932,210061.42,4374.3
CAM0910,2024-01-05,Search,4255.7,668133,5293,464,99585.52,2240.1
CAM0911,2024-11-01,Affiliate,9752.87,1666634,46438,1493,222148.18,2177.8
CAM0912,2024-02-03,Display,4084.82,767507,15985,186,19423.27,375.5
CAM0913,2024-12-13,Display,2246.9,211777,4338,60,10069.58,348.2
CAM0914,2024-08-09,Social,5373.64,355573,2753,63,12461.07,131.9
CAM0915,2024-09-27,Social,1294.03,235403,10235,72,5921.06,357.6
CAM0916,2024-07-11,Search,4264.76,346662,2598,202,57725.48,1253.5
CAM0917,2024-04-20,Social,1443.87,72860,1815,50,7204.53,399.0
CAM0918,2024-06-10,Search,4393.32,747056,29410,1436,225016.05,5021.8
CAM0919,2024-10-09,Email,5166.52,450268,7829,215,19342.99,274.4
CAM0920,2024-09-16,Email,76.61,13429,643,39,8296.78,10729.9
CAM0921,2024-06-02,Display,4902.58,529797,18195,171,25428.53,418.7
CAM0922,2024-10-07,Email,3844.18,468824,7952,274,26401.02,586.8
CAM0923,2024-10-04,Social,4294.37,740113,23438,498,130515.28,2939.2
CAM0924,2024-06-06,Display,6375.13,397046,5360,50,6493.91,1.9
CAM0925,2024-08-09,Search,2885.21,237453,5253,286,76052.74,2536.0
CAM0926,2024-01-25,Social,9927.97,1035303,16145,371,98205.24,889.2
CAM0927,2024-04-14,Search,5799.36,1010518,19671,1180,127737.95,2102.6
CAM0928,2024-12-08,Social,8466.61,912236,32523,900,253740.95,2897.0
CAM0929,2024-10-30,Search,2918.63,261252,7097,483,131616.96,4409.5
CAM0930,2024-03-17,Social,4226.11,591973,27558,681,79832.19,1789.0
CAM0931,2024-03-28,Social,6993.08,849527,35813,498,142229.17,1933.9
CAM0932,2024-05-01,Display,5717.98,850700,20028,182,50718.95,787.0
CAM0933,2024-09-22,Affiliate,7832.82,760666,8665,424,121294.55,1448.5
CAM0934,2024-10-06,Affiliate,1020.22,157835,6440,162,26087.86,2457.1
CAM0935,2024-01-19,Email,2312.54,167822,2891,127,18710.22,709.1
CAM0936,2024-04-16,Social,5602.88,992550,10351,281,47549.77,748.7
CAM0937,2024-05-26,Email,4508.58,272383,8052,331,45578.06,910.9
CAM0938,2024-03-11,Display,5568.58,773070,6854,159,20001.89,259.2
CAM0939,2024-04-09,Display,1970.38,162121,990,5,1206.31,-38.8
CAM0940,2024-06-16,Display,3927.72,536572,25963,244,46262.92,1077.9
CAM0941,2024-03-29,Search,3524.27,182068,6537,423,79640.99,2159.8
CAM0942,2024-04-28,Email,2659.45,274225,10023,370,58175.05,2087.5
CAM0943,2024-03-05,Email,4410.98,753056,31909,1319,326056.02,7291.9
CAM0944,2024-11-30,Email,4717.61,765567,5801,249,28892.73,512.4
CAM0945,2024-03-15,Social,3385.1,463532,8341,169,49544.52,1363.6
CAM0946,2024-02-28,Search,4989.92,695463,17209,1440,399405.92,7904.3
CAM0947,2024-05-10,Display,2038.34,337850,9078,109,10183.43,399.6
CAM0948,2024-06-17,Email,5329.54,852256,11452,543,135280.93,2438.3
CAM0949,2024-08-06,Display,5462.62,505709,13122,95,9367.1,71.5
CAM0950,2024-04-23,Display,5321.55,592449,16781,207,39647.04,645.0
CAM0951,2024-04-12,Search,6095.73,1098800,6640,410,97105.53,1493.0
CAM0952,2024-09-01,Social,3920.71,334034,16650,476,130016.38,3216.1
CAM0953,2024-10-10,Affiliate,2563.96,245195,10145,226,19802.24,672.3
CAM0954,2024-07-03,Affiliate,2518.85,246113,7248,304,82427.45,3172.4
CAM0955,2024-01-13,Social,3554.37,626682,20308,431,52245.5,1369.9
CAM0956,2024-10-18,Email,7770.99,1046272,13788,401,45178.96,481.4
CAM0957,2024-03-13,Social,1596.98,267658,3169,87,7113.49,345.4
CAM0958,2024-01-15,Search,3331.18,620581,7736,326,85393.45,2463.5
CAM0959,2024-02-24,Search,4784.73,549374,15168,929,133938.72,2699.3
CAM0960,2024-04-30,Social,3264.31,226099,4266,109,12002.63,267.7
CAM0961,2024-01-03,Search,3441.75,632137,30957,1514,313841.94,9018.7
CAM0962,2024-10-12,Social,1268.8,99000,1107,6,799.15,-37.0
CAM0963,2024-02-10,Display,5472.6,802435,18943,137,37503.4,585.3
CAM0964,2024-09-22,Social,4694.59,681167,21685,752,142603.17,2937.6
CAM0965,2024-12-21,Affiliate,5930.63,522559,12079,462,54901.82,825.7
CAM0966,2024-12-15,Social,5848.51,468231,14082,510,64101.19,996.0
CAM0967,2024-09-17,Display,1227.56,196424,3173,36,9721.02,691.9
CAM0968,2024-04-14,Email,7949.15,1083882,39689,1951,320593.83,3933.1
CAM0969,2024-12-24,Affiliate,7409.14,1387937,59068,1823,449053.89,5960.8
CAM0970,2024-03-24,Affiliate,2499.02,425910,8271,494,130734.56,5131.4
CAM0971,2024-02-29,Affiliate,5150.3,808995,25317,1200,229775.84,4361.4
CAM0972,2024-01-18,Display,6776.86,900791,44047,731,95921.97,1315.4
CAM0973,2024-10-31,Social,5588.89,330544,14016,339,71149.57,1173.1
CAM0974,2024-08-30,Search,5994.82,344095,1746,91,16090.56,168.4
CAM0975,2024-07-16,Email,7100.87,657869,10570,394,34195.21,381.6
CAM0976,2024-04-01,Email,7212.85,995953,6037,336,30056.84,316.7
CAM0977,2024-01-17,Social,587.03,61363,1989,54,4990.2,750.1
CAM0978,2024-10-09,Email,5467.26,938286,44180,2783,680568.41,12348.1
CAM0979,2024-09-25,Affiliate,8465.43,1508978,28308,1111,268094.77,3066.9
CAM0980,2024-03-17,Email,5714.04,393095,10327,285,62571.12,995.0
CAM0981,2024-11-26,Search,4663.14,706342,8791,855,75527.94,1519.7
CAM0982,2024-05-01,Email,5000.76,584816,28383,1632,287543.67,5650.0
CAM0983,2024-07-07,Search,4956.48,765592,4101,257,36296.55,632.3
CAM0984,2024-01-11,Email,6149.17,891703,39424,224,19022.96,209.4
CAM0985,2024-09-11,Social,5743.36,872285,6608,47,6596.87,14.9
CAM0986,2024-04-26,Social,4834.75,386960,9284,153,18482.96,282.3
CAM0987,2024-10-31,Affiliate,2689.6,185769,8596,471,101428.93,3671.2
CAM0988,2024-05-27,Email,7239.2,1125603,26174,1051,148258.2,1948.0
CAM0989,2024-08-08,Social,9756.31,1767786,12290,350,76419.92,683.3
CAM0990,2024-06-26,Affiliate,4683.76,832687,17903,295,27695.9,491.3
CAM0991,2024-08-29,Social,4802.63,653502,21892,390,79317.8,1551.5
CAM0992,2024-02-24,Social,4075.04,660074,15295,378,70711.06,1635.2
CAM0993,2024-04-30,Search,3743.53,638121,4908,445,109819.78,2833.6
CAM0994,2024-10-14,Affiliate,3939.88,423340,6138,161,27952.52,609.5
CAM0995,2024-11-12,Display,6299.14,679679,22134,263,29191.02,363.4
CAM0996,2024-10-08,Display,6710.62,714088,26606,335,61082.73,810.2
CAM0997,2024-09-11,Social,2221.55,159183,5479,131,31278.76,1308.0
CAM0998,2024-05-07,Affiliate,3184.1,620691,14110,559,86054.87,2602.6
CAM0999,2024-03-06,Email,3803.98,225799,2528,106,25960.27,582.5
CAM1000,2024-06-22,Search,5086.29,605422,17930,1422,279875.22,5402.5
CAM1001,2024-11-22,Search,3897.27,246273,10839,114,33443.78,758.1
CAM1002,2024-12-26,Email,3086.78,484409,16319,763,90463.84,2830.7
CAM1003,2024-08-20,Email,7363.66,1440170,66109,3242,655997.42,8808.6
CAM1004,2024-04-25,Affiliate,6991.41,963545,16427,653,53330.68,662.8
CAM1005,2024-06-17,Search,5436.09,389103,15648,943,84819.99,1460.3
CAM1006,2024-12-27,Social,7098.83,838854,19020,625,174927.33,2364.2
CAM1007,2024-09-03,Display,3070.79,424856,17958,230,21926.72,614.0
CAM1008,2024-04-25,Email,2616.14,433092,19252,1300,288082.05,10911.7
CAM1009,2024-12-27,Search,5341.9,459638,5191,335,64913.31,1115.2
CAM1010,2024-10-10,Email,2722.75,212750,8539,358,100150.64,3578.3
CAM1011,2024-12-06,Social,4848.79,290314,7825,116,20801.49,329.0
CAM1012,2024-06-05,Search,5301.9,860811,32297,1558,405473.7,7547.7
CAM1013,2024-03-18,Display,5869.35,308035,10521,88,23668.16,303.3
CAM1014,2024-07-28,Email,5314.19,870096,16704,708,200596.54,3674.7
CAM1015,2024-07-27,Social,5602.77,620906,8961,206,43040.71,668.2
CAM1016,2024-09-23,Display,5189.53,557938,20343,189,47797.67,821.0
CAM1017,2024-03-13,Email,6108.04,473981,15060,736,196332.36,3114.3
CAM1018,2024-04-09,Search,6274.3,421147,8584,553,107913.81,1619.9
CAM1019,2024-02-28,Search,4640.98,871453,37917,1714,310193.74,6583.8
CAM1020,2024-01-02,Display,3678.52,391280,9466,97,10723.69,191.5
CAM1021,2024-05-30,Social,6922.86,1381332,62630,863,134353.56,1840.7
CAM1022,2024-09-06,Search,2321.19,336508,3541,225,62988.37,2613.6
CAM1023,2024-11-20,Social,3467.29,221128,8838,172,13911.84,301.2
CAM1024,2024-01-27,Display,4120.74,596622,26117,254,72315.11,1654.9
CAM1025,2024-11-24,Search,3473.93,192010,2254,105,27144.08,681.4
CAM1026,2024-07-07,Display,4261.03,656614,30001,202,24159.47,467.0
CAM1027,2024-01-22,Email,6211.32,443960,21789,720,59421.19,856.7
CAM1028,2024-02-19,Display,5906.38,847748,31891,306,39458.71,568.1
CAM1029,2024-06-11,Search,7074.76,1153654,19797,1302,336543.03,4657.0
CAM1030,2024-01-21,Social,2846.79,499561,5073,195,53181.72,1768.1
CAM1031,2024-06-09,Social,4164.46,419349,4561,83,14996.18,260.1
CAM1032,2024-11-13,Email,4023.35,408203,7177,361,36982.55,819.2
CAM1033,2024-07-23,Affiliate,2094.51,163583,3766,148,33289.33,1489.4
CAM1034,2024-09-09,Affiliate,1629.6,243005,6273,233,42732.08,2522.2
CAM1035,2024-08-31,Search,7253.22,674676,3923,212,55529.96,665.6
CAM1036,2024-11-18,Email,6775.37,461154,9567,214,60543.19,793.6
CAM1037,2024-11-24,Display,3756.69,271941,11882,90,22545.65,500.1
CAM1038,2024-12-25,Affiliate,8816.4,1299261,35342,1178,344153.5,3803.6
CAM1039,2024-10-10,Search,3699.12,418142,12336,739,74763.12,1921.1
CAM1040,2024-11-18,Email,5013.38,408024,11923,476,123608.95,2365.6
CAM1041,2024-03-29,Search,2617.7,354648,9446,862,155426.03,5837.5
CAM1042,2024-03-05,Display,7176.32,848586,38569,509,65210.32,808.7
CAM1043,2024-04-29,Social,5559.73,891904,16474,385,33465.2,501.9
CAM1044,2024-04-30,Search,4086.73,601902,7909,426,37016.3,805.8
CAM1045,2024-11-12,Affiliate,8188.04,871764,28988,1308,162914.44,1889.7
CAM1046,2024-08-08,Social,2340.39,290309,4065,77,9128.39,290.0
CAM1047,2024-12-27,Social,5975.29,566668,25446,621,137121.52,2194.8
CAM1048,2024-09-16,Search,6055.85,679981,5908,212,23863.91,294.1
CAM1049,2024-08-02,Social,5640.3,771459,6320,185,36421.68,545.7
CAM1050,2024-11-12,Email,1989.52,277193,6819,466,94676.0,4658.7
CAM1051,2024-11-23,Affiliate,5660.17,1125012,16608,651,167515.51,2859.5
CAM1052,2024-03-27,Search,3096.83,165264,6489,341,52478.09,1594.6
CAM1053,2024-11-20,Email,4244.91,785742,14374,370,100151.39,2259.3
CAM1054,2024-01-26,Search,4370.34,809642,39809,1895,343730.6,7765.1
CAM1055,2024-05-26,Search,6365.92,743454,11981,67,15935.8,150.3
CAM1056,2024-12-29,Display,4505.93,326619,3468,29,8668.13,92.4
CAM1057,2024-02-18,Search,5005.37,714295,27597,3060,856378.16,17009.2
CAM1058,2024-04-21,Display,8348.32,1069622,42422,433,73580.3,781.4
CAM1059,2024-09-11,Social,4629.09,527377,3952,65,6566.97,41.9
CAM1060,2024-07-01,Social,4698.27,278404,4771,128,30220.35,543.2
CAM1061,2024-06-17,Affiliate,2372.64,247314,6635,370,94743.64,3893.2
CAM1062,2024-02-13,Email,6828.86,1083564,47097,2673,677369.42,9819.2
CAM1063,2024-02-07,Social,5764.94,371256,4581,73,6839.43,18.6
CAM1064,2024-07-01,Social,7024.2,584743,16275,323,29456.14,319.4
CAM1065,2024-11-25,Email,1622.94,197673,8051,370,53671.63,3207.1
CAM1066,2024-12-13,Social,2681.95,279488,11898,214,38401.05,1331.8
CAM1067,2024-06-23,Display,6413.42,746069,35344,408,118222.22,1743.4
CAM1068,2024-02-02,Email,4925.1,513055,3735,226,42850.27,770.0
CAM1069,2024-07-18,Social,487.77,84762,3277,96,16531.29,3289.2
CAM1070,2024-09-11,Display,5294.98,417603,14636,171,47021.03,788.0
CAM1071,2024-07-06,Affiliate,4924.56,288570,6267,283,46707.4,848.5
CAM1072,2024-07-03,Email,7051.91,1042172,45103,1885,536800.94,7512.1
CAM1073,2024-01-29,Affiliate,4731.66,422038,4725,212,51566.61,989.8
CAM1074,2024-06-05,Social,803.85,54715,1862,39,5174.43,543.7
CAM1075,2024-10-13,Search,5996.16,916305,35247,1951,408512.26,6712.9
CAM1076,2024-03-16,Social,3402.78,449184,10704,224,50226.49,1376.0
CAM1077,2024-12-09,Social,3830.13,479122,6890,140,32229.44,741.5
CAM1078,2024-12-05,Email,4055.77,313221,10224,675,86999.99,2045.1
CAM1079,2024-02-20,Affiliate,2720.94,363309,9079,431,98102.92,3505.5
CAM1080,2024-04-12,Email,3825.54,632925,22291,1101,131476.59,3336.8
CAM1081,2024-11-19,Affiliate,6294.05,1244204,39765,2204,304819.44,4743.0
CAM1082,2024-03-09,Social,5785.84,1041848,41948,813,222529.1,3746.1
CAM1083,2024-05-14,Affiliate,5131.55,538200,26246,1571,461506.97,8893.5
CAM1084,2024-01-11,Display,5326.91,514338,17765,129,24858.2,366.7
CAM1085,2024-09-07,Search,4233.42,462178,9787,558,45412.0,972.7
CAM1086,2024-01-13,Social,6459.94,506481,21245,296,25861.31,300.3
CAM1087,2024-07-04,Affiliate,3984.45,712539,8149,329,90467.32,2170.5
CAM1088,2024-09-29,Search,4439.16,283965,10892,727,214495.91,4731.9
CAM1089,2024-01-23,Display,5295.18,932711,14412,184,30830.97,482.2
CAM1090,2024-09-13,Affiliate,3146.07,575650,17988,847,154022.08,4795.7
CAM1091,2024-01-13,Social,3929.43,430991,14432,316,54168.53,1278.5
CAM1092,2024-11-06,Social,2576.23,157545,3206,71,19716.71,665.3
CAM1093,2024-05-11,Email,5380.35,367600,15231,692,191538.06,3460.0
CAM1094,2024-12-24,Display,3439.37,532317,21000,337,70322.65,1944.6
CAM1095,2024-02-05,Display,6166.88,1134997,42925,493,116565.72,1790.2
CAM1096,2024-09-07,Social,4703.86,517385,4147,71,10468.92,122.6
CAM1097,2024-05-16,Affiliate,3754.35,661909,21584,1178,205384.7,5370.6
CAM1098,2024-02-20,Display,4283.36,408121,2584,56,12198.98,184.8
CAM1099,2024-12-21,Email,2680.71,370958,13740,686,90937.82,3292.3
CAM1100,2024-02-06,Social,5452.41,985553,27810,618,153188.77,2709.6
CAM1101,2024-04-24,Display,1815.84,328637,12211,86,23101.44,1172.2
CAM1102,2024-12-27,Email,5391.14,877501,17940,559,68088.73,1163.0
CAM1103,2024-08-21,Email,7418.1,425642,8837,370,41822.31,463.8
CAM1104,2024-05-29,Email,5510.01,393540,12124,538,91036.16,1552.2
CAM1105,2024-06-10,Email,4863.61,724024,35307,2313,262805.75,5303.5
CAM1106,2024-06-20,Display,7168.67,621666,27856,349,28785.94,301.6
CAM1107,2024-03-14,Search,6349.91,1206036,44041,3870,453559.78,7042.8
CAM1108,2024-08-30,Affiliate,3804.35,409449,10202,206,45493.78,1095.8
CAM1109,2024-04-30,Display,6106.04,1159437,18769,309,62298.47,920.3
CAM1110,2024-08-30,Affiliate,1570.63,145023,5278,164,33930.36,2060.3
CAM1111,2024-12-18,Email,4517.18,799333,22800,723,96849.53,2044.0
CAM1112,2024-08-03,Social,4710.76,832399,26449,387,38212.24,711.2
CAM1113,2024-10-23,Display,4361.83,480342,15444,224,30310.54,594.9
CAM1114,2024-11-08,Affiliate,861.02,159216,1996,51,5268.27,511.9
CAM1115,2024-12-02,Email,7801.38,1345965,49072,1662,290530.83,3624.1
CAM1116,2024-05-21,Search,197.16,17310,615,42,7534.96,3721.7
CAM1117,2024-02-28,Search,4850.49,630482,30234,2052,252894.66,5113.8
CAM1118,2024-11-25,Email,5114.77,846550,29727,1848,176998.82,3360.5
CAM1119,2024-03-28,Display,3593.88,283105,3625,42,7842.57,118.2
CAM1120,2024-09-21,Search,4134.62,509537,12456,973,107826.27,2507.9
CAM1121,2024-01-28,Affiliate,6555.09,486037,17943,758,89273.25,1261.9
CAM1122,2024-07-16,Social,9307.61,578868,4839,124,20512.53,120.4
CAM1123,2024-08-19,Email,7510.0,379175,7139,235,70143.42,834.0
CAM1124,2024-06-01,Email,3603.58,423386,6897,494,132723.15,3583.1
CAM1125,2024-09-28,Email,2292.14,431801,8303,459,76526.2,3238.6
CAM1126,2024-03-24,Search,7573.38,1246980,22934,2016,532672.16,6933.5
CAM1127,2024-06-26,Display,1809.35,269495,1671,17,2934.39,62.2
CAM1128,2024-07-07,Display,6244.39,968736,23514,344,68148.14,991.3
CAM1129,2024-06-06,Affiliate,4981.98,549462,25890,778,155996.57,3031.2
CAM1130,2024-03-06,Search,4453.03,711844,30730,1626,230852.39,5084.2
CAM1131,2024-07-18,Email,2514.55,231501,3208,131,10947.03,335.3
CAM1132,2024-03-08,Search,8698.59,826763,33449,1992,279564.98,3113.9
CAM1133,2024-06-12,Display,1974.43,307626,7894,84,8128.38,311.7
CAM1134,2024-02-28,Email,8456.08,651432,7621,179,21656.55,156.1
CAM1135,2024-03-02,Social,4998.12,682226,27299,733,92724.91,1755.2
CAM1136,2024-12-22,Email,2718.09,514507,13515,642,130103.81,4686.6
CAM1137,2024-06-03,Social,3173.47,396291,18447,256,73510.01,2216.4
CAM1138,2024-01-30,Affiliate,6245.34,1161199,35983,2115,370065.31,5825.5
CAM1139,2024-03-12,Affiliate,4225.93,299276,1652,73,18477.02,337.2
CAM1140,2024-01-17,Search,5967.49,901004,41204,2818,277236.85,4545.8
CAM1141,2024-12-25,Affiliate,3622.53,685904,6230,164,19987.23,451.7
CAM1142,2024-09-18,Display,3405.63,282262,12485,141,37897.83,1012.8
CAM1143,2024-04-30,Affiliate,4161.42,435580,14520,361,57488.78,1281.5
CAM1144,2024-09-09,Social,4589.68,719041,19330,344,43332.37,844.1
CAM1145,2024-04-09,Display,6113.92,473438,13467,142,35507.5,480.8
CAM1146,2024-08-06,Search,6687.5,673667,29589,2055,291154.68,4253.7
CAM1147,2024-04-06,Social,4006.69,508474,22576,472,91116.97,2174.1
CAM1148,2024-01-12,Display,4729.78,722452,35108,442,55210.65,1067.3
CAM1149,2024-12-09,Email,5722.04,972298,40754,1586,142187.36,2384.9
CAM1150,2024-08-30,Social,4522.95,551251,11451,260,55893.28,1135.8
CAM1151,2024-09-13,Email,914.33,81606,4043,212,26868.38,2838.6
CAM1152,2024-10-29,Display,3092.56,255569,5339,58,6547.29,111.7
CAM1153,2024-12-05,Social,3645.27,652414,5365,144,42370.76,1062.3
CAM1154,2024-07-14,Search,7049.45,701958,25826,1622,290656.14,4023.1
CAM1155,2024-02-06,Display,4801.25,865340,28511,338,54654.17,1038.3
CAM1156,2024-03-05,Affiliate,4968.57,381224,17083,844,80157.86,1513.3
CAM1157,2024-11-10,Display,11020.82,1044789,6010,68,8016.13,-27.3
CAM1158,2024-04-26,Display,6136.98,648357,19315,172,24432.55,298.1
CAM1159,2024-01-11,Display,3489.47,231494,1809,15,3575.1,2.5
CAM1160,2024-12-30,Search,7678.92,1533004,75182,5918,1282710.77,16604.3
CAM1161,2024-04-27,Email,4230.23,809315,9346,447,72209.2,1607.0
CAM1162,2024-12-14,Social,6528.97,737602,6751,201,18523.29,183.7
CAM1163,2024-01-18,Social,5817.01,565524,15630,353,31432.62,440.4
CAM1164,2024-01-31,Search,7637.97,1058609,19949,867,250938.21,3185.4
CAM1165,2024-07-22,Search,1156.31,119550,2208,197,51060.57,4315.8
CAM1166,2024-03-13,Social,4101.52,278792,5206,160,27195.2,563.1
CAM1167,2024-11-04,Email,8839.0,442341,17105,1197,331672.97,3652.4
CAM1168,2024-11-11,Search,1024.28,68466,366,29,2902.78,183.4
CAM1169,2024-12-22,Display,3982.17,399585,12258,118,31928.99,701.8
CAM1170,2024-11-10,Email,5743.98,1033434,42441,1550,127388.88,2117.8
CAM1171,2024-04-02,Affiliate,6498.54,609258,18473,980,95223.14,1365.3
CAM1172,2024-06-17,Display,4595.98,853400,12087,160,32210.15,600.8
CAM1173,2024-09-06,Email,4083.99,287221,9298,477,113517.43,2679.6
CAM1174,2024-04-08,Social,7834.44,1012620,41779,1032,221406.09,2726.1
CAM1175,2024-01-05,Affiliate,4761.87,514019,11156,590,148986.7,3028.7
CAM1176,2024-09-04,Social,4186.17,728306,17353,337,61113.07,1359.9
CAM1177,2024-04-21,Search,3671.67,728814,19713,678,142727.38,3787.3
CAM1178,2024-04-08,Affiliate,3279.9,393210,15824,611,119902.39,3555.7
CAM1179,2024-10-03,Email,5458.4,878570,9029,288,76918.33,1309.2
CAM1180,2024-04-12,Search,3979.47,309995,12626,354,67140.14,1587.2
CAM1181,2024-04-17,Social,9374.24,542744,25796,817,157051.92,1575.4
CAM1182,2024-08-31,Social,3568.44,531463,8814,201,50525.61,1315.9
CAM1183,2024-10-17,Search,3240.71,445483,11670,991,259190.74,7898.0
CAM1184,2024-05-03,Affiliate,6286.13,1124179,19479,448,130497.19,1976.0
CAM1185,2024-01-25,Affiliate,3051.75,392383,8078,300,55811.24,1728.8
CAM1186,2024-06-22,Affiliate,7768.62,550356,10511,353,95565.25,1130.1
CAM1187,2024-11-10,Display,7615.08,827448,27192,356,82374.03,981.7
CAM1188,2024-05-10,Search,3334.8,524849,20783,1181,211850.75,6252.7
CAM1189,2024-03-23,Social,6264.76,991768,7453,205,57443.37,816.9
CAM1190,2024-12-09,Affiliate,6863.46,908659,19614,793,225763.42,3189.4
CAM1191,2024-08-15,Affiliate,5891.56,402137,2251,143,33150.01,462.7
CAM1192,2024-06-04,Email,9814.11,1011333,41855,1910,559609.64,5602.1
CAM1193,2024-11-13,Search,1463.91,193139,4584,309,56871.32,3784.9
CAM1194,2024-08-28,Social,5231.87,781089,30451,416,123590.03,2262.3
CAM1195,2024-07-30,Display,5249.21,464074,10326,85,16753.78,219.2
CAM1196,2024-12-18,Search,5753.54,1093548,51093,3913,1145285.17,19805.7
CAM1197,2024-02-14,Affiliate,6053.85,394624,7765,382,42503.02,602.1
CAM1198,2024-07-11,Email,5938.7,1149405,32691,1819,228397.24,3745.9
CAM1199,2024-05-21,Affiliate,7583.86,652408,26023,857,76933.48,914.4
CAM1200,2024-09-28,Email,4712.2,806247,18589,747,75441.41,1501.0
CAM1201,2024-03-18,Display,3509.43,655198,3578,39,7898.88,125.1
CAM1202,2024-01-02,Search,6669.9,1105266,50896,4029,706884.51,10498.1
CAM1203,2024-02-08,Email,1611.5,152963,6680,455,69299.64,4200.3
CAM1204,2024-08-22,Email,6694.14,688795,29671,1426,317414.0,4641.7
CAM1205,2024-07-21,Display,2237.61,177433,8012,61,6138.92,174.4
CAM1206,2024-04-11,Search,8006.03,1066148,51776,4379,367111.03,4485.4
CAM1207,2024-04-23,Affiliate,7257.29,1211253,49560,1808,220347.03,2936.2
CAM1208,2024-10-05,Affiliate,7613.22,1478123,65116,1457,325968.91,4181.6
CAM1209,2024-07-02,Social,2533.21,473065,20120,576,98409.83,3784.8
CAM1210,2024-12-27,Affiliate,3164.77,593127,13208,495,67837.73,2043.5
CAM1211,2024-06-21,Social,1450.1,231582,1608,5,575.45,-60.3
CAM1212,2024-08-05,Social,2956.82,399428,11187,218,56991.83,1827.5
CAM1213,2024-12-11,Search,3150.29,265068,7252,559,149352.66,4640.9
CAM1214,2024-08-29,Display,7021.79,999941,35067,497,56140.73,699.5
CAM1215,2024-11-05,Affiliate,2686.91,162958,3702,162,30379.43,1030.6
CAM1216,2024-03-11,Affiliate,2543.54,284754,9258,548,161747.04,6259.1
CAM1217,2024-03-30,Display,5097.61,783921,6529,58,6701.57,31.5
CAM1218,2024-06-02,Display,5105.78,750310,14281,180,48892.26,857.6
CAM1219,2024-07-18,Social,6415.04,622311,16574,158,19908.5,210.3
CAM1220,2024-03-30,Social,3607.68,424091,4630,116,11359.67,214.9
CAM1221,2024-09-28,Email,6557.59,1202767,56709,5055,957674.48,14504.1
CAM1222,2024-12-25,Search,7756.7,484857,9378,483,66300.0,754.7
CAM1223,2024-09-15,Display,8548.51,578585,23972,337,33858.57,296.1
CAM1224,2024-11-14,Affiliate,7732.99,808129,8425,364,29736.81,284.5
CAM1225,2024-11-18,Search,7874.16,643857,28494,2453,728811.46,9155.7
CAM1226,2024-10-18,Search,6104.59,346031,12029,679,147413.13,2314.8
CAM1227,2024-12-09,Display,4116.91,263904,6293,53,4942.76,20.1
CAM1228,2024-05-24,Social,4851.23,428618,8225,241,44303.88,813.3
CAM1229,2024-05-14,Social,6162.07,475835,3331,56,15325.44,148.7
CAM1230,2024-11-27,Social,6936.24,1190719,54350,773,64295.88,827.0
CAM1231,2024-07-05,Email,5664.86,615226,19495,1244,143937.94,2440.9
CAM1232,2024-10-06,Affiliate,2647.83,284908,7668,306,39925.53,1407.9
CAM1233,2024-11-01,Email,3602.74,428679,20144,1349,284119.55,7786.2
CAM1234,2024-06-04,Display,9499.27,655193,31321,438,113657.3,1096.5
CAM1235,2024-06-19,Email,6756.43,1200538,56799,3603,850390.79,12486.4
CAM1236,2024-06-09,Display,6529.85,492195,2705,24,2049.46,-68.6
CAM1237,2024-10-11,Email,4110.34,612120,7328,285,28060.34,582.7
CAM1238,2024-02-14,Display,1534.2,282904,5009,77,16639.43,984.6
CAM1239,2024-01-19,Social,2496.54,382067,12304,337,35111.36,1306.4
CAM1240,2024-02-05,Affiliate,3546.26,409465,17066,605,127040.82,3482.4
CAM1241,2024-11-14,Social,6116.21,1137951,17085,548,88677.28,1349.9
CAM1242,2024-10-14,Social,6738.92,902191,24430,518,113419.1,1583.0
CAM1243,2024-12-03,Social,4931.6,287055,8721,124,13492.45,173.6
CAM1244,2024-05-18,Affiliate,6273.46,686259,15806,585,131112.67,1990.0
CAM1245,2024-04-10,Display,3139.19,433497,10028,148,43680.74,1291.5
CAM1246,2024-11-28,Email,7838.51,1331876,14741,627,123668.34,1477.7
CAM1247,2024-07-10,Social,3875.04,401741,6954,126,23735.45,512.5
CAM1248,2024-04-15,Affiliate,5803.29,839804,23563,575,141616.2,2340.3
CAM1249,2024-01-04,Search,5151.05,521021,18745,1070,208962.12,3956.7
CAM1250,2024-04-29,Social,6010.92,826249,12236,316,68848.45,1045.4
CAM1251,2024-02-24,Affiliate,2754.6,283138,13962,636,77481.19,2712.8
CAM1252,2024-03-11,Affiliate,5915.54,1148892,33036,1183,339053.4,5631.6
CAM1253,2024-04-23,Affiliate,4139.0,229312,1814,60,4892.25,18.2
CAM1254,2024-05-13,Search,4657.68,692309,26377,1235,328721.94,6957.6
CAM1255,2024-01-04,Search,3631.3,375040,9261,638,80210.59,2108.9
CAM1256,2024-02-11,Social,3856.88,676271,19196,533,45499.35,1079.7
CAM1257,2024-06-27,Affiliate,4737.42,399221,5301,172,19406.65,309.6
CAM1258,2024-09-02,Affiliate,5663.03,812846,37390,1247,175677.79,3002.2
CAM1259,2024-03-02,Affiliate,3440.57,266703,5634,192,47743.92,1287.7
CAM1260,2024-04-14,Display,915.21,115830,3268,16,2620.76,186.4
CAM1261,2024-02-24,Display,3159.37,441449,17790,137,30856.33,876.7
CAM1262,2024-10-09,Email,6300.19,999279,26580,1648,357704.46,5577.7
CAM1263,2024-06-17,Social,5649.59,958694,23465,222,43741.07,674.2
CAM1264,2024-11-27,Email,2180.46,227801,2763,137,29401.6,1248.4
CAM1265,2024-07-15,Email,4656.63,768951,34130,680,140583.61,2919.0
CAM1266,2024-04-16,Social,3285.35,644652,14753,219,48322.71,1370.9
CAM1267,2024-10-14,Affiliate,7914.04,1493593,16308,750,133546.52,1587.5
CAM1268,2024-08-26,Display,4425.02,588555,27535,353,76126.29,1620.4
CAM1269,2024-04-07,Social,5291.59,373510,2067,46,5714.69,8.0
CAM1270,2024-10-10,Social,8653.28,1266154,53127,1662,413385.68,4677.2
CAM1271,2024-03-27,Affiliate,8049.8,1408050,58515,2444,536355.49,6563.0
CAM1272,2024-02-19,Affiliate,4324.37,573059,20300,484,85347.85,1873.6
CAM1273,2024-07-29,Social,3009.38,463894,12750,365,39668.0,1218.1
CAM1274,2024-02-24,Display,2451.48,156427,5657,64,13028.31,431.4
CAM1275,2024-11-29,Social,2229.6,253610,8871,189,48547.58,2077.4
CAM1276,2024-10-10,Search,2877.26,302333,8121,633,89960.83,3026.6
CAM1277,2024-03-29,Social,4512.12,315068,11092,184,46849.27,938.3
CAM1278,2024-10-29,Email,3087.34,477501,22182,1038,153032.21,4856.8
CAM1279,2024-04-29,Affiliate,5101.42,844784,5641,178,34750.74,581.2
CAM1280,2024-11-12,Search,4363.66,403797,3795,210,17928.05,310.8
CAM1281,2024-06-18,Display,642.22,96046,3458,41,11293.77,1658.6
CAM1282,2024-09-02,Search,1888.38,255857,2349,112,24299.9,1186.8
CAM1283,2024-04-17,Social,5641.7,1081074,50858,1038,120382.2,2033.8
CAM1284,2024-09-16,Affiliate,8056.05,1478584,47931,1385,363268.54,4409.3
CAM1285,2024-10-22,Display,4177.62,367337,2652,33,7815.62,87.1
CAM1286,2024-03-17,Email,4925.69,680710,18066,1068,274204.7,5466.8
CAM1287,2024-10-10,Email,6280.23,400960,18006,1147,253375.9,3934.5
CAM1288,2024-06-20,Display,1768.53,178399,7091,105,27919.69,1478.7
CAM1289,2024-05-11,Email,3037.29,436075,15297,780,192416.56,6235.1
CAM1290,2024-11-09,Social,4512.38,666653,8353,145,19780.95,338.4
CAM1291,2024-03-05,Display,7347.95,624128,21690,129,33228.65,352.2
CAM1292,2024-01-03,Display,8625.79,1036307,12394,176,43357.35,402.6
CAM1293,2024-05-10,Search,5338.19,712334,18130,1125,252697.06,4633.8
CAM1294,2024-07-06,Email,4258.79,536302,26212,1345,395391.56,9184.1
CAM1295,2024-03-25,Search,2212.5,286793,4088,20,3092.3,39.8
CAM1296,2024-05-11,Search,5171.41,359831,2284,115,9551.7,84.7
CAM1297,2024-10-01,Social,3167.94,465146,15657,181,47236.32,1391.1
CAM1298,2024-05-09,Social,7408.45,445997,19795,673,110639.93,1393.4
CAM1299,2024-02-18,Search,4896.55,631211,17047,1056,175649.68,3487.2
CAM1300,2024-12-27,Social,5846.29,1032562,31184,760,212249.01,3530.5
CAM1301,2024-05-18,Affiliate,3959.57,486118,16172,838,159000.33,3915.6
CAM1302,2024-08-18,Affiliate,7264.71,968374,17548,815,150061.1,1965.6
CAM1303,2024-12-11,Display,8556.24,1411659,26300,388,116257.79,1258.7
CAM1304,2024-10-03,Affiliate,3687.59,303516,14138,549,164465.0,4360.0
CAM1305,2024-01-11,Display,6879.87,674310,8123,66,15066.64,119.0
CAM1306,2024-08-04,Email,4454.43,733080,20477,483,40399.45,806.9
CAM1307,2024-02-03,Display,9023.08,1673883,22454,302,29077.93,222.3
CAM1308,2024-05-25,Affiliate,6192.69,408422,5242,109,27835.39,349.5
CAM1309,2024-07-02,Social,7224.02,1427553,40842,982,95900.03,1227.5
CAM1310,2024-05-23,Display,1403.21,118776,1523,20,2121.0,51.2
CAM1311,2024-07-13,Social,3044.35,172774,3740,83,21505.8,606.4
CAM1312,2024-03-04,Social,6505.53,707005,19096,444,61480.04,845.0
CAM1313,2024-10-24,Search,1311.74,144985,5192,364,63869.31,4769.1
CAM1314,2024-10-05,Email,6704.47,802839,36007,1522,339688.67,4966.6
CAM1315,2024-09-03,Search,6031.51,701204,22906,1726,495890.6,8121.7
CAM1316,2024-05-29,Affiliate,957.54,130022,3656,191,22378.33,2237.1
CAM1317,2024-01-23,Search,3880.72,421822,9172,466,37748.36,872.7
CAM1318,2024-03-16,Affiliate,3610.13,412829,17294,899,133252.25,3591.1
CAM1319,2024-03-28,Search,7947.38,1276176,13224,981,277384.02,3390.3
CAM1320,2024-07-03,Display,4037.86,287799,13863,311,78340.94,1840.2
CAM1321,2024-12-28,Display,4964.15,905713,45118,435,47377.52,854.4
CAM1322,2024-07-24,Social,7049.34,1167377,49604,1051,225631.75,3100.7
CAM1323,2024-10-16,Social,9181.01,1444585,39000,640,165738.25,1705.2
CAM1324,2024-09-14,Search,4638.43,837565,5580,529,43904.74,846.5
CAM1325,2024-07-22,Social,5976.27,422605,12970,259,30325.44,407.4
CAM1326,2024-05-17,Display,3154.86,426098,6331,50,8652.56,174.3
CAM1327,2024-07-26,Social,2410.54,257506,12721,361,80326.35,3232.3
CAM1328,2024-12-09,Affiliate,6571.24,365868,11575,508,123655.75,1781.8
CAM1329,2024-09-19,Social,2789.95,239100,4619,92,15859.82,468.5
CAM1330,2024-10-07,Email,5652.26,461219,7198,446,100240.39,1673.5
CAM1331,2024-11-13,Email,5722.03,476334,6026,281,81817.19,1329.9
CAM1332,2024-08-04,Search,3143.45,503723,13450,1110,94120.65,2894.2
CAM1333,2024-10-10,Email,4443.33,794501,13330,346,28791.66,548.0
CAM1334,2024-06-17,Search,3230.91,204416,7907,619,148129.74,4484.8
CAM1335,2024-12-03,Social,6432.1,730297,28108,121,15736.95,144.7
CAM1336,2024-02-18,Email,4816.93,355132,17298,476,109169.71,2166.4
CAM1337,2024-10-18,Social,5791.55,393966,11166,289,31751.62,448.2
CAM1338,2024-08-31,Display,2852.0,166638,4090,49,12530.96,339.4
CAM1339,2024-12-13,Affiliate,6672.2,406391,13900,690,203829.94,2954.9
CAM1340,2024-06-04,Social,3309.28,564975,21203,617,55462.2,1576.0
CAM1341,2024-02-07,Search,5515.85,286380,9426,521,131225.23,2279.1
CAM1342,2024-08-31,Social,4818.89,598723,26824,731,184763.25,3734.1
CAM1343,2024-04-03,Search,6566.19,621182,20844,1723,251694.56,3733.2
CAM1344,2024-08-29,Social,3654.96,205286,6994,164,22044.66,503.1
CAM1345,2024-01-05,Affiliate,4520.35,429330,20333,821,219174.65,4748.6
CAM1346,2024-05-16,Email,3986.07,445377,6999,464,128979.02,3135.7
CAM1347,2024-05-25,Social,4963.81,438712,21002,442,107351.83,2062.7
CAM1348,2024-11-09,Search,5888.4,627345,20136,1744,514276.99,8633.7
CAM1349,2024-05-12,Social,5090.36,944234,18882,376,77482.28,1422.1
CAM1350,2024-05-09,Display,6780.34,641795,26435,482,42836.91,531.8
CAM1351,2024-08-24,Search,7841.66,941616,25091,1149,322126.18,4007.9
CAM1352,2024-04-07,Email,6545.81,1253001,58312,2568,641379.32,9698.3
CAM1353,2024-09-22,Search,7547.51,724826,30483,3071,834787.95,10960.4
CAM1354,2024-06-27,Search,252.98,22637,969,63,14931.05,5802.1
CAM1355,2024-06-11,Affiliate,4086.84,782133,22593,675,175303.29,4189.5
CAM1356,2024-06-01,Affiliate,3153.87,408362,15990,526,72639.62,2203.2
CAM1357,2024-02-15,Search,4421.13,244736,6962,404,46796.46,958.5
CAM1358,2024-06-13,Social,955.94,62285,1802,41,9617.23,906.0
CAM1359,2024-06-24,Search,7110.67,913040,7026,380,49310.48,593.5
CAM1360,2024-04-29,Affiliate,1716.45,243279,7760,303,90765.13,5188.0
CAM1361,2024-05-04,Display,7121.4,1308170,35979,452,55250.88,675.8
CAM1362,2024-07-03,Social,3545.82,287583,11076,166,24600.47,593.8
CAM1363,2024-06-21,Search,6412.0,759386,28337,1713,150957.95,2254.3
CAM1364,2024-11-25,Display,3961.77,313583,11409,111,22145.86,459.0
CAM1365,2024-12-13,Email,5439.91,568358,21738,1012,141346.35,2498.3
CAM1366,2024-05-22,Email,5108.62,288920,14065,449,127920.87,2404.0
CAM1367,2024-07-01,Social,2949.3,446405,9665,171,37205.73,1161.5
CAM1368,2024-05-02,Search,5580.22,317553,10354,783,232604.36,4068.4
CAM1369,2024-05-02,Display,7933.2,1191280,32395,291,38325.91,383.1
CAM1370,2024-05-29,Social,6451.11,836979,21644,230,30205.91,368.2
CAM1371,2024-01-22,Affiliate,5700.34,327797,15647,324,78142.75,1270.8
CAM1372,2024-04-01,Search,2549.13,294040,6857,546,100832.91,3855.6
CAM1373,2024-03-23,Affiliate,5305.75,406227,19761,679,84467.24,1492.0
CAM1374,2024-02-09,Search,2212.0,267758,4602,332,73298.49,3213.7
CAM1375,2024-11-11,Display,5173.11,449587,20208,295,69503.93,1243.6
CAM1376,2024-06-15,Search,1526.74,190877,4043,311,39245.04,2470.5
CAM1377,2024-04-11,Display,3915.56,301898,5567,72,9626.34,145.8
CAM1378,2024-01-22,Email,4874.57,688820,33922,1136,164712.64,3279.0
CAM1379,2024-01-14,Social,4176.2,307040,11359,184,14825.6,255.0
CAM1380,2024-07-23,Affiliate,3949.53,434523,17776,491,96566.34,2345.0
CAM1381,2024-10-24,Search,5803.15,597730,23799,1147,182174.51,3039.2
CAM1382,2024-01-05,Search,6115.54,1179395,43370,5580,667648.87,10817.3
CAM1383,2024-01-16,Search,4486.2,486348,18158,620,185673.48,4038.8
CAM1384,2024-09-03,Search,9208.07,1090009,40460,2905,325429.56,3434.2
CAM1385,2024-11-08,Email,4739.69,883997,7634,304,43257.54,812.7
CAM1386,2024-07-03,Display,2897.65,464354,13228,142,14861.6,412.9
CAM1387,2024-06-30,Affiliate,3440.2,269483,10753,314,68059.9,1878.4
CAM1388,2024-01-14,Social,6171.78,658171,9361,265,51481.38,734.1
CAM1389,2024-04-29,Social,4548.5,895968,31771,804,215162.47,4630.4
CAM1390,2024-03-30,Social,9191.19,1222948,57582,947,163304.03,1676.7
CAM1391,2024-08-10,Social,1732.34,315298,5791,159,18006.6,939.4
CAM1392,2024-11-13,Search,3532.45,459855,8905,487,97949.69,2672.9
CAM1393,2024-03-05,Search,5246.08,789398,10203,909,83659.26,1494.7
CAM1394,2024-12-20,Affiliate,5262.06,452126,14092,195,35687.36,578.2
CAM1395,2024-10-10,Search,5716.47,1037154,10862,755,216690.22,3690.6
CAM1396,2024-10-20,Email,3279.53,342794,3448,75,16128.3,391.8
CAM1397,2024-02-25,Search,4235.54,448251,14268,286,42032.95,892.4
CAM1398,2024-01-11,Social,1426.51,151330,2459,32,6715.29,370.7
CAM1399,2024-09-10,Social,2494.78,466541,11537,320,30685.97,1130.0
CAM1400,2024-12-23,Affiliate,4698.38,485701,3587,150,13578.97,189.0
CAM1401,2024-05-10,Email,5416.19,453785,5033,121,33744.47,523.0
CAM1402,2024-09-06,Display,3872.67,758498,30694,343,36809.86,850.5
CAM1403,2024-09-23,Social,4734.03,402949,15037,378,41897.52,785.0
CAM1404,2024-05-18,Search,6850.15,1241648,33436,2414,421772.29,6057.1
CAM1405,2024-07-31,Social,8523.33,1584968,25119,625,116953.35,1272.2
CAM1406,2024-08-06,Affiliate,3931.11,398516,13748,723,157359.62,3902.9
CAM1407,2024-06-17,Email,2560.87,395018,15777,823,116492.63,4448.9
CAM1408,2024-09-02,Social,4699.71,582568,8439,137,11963.37,154.6
CAM1409,2024-01-26,Affiliate,5418.58,603632,23377,812,82239.42,1417.7
CAM1410,2024-01-02,Display,1308.51,78347,2375,30,7283.85,456.7
CAM1411,2024-11-03,Social,2935.63,398285,11053,252,23744.62,708.8
CAM1412,2024-01-30,Email,4745.69,647134,32184,1635,427187.05,8901.6
CAM1413,2024-09-14,Search,455.16,51963,1650,75,7318.87,1508.0
CAM1414,2024-12-11,Social,5214.89,310368,1557,63,17716.05,239.7
CAM1415,2024-07-30,Display,5277.65,927686,8685,90,25063.27,374.9
CAM1416,2024-02-22,Display,6746.26,849966,14642,144,15676.87,132.4
CAM1417,2024-05-03,Search,5865.19,742058,21287,1405,385039.35,6464.8
CAM1418,2024-05-19,Affiliate,7144.0,1245314,25408,1157,332728.99,4557.5
CAM1419,2024-07-08,Search,4041.67,709369,11948,426,125622.66,3008.2
CAM1420,2024-01-07,Social,2861.6,178081,1534,36,6351.87,122.0
CAM1421,2024-07-04,Display,4896.43,612776,9243,111,13725.26,180.3
CAM1422,2024-02-20,Affiliate,5508.31,894490,26744,766,131232.25,2282.4
CAM1423,2024-01-22,Social,4791.08,739824,32717,717,205880.24,4197.2
CAM1424,2024-12-21,Search,2124.57,360129,4143,219,41631.83,1859.5
CAM1425,2024-11-02,Search,5782.86,378707,14166,1113,159046.28,2650.3
CAM1426,2024-10-23,Social,3384.44,215805,3264,82,18660.97,451.4
CAM1427,2024-10-15,Display,3771.11,624485,7510,66,14655.6,288.6
CAM1428,2024-10-25,Email,8820.36,1277667,57355,2259,435056.62,4832.4
CAM1429,2024-09-18,Search,2050.31,320076,5716,322,42115.4,1954.1
CAM1430,2024-09-28,Social,4467.49,481232,2938,82,13829.65,209.6
CAM1431,2024-12-10,Email,4282.02,455313,3171,158,16651.68,288.9
CAM1432,2024-05-13,Display,7125.59,676710,28601,283,35482.19,398.0
CAM1433,2024-07-22,Affiliate,5581.83,457769,13633,508,100552.0,1701.4
CAM1434,2024-03-31,Search,5450.49,1054204,31977,2141,339502.54,6128.8
CAM1435,2024-04-04,Email,5292.28,561022,13073,537,79870.1,1409.2
CAM1436,2024-01-13,Social,5050.33,642858,3733,75,10437.18,106.7
CAM1437,2024-10-10,Display,9662.42,1010875,32660,463,97630.86,910.4
CAM1438,2024-08-01,Affiliate,5004.59,647183,14171,483,42848.71,756.2
CAM1439,2024-03-30,Display,6957.39,1141270,52895,479,77481.07,1013.7
CAM1440,2024-07-25,Social,2433.23,200944,1820,23,6777.32,178.5
CAM1441,2024-07-27,Display,7594.98,1435761,22228,366,99247.63,1206.8
CAM1442,2024-11-22,Email,5319.66,613001,4540,169,31695.41,495.8
CAM1443,2024-05-27,Search,3901.0,590938,21814,2286,230942.13,5820.1
CAM1444,2024-10-04,Affiliate,4818.4,865254,19186,804,230033.93,4674.1
CAM1445,2024-03-30,Affiliate,4120.05,539609,26706,1042,202096.64,4805.2
CAM1446,2024-05-24,Affiliate,5755.72,1103596,30552,1790,413268.74,7080.1
CAM1447,2024-04-30,Social,4826.11,645301,19095,485,127225.52,2536.2
CAM1448,2024-11-15,Search,4285.39,510665,13258,909,255836.48,5870.0
CAM1449,2024-10-19,Email,5683.76,839551,30042,1268,269951.7,4649.5
CAM1450,2024-06-17,Affiliate,5473.79,819611,14971,447,56883.73,939.2
CAM1451,2024-02-27,Social,6005.43,1017260,48618,1087,105019.31,1648.7
CAM1452,2024-01-31,Social,3895.2,592936,28918,613,177099.37,4446.6
CAM1453,2024-12-07,Email,7614.95,485182,4155,181,36262.12,376.2
CAM1454,2024-08-05,Display,5855.22,293092,12652,171,40681.71,594.8
CAM1455,2024-10-27,Social,6159.59,842837,29516,434,97517.67,1483.2
CAM1456,2024-10-17,Email,2929.61,157522,2409,84,23457.31,700.7
CAM1457,2024-11-19,Email,6213.77,1143574,25435,1234,356635.57,5639.4
CAM1458,2024-01-19,Search,5423.46,944898,21918,1372,368513.42,6694.8
CAM1459,2024-06-21,Social,2350.55,149059,2536,45,7071.46,200.8
CAM1460,2024-12-26,Search,5422.33,302362,8684,535,60056.44,1007.6
CAM1461,2024-11-07,Affiliate,5357.34,628716,18938,383,110348.15,1959.8
CAM1462,2024-12-05,Social,4973.59,644813,13099,107,10047.01,102.0
CAM1463,2024-01-16,Email,2392.08,368600,8589,273,54018.56,2158.2
CAM1464,2024-02-06,Affiliate,1314.59,256461,5563,160,13123.6,898.3
CAM1465,2024-12-28,Affiliate,5553.79,969605,9254,474,40626.43,631.5
CAM1466,2024-08-04,Social,3929.03,206273,1196,21,5782.54,47.2
CAM1467,2024-08-14,Display,4759.45,643965,22627,249,66577.98,1298.9
CAM1468,2024-08-29,Affiliate,2974.11,369536,10125,447,52775.0,1674.5
CAM1469,2024-04-10,Affiliate,4411.4,478048,13577,413,115874.09,2526.7
CAM1470,2024-04-05,Display,3862.41,532527,3248,66,15926.05,312.3
CAM1471,2024-08-20,Search,6549.5,1040559,27812,1623,162015.28,2373.7
CAM1472,2024-11-09,Search,127.38,20444,511,16,3857.75,2928.5
CAM1473,2024-09-17,Search,5172.98,921190,12200,723,180728.89,3393.7
CAM1474,2024-12-24,Display,2695.79,443803,11852,136,12515.13,364.2
CAM1475,2024-08-04,Display,3510.6,237123,2240,21,2296.59,-34.6
CAM1476,2024-02-03,Email,4653.36,244587,11039,345,49971.51,973.9
CAM1477,2024-05-08,Display,2228.65,313058,14032,99,28063.04,1159.2
CAM1478,2024-08-21,Display,4189.9,801307,7633,48,13887.4,231.4
CAM1479,2024-07-20,Social,9380.43,833858,39604,1115,124819.98,1230.6
CAM1480,2024-09-13,Search,6439.6,841533,19226,917,74159.4,1051.6
CAM1481,2024-05-18,Display,3303.48,478104,5868,40,4843.69,46.6
CAM1482,2024-08-18,Social,8676.79,877067,32159,992,132940.79,1432.1
CAM1483,2024-10-20,Social,6344.64,711537,5311,112,19263.27,203.6
CAM1484,2024-04-03,Display,4223.57,833125,22260,307,32478.62,669.0
CAM1485,2024-10-03,Display,8195.47,1602569,46806,669,143621.3,1652.4
CAM1486,2024-10-28,Search,2774.2,465493,23258,1164,254047.55,9057.5
CAM1487,2024-12-13,Affiliate,5935.96,1072904,31552,888,157339.84,2550.6
CAM1488,2024-04-21,Display,4058.11,749020,15317,267,72048.54,1675.4
CAM1489,2024-09-02,Email,4371.74,615217,26415,626,155757.78,3462.8
CAM1490,2024-09-01,Social,10771.5,1478131,14699,428,63320.66,487.9
CAM1491,2024-02-20,Email,4872.69,760373,34651,1555,152164.18,3022.8
CAM1492,2024-09-08,Search,746.9,101004,3373,193,18509.69,2378.2
CAM1493,2024-09-15,Display,3511.71,640334,20537,253,45406.85,1193.0
CAM1494,2024-03-12,Search,8255.36,1334493,17651,1298,164150.97,1888.4
CAM1495,2024-05-31,Affiliate,9060.61,920084,33435,738,59453.5,556.2
CAM1496,2024-03-12,Affiliate,1915.6,281972,1721,89,13960.96,628.8
CAM1497,2024-07-27,Display,5208.07,298050,5560,76,13411.65,157.5
CAM1498,2024-08-08,Affiliate,4946.18,789254,39362,1583,329568.39,6563.1
CAM1499,2024-10-19,Search,6375.84,379769,16513,1154,268021.37,4103.7
CAM1500,2024-08-25,Email,3857.35,634218,21244,1624,174804.25,4431.7
CAM1501,2024-05-01,Social,5188.67,1002833,23029,476,55686.78,973.2
CAM1502,2024-01-20,Search,4309.03,809465,20441,1464,410958.65,9437.1
CAM1503,2024-04-17,Display,4514.86,745210,23390,109,16762.13,271.3
CAM1504,2024-08-22,Social,4491.72,281736,9732,144,41523.26,824.4
CAM1505,2024-06-26,Affiliate,5535.0,519272,23957,902,192186.48,3372.2
CAM1506,2024-01-27,Email,3672.4,705121,12010,693,94498.5,2473.2
CAM1507,2024-12-10,Affiliate,4858.84,315348,5068,170,43715.89,799.7
CAM1508,2024-06-20,Email,4275.79,694245,24467,974,96817.39,2164.3
CAM1509,2024-02-22,Affiliate,6013.71,602780,11986,348,49336.32,720.4
CAM1510,2024-10-17,Email,5140.59,791192,23974,915,130621.39,2441.0
CAM1511,2024-01-23,Affiliate,3713.9,689564,7617,330,37283.45,903.9
CAM1512,2024-10-06,Search,3129.89,206432,9072,681,98946.2,3061.3
CAM1513,2024-11-21,Social,5619.33,682730,27058,832,223951.56,3885.4
CAM1514,2024-02-09,Display,1482.08,237104,1524,23,2525.71,70.4
CAM1515,2024-10-17,Affiliate,4394.94,536774,16661,293,60427.78,1274.9
CAM1516,2024-12-28,Affiliate,3681.97,584366,16179,709,196675.43,5241.6
CAM1517,2024-04-12,Email,4828.16,498176,5002,316,84982.82,1660.1
CAM1518,2024-05-14,Social,4323.32,464055,21056,458,97451.28,2154.1
CAM1519,2024-02-23,Email,4630.18,641788,16248,507,96029.39,1974.0
CAM1520,2024-03-02,Social,4942.57,522289,4313,88,23859.58,382.7
CAM1521,2024-01-07,Affiliate,5175.21,629505,31002,1199,336963.76,6411.1
CAM1522,2024-11-29,Display,5003.4,575942,25541,315,90997.56,1718.7
CAM1523,2024-11-15,Affiliate,7199.06,1258029,49853,1338,123946.63,1621.7
CAM1524,2024-02-27,Email,3552.25,563606,20824,1335,157075.02,4321.8
CAM1525,2024-07-27,Display,7541.33,1241646,20242,261,51320.55,580.5
CAM1526,2024-11-07,Email,9048.29,1603095,69113,3566,680877.28,7424.9
CAM1527,2024-06-13,Display,8747.8,1503157,23014,397,69299.65,692.2
CAM1528,2024-04-16,Email,8255.07,1315684,31583,931,233095.01,2723.7
CAM1529,2024-06-28,Social,6336.45,349269,4204,90,12013.29,89.6
CAM1530,2024-02-10,Affiliate,2323.53,134239,3690,196,39912.3,1617.7
CAM1531,2024-03-15,Affiliate,7388.66,1429562,67948,2469,467036.98,6221.0
CAM1532,2024-08-06,Social,3764.54,408286,7076,158,14489.23,284.9
CAM1533,2024-08-11,Affiliate,1371.0,177725,8343,188,22358.77,1530.8
CAM1534,2024-09-26,Display,4400.92,663559,4098,58,16509.02,275.1
CAM1535,2024-10-06,Affiliate,4629.26,317755,6857,217,30842.53,566.3
CAM1536,2024-04-25,Social,3344.3,252706,7121,271,62090.82,1756.6
CAM1537,2024-03-06,Social,2852.19,267274,6448,64,18013.63,531.6
CAM1538,2024-07-09,Display,3848.63,223832,10465,145,33188.26,762.3
CAM1539,2024-07-29,Display,5216.32,667771,30463,283,47868.67,817.7
CAM1540,2024-02-06,Display,5384.63,717185,15299,244,52116.05,867.9
CAM1541,2024-01-11,Social,5408.12,984578,27475,632,139530.29,2480.0
CAM1542,2024-09-05,Display,5314.39,634469,10119,94,12309.99,131.6
CAM1543,2024-02-17,Social,5898.85,892652,35477,1024,121884.71,1966.2
CAM1544,2024-08-28,Display,7704.46,1450115,20462,277,46138.77,498.9
CAM1545,2024-12-01,Affiliate,5029.39,502324,15533,922,134646.33,2577.2
CAM1546,2024-01-12,Display,5240.67,858589,38348,393,114426.09,2083.4
CAM1547,2024-03-15,Affiliate,3621.81,663724,10595,305,84801.49,2241.4
CAM1548,2024-11-10,Email,3993.42,599561,13284,943,268474.88,6622.9
CAM1549,2024-02-14,Affiliate,3486.6,186816,5037,279,66939.74,1819.9
CAM1550,2024-09-01,Social,4589.27,442943,2353,67,7878.92,71.7
CAM1551,2024-02-27,Social,2842.75,238117,7415,162,31787.59,1018.2
CAM1552,2024-01-28,Email,1767.81,140872,2850,129,35671.13,1917.8
CAM1553,2024-04-16,Email,6573.59,1175761,36683,2129,521322.5,7830.6
CAM1554,2024-11-07,Social,4990.84,653746,28951,568,49157.91,885.0
CAM1555,2024-08-02,Display,5174.35,393495,13017,129,20228.15,290.9
CAM1556,2024-05-04,Social,3853.2,240322,8085,156,45835.46,1089.5
CAM1557,2024-06-16,Display,5455.75,805058,15902,273,53086.12,873.0
CAM1558,2024-09-12,Search,7597.92,1029159,24649,1449,345829.54,4451.6
CAM1559,2024-02-12,Social,3369.35,630219,26837,460,85221.81,2429.3
CAM1560,2024-08-19,Affiliate,2041.94,105491,3892,180,15371.41,652.8
CAM1561,2024-09-08,Email,2212.95,202585,9100,132,28333.55,1180.4
CAM1562,2024-03-13,Affiliate,6457.88,749517,24006,1099,228601.59,3439.9
CAM1563,2024-02-15,Email,2838.17,412693,11820,580,115712.91,3977.0
CAM1564,2024-03-21,Email,2362.87,454383,2875,125,32935.48,1293.9
CAM1565,2024-05-31,Email,5717.79,794080,28702,1560,372416.49,6413.3
CAM1566,2024-09-01,Affiliate,5792.37,643424,7935,130,37890.01,554.1
CAM1567,2024-07-21,Affiliate,5604.42,795531,31257,1964,418544.56,7368.1
CAM1568,2024-08-15,Search,5785.5,1137610,22734,863,214852.21,3613.6
CAM1569,2024-03-29,Social,3579.72,427461,13856,258,53401.23,1391.8
CAM1570,2024-10-16,Display,336.77,28711,503,6,971.48,188.5
CAM1571,2024-11-04,Email,4299.19,386479,5655,231,21400.16,397.8
CAM1572,2024-03-20,Search,4750.96,242949,6675,339,34879.88,634.2
CAM1573,2024-10-05,Affiliate,6710.05,361909,2978,119,32816.76,389.1
CAM1574,2024-12-09,Affiliate,3932.44,491627,21513,926,86717.68,2105.2
CAM1575,2024-12-16,Display,5710.98,410514,10463,89,20424.38,257.6
CAM1576,2024-01-17,Email,4654.1,474962,6234,265,48647.14,945.3
CAM1577,2024-10-13,Display,3829.54,634820,15267,108,27103.24,607.7
CAM1578,2024-01-06,Affiliate,3767.48,267181,10055,527,100205.3,2559.7
CAM1579,2024-12-05,Email,3701.97,219268,9635,550,138480.15,3640.7
CAM1580,2024-11-25,Display,4929.39,558252,26643,335,29151.03,491.4
CAM1581,2024-01-31,Affiliate,2551.62,237263,2295,117,26581.01,941.7
CAM1582,2024-04-26,Search,9120.32,685650,11097,570,138483.7,1418.4
CAM1583,2024-01-21,Display,7607.03,688292,8041,59,14371.17,88.9
CAM1584,2024-02-10,Display,4892.39,680953,32463,252,48109.83,883.4
CAM1585,2024-02-29,Display,5754.8,1084432,28453,320,70197.6,1119.8
CAM1586,2024-06-15,Email,4898.34,593842,13159,825,157097.62,3107.2
CAM1587,2024-09-06,Display,7487.05,1322458,39060,444,66432.34,787.3
CAM1588,2024-11-05,Search,7214.59,608998,18299,1599,130151.17,1704.0
CAM1589,2024-11-13,Search,7218.92,1398653,68401,4643,621710.3,8512.2
CAM1590,2024-03-12,Email,5661.18,1063719,14252,586,170693.38,2915.2
CAM1591,2024-10-14,Search,9668.04,636558,5536,402,69128.51,615.0
CAM1592,2024-03-07,Affiliate,4835.71,692353,11792,515,71529.81,1379.2
CAM1593,2024-11-14,Email,5543.25,778006,32134,2340,509496.53,9091.3
CAM1594,2024-10-11,Email,4956.17,626384,15678,867,168434.49,3298.5
CAM1595,2024-10-18,Affiliate,4761.04,714249,33068,620,57725.17,1112.4
CAM1596,2024-10-02,Search,5002.93,715140,24038,1962,429983.81,8494.6
CAM1597,2024-08-17,Social,5271.91,626473,28667,411,93033.57,1664.7
CAM1598,2024-01-11,Display,8170.54,656032,9385,72,8403.99,2.9
CAM1599,2024-01-22,Display,3454.04,261009,5137,40,10743.37,211.0
CAM1600,2024-02-25,Email,2927.41,408601,14041,640,141397.49,4730.1
CAM1601,2024-02-29,Social,6221.92,1162119,6537,118,26145.83,320.2
CAM1602,2024-08-29,Search,6128.69,489784,13200,1055,153888.57,2411.0
CAM1603,2024-08-25,Search,4342.12,556784,20100,713,77551.56,1686.0
CAM1604,2024-06-23,Display,8027.92,584286,8235,78,11168.92,39.1
CAM1605,2024-07-04,Search,579.85,115615,3082,176,19177.81,3207.4
CAM1606,2024-04-13,Search,6167.45,1012123,46651,3699,370094.13,5900.8
CAM1607,2024-03-16,Affiliate,2726.04,290458,11940,202,46194.73,1594.6
CAM1608,2024-10-16,Email,5611.8,1009382,32382,1683,204122.5,3537.4
CAM1609,2024-10-08,Display,7235.84,1201396,7278,113,11677.87,61.4
CAM1610,2024-06-21,Display,5293.35,382929,2462,21,2578.24,-51.3
CAM1611,2024-08-25,Search,4034.75,382760,10404,626,116702.81,2792.4
CAM1612,2024-06-01,Affiliate,3169.29,294356,8155,410,94198.98,2872.2
CAM1613,2024-03-14,Email,7055.72,1033079,5912,154,38818.19,450.2
CAM1614,2024-12-16,Social,4356.64,363695,3021,107,31341.26,619.4
CAM1615,2024-06-29,Search,7325.77,428277,14872,1021,293507.98,3906.5
CAM1616,2024-03-26,Search,7191.75,629350,9491,922,148723.05,1968.0
CAM1617,2024-02-25,Email,5189.22,566133,11583,309,43971.33,747.4
CAM1618,2024-02-20,Affiliate,6719.34,670015,8270,400,91229.69,1257.7
CAM1619,2024-11-27,Affiliate,2988.52,331030,13328,546,87889.96,2840.9
CAM1620,2024-11-27,Email,3418.68,499503,17464,398,69548.22,1934.4
CAM1621,2024-02-14,Social,5441.4,674481,9112,287,31443.32,477.9
CAM1622,2024-02-20,Affiliate,5642.47,1098871,31218,1249,168861.47,2892.7
CAM1623,2024-11-09,Affiliate,2334.74,250880,10136,457,107767.79,4515.8
CAM1624,2024-02-07,Email,3892.93,656892,14553,502,57979.84,1389.4
CAM1625,2024-03-18,Social,6764.46,913952,40872,571,107324.51,1486.6
CAM1626,2024-11-26,Affiliate,4576.36,403362,17950,447,78392.97,1613.0
CAM1627,2024-07-18,Social,4401.04,871307,34266,258,68041.69,1446.0
CAM1628,2024-09-11,Display,6083.21,899927,37887,507,98163.55,1513.7
CAM1629,2024-07-21,Affiliate,9353.68,1381341,63766,2599,522583.35,5486.9
CAM1630,2024-11-16,Affiliate,3195.65,615362,19751,973,280443.33,8675.8
CAM1631,2024-02-03,Affiliate,6937.8,1268746,55909,2957,433403.0,6147.0
CAM1632,2024-10-20,Display,1078.44,197912,7460,70,8451.07,683.6
CAM1633,2024-12-17,Display,3184.87,539105,4782,83,20494.61,543.5
CAM1634,2024-05-15,Affiliate,6611.08,714833,11050,562,98178.66,1385.1
CAM1635,2024-12-05,Display,2830.1,477984,18522,231,34286.61,1111.5
CAM1636,2024-12-24,Display,1745.3,91964,2753,22,4817.86,176.0
CAM1637,2024-09-14,Display,5247.06,835143,32372,414,121028.33,2206.6
CAM1638,2024-05-12,Affiliate,5786.71,1119997,27957,855,200574.26,3366.1
CAM1639,2024-04-15,Social,5850.75,321021,9401,207,44036.77,652.7
CAM1640,2024-09-17,Search,8140.06,525558,4227,239,23786.27,192.2
CAM1641,2024-02-13,Social,1330.91,239289,2261,58,9121.13,585.3
CAM1642,2024-02-16,Email,5671.7,460936,8882,292,82420.64,1353.2
CAM1643,2024-04-16,Social,4347.0,400102,17538,408,88333.08,1932.0
CAM1644,2024-08-09,Email,4241.2,519790,11819,354,84110.37,1883.2
CAM1645,2024-03-17,Search,4600.58,231601,3742,307,82761.71,1698.9
CAM1646,2024-12-28,Search,4276.76,505830,18420,1273,354173.23,8181.3
CAM1647,2024-01-22,Search,4637.06,435335,14062,575,160311.2,3357.2
CAM1648,2024-01-01,Social,4787.27,433408,8732,166,27931.13,483.4
CAM1649,2024-08-13,Search,6517.05,359584,10704,953,111423.76,1609.7
CAM1650,2024-12-22,Search,6763.39,1000662,27908,1413,196565.74,2806.3
CAM1651,2024-10-23,Affiliate,2674.4,406978,2470,51,12188.31,355.7
CAM1652,2024-05-15,Social,5338.73,920523,18292,316,63201.85,1083.8
CAM1653,2024-11-07,Social,2774.14,341488,3889,135,27261.78,882.7
CAM1654,2024-12-03,Display,5972.43,514126,23543,311,25926.45,334.1
CAM1655,2024-01-19,Search,5572.55,289159,8709,840,224721.35,3932.6
CAM1656,2024-05-12,Affiliate,4665.92,686004,29208,1315,145033.19,3008.4
CAM1657,2024-04-20,Email,6806.78,625747,26347,1846,377243.65,5442.2
CAM1658,2024-09-28,Social,4997.06,272045,8019,241,58695.06,1074.6
CAM1659,2024-09-11,Affiliate,1343.17,131160,4212,261,68168.37,4975.2
CAM1660,2024-11-27,Email,5845.22,635125,29744,1641,478809.8,8091.5
CAM1661,2024-12-14,Affiliate,2432.23,380573,15192,343,67388.78,2670.7
CAM1662,2024-01-18,Affiliate,3707.66,618924,9053,346,83765.87,2159.3
CAM1663,2024-05-22,Affiliate,4490.99,688996,16698,556,60962.7,1257.4
CAM1664,2024-07-21,Search,4606.17,795777,38884,757,201079.09,4265.4
CAM1665,2024-04-19,Email,5853.03,837342,14980,639,182025.94,3009.9
CAM1666,2024-09-08,Social,6902.22,1242117,46378,874,94273.91,1265.8
CAM1667,2024-03-05,Search,4255.95,383669,13555,922,158526.59,3624.8
CAM1668,2024-06-01,Search,6368.05,402737,5166,451,54867.5,761.6
CAM1669,2024-12-05,Display,4918.63,501526,8992,121,27073.32,450.4
CAM1670,2024-05-20,Display,5066.14,718624,32291,353,29596.62,484.2
CAM1671,2024-04-26,Display,1155.13,153533,7643,97,19682.37,1603.9
CAM1672,2024-09-26,Social,3178.66,319606,9676,268,68392.9,2051.6
CAM1673,2024-12-25,Affiliate,3263.74,178677,1488,46,11722.37,259.2
CAM1674,2024-06-15,Email,3356.12,638593,21753,1135,322900.85,9521.3
CAM1675,2024-11-12,Affiliate,4393.56,852849,22441,998,282469.18,6329.2
CAM1676,2024-05-12,Social,340.45,48382,2014,70,19533.91,5637.7
CAM1677,2024-02-14,Affiliate,2979.37,357752,8822,412,118274.64,3869.8
CAM1678,2024-04-25,Display,5999.9,617704,21217,308,30824.09,413.7
CAM1679,2024-03-08,Display,3364.4,320665,14125,152,43988.56,1207.5
CAM1680,2024-11-03,Email,5796.74,430082,13577,611,177213.93,2957.1
CAM1681,2024-12-21,Display,3181.32,326987,6524,91,12546.52,294.4
CAM1682,2024-01-25,Email,9567.44,1781974,43115,1694,210453.9,2099.7
CAM1683,2024-09-06,Search,5976.3,688736,17283,1200,109999.23,1740.6
CAM1684,2024-08-09,Search,4258.4,253917,7009,565,74151.13,1641.3
CAM1685,2024-11-02,Search,6585.24,367849,14951,811,155904.53,2267.5
CAM1686,2024-08-20,Search,7865.99,957370,16866,1099,314535.42,3898.7
CAM1687,2024-08-31,Search,7151.12,994823,39020,2798,602814.34,8329.6
CAM1688,2024-07-31,Email,5079.16,531622,8161,366,84727.9,1568.1
CAM1689,2024-08-25,Display,6352.42,526177,5093,40,3412.24,-46.3
CAM1690,2024-12-27,Social,5742.65,838658,8354,256,28746.51,400.6
CAM1691,2024-10-12,Search,6021.16,979168,7543,233,52908.04,778.7
CAM1692,2024-07-16,Search,2233.91,205990,4429,289,44697.39,1900.9
CAM1693,2024-08-30,Search,3426.11,285059,8069,664,152741.35,4358.2
CAM1694,2024-10-20,Search,4051.52,571573,21525,1630,389510.67,9513.9
CAM1695,2024-10-21,Display,8878.73,1492215,74336,898,120477.53,1256.9
CAM1696,2024-06-19,Social,2976.38,423142,18328,451,113503.27,3713.5
CAM1697,2024-07-12,Affiliate,5565.47,909533,35349,1444,183016.68,3188.4
CAM1698,2024-08-17,Affiliate,7736.05,1263738,27558,674,73808.72,854.1
CAM1699,2024-09-25,Affiliate,6998.97,790633,26626,827,145189.01,1974.4
CAM1700,2024-11-18,Display,7761.19,1158995,17190,74,13914.56,79.3
CAM1701,2024-04-29,Search,9461.24,1626319,45571,2721,793839.16,8290.4
CAM1702,2024-05-14,Affiliate,2579.44,460720,6323,305,51182.45,1884.2
CAM1703,2024-07-05,Affiliate,6023.28,898134,36631,1581,149412.41,2380.6
CAM1704,2024-06-20,Email,6859.2,576006,8922,405,84955.43,1138.6
CAM1705,2024-11-05,Email,4414.88,270535,3434,100,20722.73,369.4
CAM1706,2024-09-29,Email,4772.3,676037,17750,676,132941.6,2685.7
CAM1707,2024-01-26,Display,4983.27,681154,12331,152,20516.97,311.7
CAM1708,2024-02-17,Social,8474.75,755178,31134,531,86188.14,917.0
CAM1709,2024-06-16,Search,4717.89,743357,19980,1129,314238.47,6560.6
CAM1710,2024-06-20,Affiliate,2194.22,326818,15049,1071,102565.98,4574.4
CAM1711,2024-04-25,Display,3127.74,498928,5906,78,8123.88,159.7
CAM1712,2024-06-14,Email,8400.44,1594942,77657,2195,304813.1,3528.5
CAM1713,2024-08-21,Affiliate,6752.12,430781,11767,240,56341.06,734.4
CAM1714,2024-11-07,Display,3395.2,171833,3843,53,5170.66,52.3
CAM1715,2024-04-14,Affiliate,4454.56,490394,13108,715,203945.55,4478.4
CAM1716,2024-03-10,Display,5257.01,560953,20602,285,34677.97,559.7
CAM1717,2024-07-05,Search,3620.29,475433,19819,886,211149.54,5732.4
CAM1718,2024-01-18,Display,2688.09,182108,6376,55,9946.04,270.0
CAM1719,2024-03-22,Email,3610.11,572987,23360,1416,341009.18,9345.9
CAM1720,2024-06-22,Affiliate,5806.8,1015744,12885,301,48467.77,734.7
CAM1721,2024-02-08,Social,4176.27,440565,12797,278,77141.32,1747.1
CAM1722,2024-05-04,Affiliate,10866.9,1041491,12472,475,118288.57,988.5
CAM1723,2024-12-02,Search,5907.26,837779,29033,1325,381090.81,6351.2
CAM1724,2024-11-21,Affiliate,6441.3,656261,8016,430,61934.82,861.5
CAM1725,2024-04-07,Search,4698.36,935372,41408,3188,494323.67,10421.2
CAM1726,2024-07-24,Display,6150.96,651440,22644,277,54269.39,782.3
CAM1727,2024-02-21,Email,7581.94,601876,6000,205,57902.03,663.7
CAM1728,2024-02-07,Display,3255.65,262293,12434,149,36947.72,1034.9
CAM1729,2024-07-18,Email,4253.32,215736,7371,41,5645.27,32.7
CAM1730,2024-03-01,Social,3537.33,570400,27085,215,28782.6,713.7
CAM1731,2024-07-25,Affiliate,4358.8,539396,14042,647,176430.79,3947.7
CAM1732,2024-06-22,Affiliate,5108.28,351178,16175,639,97470.63,1808.1
CAM1733,2024-11-07,Display,4688.88,400804,16036,204,17017.85,262.9
CAM1734,2024-03-29,Display,10649.86,2016912,78712,844,81372.23,664.1
CAM1735,2024-10-16,Display,4973.49,458217,20551,182,17267.02,247.2
CAM1736,2024-08-21,Email,1192.62,167987,3535,171,47608.2,3891.9
CAM1737,2024-10-26,Display,7263.49,1372434,16500,335,47248.59,550.5
CAM1738,2024-05-03,Search,4624.92,661083,15326,918,146162.74,3060.3
CAM1739,2024-11-22,Email,6871.07,538820,20365,1387,351092.99,5009.7
CAM1740,2024-07-14,Affiliate,2528.55,429262,19810,902,149555.5,5814.7
CAM1741,2024-11-06,Email,8655.71,852797,26458,1101,155224.8,1693.3
CAM1742,2024-01-17,Social,2683.71,318174,15207,413,94979.74,3439.1
CAM1743,2024-06-15,Display,2308.95,370649,12334,200,59685.3,2485.0
CAM1744,2024-02-23,Display,8981.34,812314,25769,262,40537.14,351.3
CAM1745,2024-08-17,Search,8316.07,539728,5136,397,115397.34,1287.6
CAM1746,2024-09-05,Email,7771.92,920557,30114,1090,228154.17,2835.6
CAM1747,2024-07-05,Search,6246.82,833541,40453,2820,569997.37,9024.6
CAM1748,2024-10-03,Display,3428.75,280833,10497,112,25180.43,634.4
CAM1749,2024-07-11,Display,6152.24,989065,11397,90,11450.61,86.1
CAM1750,2024-09-27,Display,2597.1,150965,2933,21,6282.38,141.9
CAM1751,2024-03-25,Search,3448.62,345449,3060,215,40948.59,1087.4
CAM1752,2024-08-31,Affiliate,3986.92,301434,12083,635,180129.33,4418.0
CAM1753,2024-08-15,Display,2111.96,196785,8881,122,20773.0,883.6
CAM1754,2024-06-28,Social,4266.08,523965,7688,163,29824.52,599.1
CAM1755,2024-07-27,Display,6368.75,730608,35247,88,18550.62,191.3
CAM1756,2024-11-06,Affiliate,724.53,59556,1578,58,5285.37,629.5
CAM1757,2024-11-06,Search,4555.01,638657,26807,995,232489.02,5004.0
CAM1758,2024-12-01,Search,9010.38,1385383,48286,2047,220804.39,2350.6
CAM1759,2024-09-28,Email,3935.4,482127,10901,659,72379.22,1739.2
CAM1760,2024-10-25,Display,3649.82,581946,15223,135,22389.16,513.4
CAM1761,2024-07-21,Social,5778.13,753835,33337,569,100365.05,1637.0
CAM1762,2024-02-14,Email,5789.69,885557,10325,536,142645.46,2363.8
CAM1763,2024-09-18,Social,5758.52,799881,12716,378,50502.65,777.0
CAM1764,2024-08-04,Email,4228.28,620537,7161,273,75217.2,1678.9
CAM1765,2024-11-08,Email,4828.94,317966,6365,43,8605.73,78.2
CAM1766,2024-11-24,Affiliate,5427.37,436262,13555,464,92526.89,1604.8
CAM1767,2024-01-22,Affiliate,5764.91,582674,25951,720,101253.63,1656.4
CAM1768,2024-05-11,Social,7690.56,1036563,7738,159,36214.76,370.9
CAM1769,2024-05-07,Affiliate,6671.12,982393,12168,391,43152.56,546.9
CAM1770,2024-12-26,Email,5933.38,761195,11260,270,70519.26,1088.5
CAM1771,2024-02-29,Social,606.96,57355,2061,42,9288.67,1430.4
CAM1772,2024-03-19,Social,4959.75,914027,44920,959,135820.55,2638.5
CAM1773,2024-05-18,Email,4421.6,459189,22632,895,261528.27,5814.8
CAM1774,2024-06-07,Email,6350.73,369386,5871,405,60066.35,845.8
CAM1775,2024-09-01,Email,10174.82,977563,20634,1233,359326.14,3431.5
CAM1776,2024-03-15,Search,424.71,83328,3256,278,49559.71,11569.1
CAM1777,2024-10-17,Search,7076.32,1114718,31131,1962,372644.27,5166.1
CAM1778,2024-01-13,Social,6854.47,874252,40342,983,202969.82,2861.1
CAM1779,2024-03-30,Email,4970.52,594993,5517,267,22238.31,347.4
CAM1780,2024-09-10,Display,3891.81,492097,17306,93,13005.54,234.2
CAM1781,2024-04-25,Affiliate,1245.14,167851,7276,352,41681.98,3247.6
CAM1782,2024-05-15,Social,2948.38,534954,20280,241,66108.85,2142.2
CAM1783,2024-06-14,Search,1900.25,225692,1380,76,19435.03,922.8
CAM1784,2024-02-27,Affiliate,8031.75,651822,20177,733,142501.02,1674.2
CAM1785,2024-06-05,Search,2137.75,279835,4447,417,61476.87,2775.8
CAM1786,2024-04-29,Search,5653.2,502181,23363,1360,210469.51,3623.0
CAM1787,2024-08-24,Social,5970.91,470437,4511,99,22230.1,272.3
CAM1788,2024-10-21,Affiliate,3565.3,543764,20543,652,74440.02,1987.9
CAM1789,2024-10-11,Email,2526.28,156528,5778,223,38036.31,1405.6
CAM1790,2024-08-31,Email,6860.7,1310889,52543,3004,609104.74,8778.2
CAM1791,2024-10-03,Email,4648.19,410020,9252,395,72866.71,1467.6
CAM1792,2024-02-22,Email,2933.03,539420,14585,734,66163.36,2155.8
CAM1793,2024-11-17,Affiliate,2233.42,259886,2991,142,31470.21,1309.1
CAM1794,2024-05-29,Social,5837.37,387037,12105,245,30507.28,422.6
CAM1795,2024-01-12,Social,5870.92,726013,6213,122,10708.44,82.4
CAM1796,2024-12-13,Affiliate,5377.38,571041,16717,676,116331.83,2063.4
CAM1797,2024-04-25,Search,7333.22,1356376,58479,4359,1004907.45,13603.5
CAM1798,2024-12-21,Affiliate,7097.29,514279,17078,725,136058.0,1817.0
CAM1799,2024-02-19,Search,4885.29,673737,5912,443,116840.92,2291.7
CAM1800,2024-09-20,Social,5689.85,686674,25821,506,147458.14,2491.6
CAM1801,2024-03-10,Social,2184.71,167304,7140,132,32128.81,1370.6
CAM1802,2024-12-19,Affiliate,3940.71,688003,29205,1294,264002.56,6599.4
CAM1803,2024-09-11,Affiliate,4869.84,458869,16502,474,131070.31,2591.5
CAM1804,2024-01-19,Search,4670.78,485652,2523,148,31748.97,579.7
CAM1805,2024-12-16,Display,3162.35,559974,4836,83,19175.82,506.4
CAM1806,2024-12-05,Social,4627.61,328347,1804,30,4533.88,-2.0
CAM1807,2024-12-01,Search,1675.51,314257,9829,655,125028.96,7362.1
CAM1808,2024-02-21,Display,6036.21,403936,18898,182,35635.38,490.4
CAM1809,2024-02-23,Email,5280.58,813149,32768,991,195018.03,3593.1
CAM1810,2024-01-28,Search,4541.33,625045,8007,689,61731.22,1259.3
CAM1811,2024-08-04,Email,4533.02,473061,10157,368,65755.52,1350.6
CAM1812,2024-10-24,Email,7684.37,805312,10779,513,46086.08,499.7
CAM1813,2024-10-05,Display,3993.79,510606,20219,179,19400.53,385.8
CAM1814,2024-03-20,Display,2702.25,519876,19723,266,51717.51,1813.9
CAM1815,2024-08-05,Affiliate,6534.03,1013896,38419,1459,381026.7,5731.4
CAM1816,2024-06-15,Social,4603.15,342426,10885,281,79573.6,1628.7
CAM1817,2024-05-25,Affiliate,2164.05,432469,18827,731,68950.34,3086.2
CAM1818,2024-01-01,Email,5034.44,269026,3042,153,36343.74,621.9
CAM1819,2024-11-19,Display,5957.84,542264,7905,83,10402.34,74.6
CAM1820,2024-12-28,Email,8708.84,813742,24213,735,74632.69,757.0
CAM1821,2024-06-05,Search,4046.99,706041,4426,361,55492.22,1271.2
CAM1822,2024-07-22,Email,3730.16,703176,26591,1236,127301.94,3312.8
CAM1823,2024-09-16,Email,3935.01,295498,6340,251,42766.3,986.8
CAM1824,2024-07-25,Affiliate,2411.08,232373,11110,518,134693.55,5486.4
CAM1825,2024-07-22,Search,6565.99,980728,20261,1624,411998.11,6174.7
CAM1826,2024-09-21,Search,4141.42,223723,10969,784,195258.07,4614.8
CAM1827,2024-01-21,Search,8990.27,1683440,81711,5773,1574398.02,17412.2
CAM1828,2024-04-01,Email,2687.6,537031,22435,750,218566.71,8032.4
CAM1829,2024-05-16,Display,3197.63,374442,3734,62,9465.64,196.0
CAM1830,2024-09-26,Affiliate,5788.61,633503,18612,373,34858.07,502.2
CAM1831,2024-12-14,Affiliate,7605.86,1346939,38724,1721,230016.46,2924.2
CAM1832,2024-08-31,Affiliate,5348.83,291759,6055,334,65128.53,1117.6
CAM1833,2024-02-07,Search,4541.91,395479,2507,229,26971.55,493.8
CAM1834,2024-05-24,Email,580.9,33386,1337,46,6322.69,988.4
CAM1835,2024-12-24,Display,6583.57,1035694,22187,400,84352.75,1181.3
CAM1836,2024-09-23,Email,2564.43,473560,14877,585,83686.33,3163.4
CAM1837,2024-01-18,Display,5332.42,670094,22878,197,57865.76,985.2
CAM1838,2024-02-22,Display,4473.49,335573,1963,34,4986.6,11.5
CAM1839,2024-06-10,Search,2937.23,270972,12601,760,189789.88,6361.5
CAM1840,2024-01-06,Social,5545.98,825707,23127,579,97447.37,1657.1
CAM1841,2024-02-09,Email,3270.52,468060,11283,480,94685.56,2795.1
CAM1842,2024-12-24,Affiliate,4420.31,621148,21033,872,193149.22,4269.6
CAM1843,2024-03-05,Search,2647.67,227598,2808,252,73304.61,2668.6
CAM1844,2024-12-11,Search,5516.08,359103,14647,1256,158012.65,2764.6
CAM1845,2024-11-25,Affiliate,3857.49,635795,28384,683,129206.05,3249.5
CAM1846,2024-11-06,Affiliate,3090.92,360867,14974,688,83591.39,2604.4
CAM1847,2024-10-22,Affiliate,4118.42,689412,6153,120,34790.81,744.8
CAM1848,2024-02-02,Social,5360.99,604723,17246,342,44879.72,737.2
CAM1849,2024-12-07,Social,4409.34,280452,7254,77,9727.1,120.6
CAM1850,2024-04-01,Search,1982.02,299313,5901,320,73800.2,3623.5
CAM1851,2024-12-12,Search,3144.93,228514,7443,401,46553.14,1380.3
CAM1852,2024-08-19,Display,6665.03,862708,6069,49,8988.0,34.9
CAM1853,2024-05-19,Email,3188.58,623231,29596,1121,158358.85,4866.4
CAM1854,2024-08-19,Search,3073.31,572608,8670,527,146495.94,4666.7
CAM1855,2024-03-27,Search,7055.3,772297,23114,1372,163271.44,2214.2
CAM1856,2024-06-15,Search,5516.43,370424,5075,100,25563.9,363.4
CAM1857,2024-05-13,Email,5163.08,477436,16343,1061,93212.79,1705.4
CAM1858,2024-04-28,Social,5196.52,350706,16111,368,60408.01,1062.5
CAM1859,2024-04-12,Email,5571.09,390505,11264,745,135562.01,2333.3
CAM1860,2024-05-29,Search,7707.56,1512802,37006,1667,220422.57,2759.8
CAM1861,2024-03-23,Affiliate,7405.27,1383875,48678,2613,288797.49,3799.9
CAM1862,2024-07-05,Display,1579.73,146153,6412,77,16170.1,923.6
CAM1863,2024-01-27,Social,6051.1,509363,14910,52,9099.06,50.4
CAM1864,2024-02-22,Display,3639.27,597390,25206,237,22728.11,524.5
CAM1865,2024-12-27,Search,3709.78,672481,26220,2238,319593.23,8514.9
CAM1866,2024-09-02,Email,4886.89,819572,22140,1122,255116.99,5120.4
CAM1867,2024-08-09,Affiliate,5178.9,621519,5476,362,51826.04,900.7
CAM1868,2024-03-31,Social,6992.84,1013808,34509,755,170120.18,2332.8
CAM1869,2024-09-29,Search,4471.96,753512,22571,1160,339501.76,7491.8
CAM1870,2024-07-21,Search,3053.57,438395,6059,252,34190.51,1019.7
CAM1871,2024-09-04,Search,6964.1,1377886,68663,3264,914280.2,13028.5
CAM1872,2024-10-22,Affiliate,6284.07,722194,22593,728,140144.72,2130.2
CAM1873,2024-04-12,Search,3497.82,590029,19731,1155,314631.98,8895.1
CAM1874,2024-08-23,Social,8583.82,632793,3240,136,34256.16,299.1
CAM1875,2024-04-12,Email,4267.01,583721,10021,388,84716.49,1885.4
CAM1876,2024-07-09,Display,6910.02,691115,29725,373,52125.33,654.3
CAM1877,2024-08-24,Display,3693.38,190164,7390,101,28254.54,665.0
CAM1878,2024-06-21,Search,6535.04,1288988,31831,1920,271169.16,4049.5
CAM1879,2024-09-03,Email,4575.88,308676,12736,867,169651.09,3607.5
CAM1880,2024-09-29,Display,3358.3,246087,10884,109,31708.6,844.2
CAM1881,2024-12-06,Affiliate,4074.92,718742,6660,382,109034.91,2575.8
CAM1882,2024-05-31,Social,1046.65,158684,800,21,2641.11,152.3
CAM1883,2024-11-25,Display,4941.0,782205,10659,197,48112.98,873.7
CAM1884,2024-09-12,Social,5711.26,911429,14900,116,11460.84,100.7
CAM1885,2024-03-08,Display,8222.98,885679,36136,402,83965.99,921.1
CAM1886,2024-09-15,Display,918.63,71944,2331,24,3596.5,291.5
CAM1887,2024-01-06,Social,5072.21,505155,22380,337,64254.29,1166.8
CAM1888,2024-02-06,Affiliate,1937.21,331486,5610,232,37366.71,1828.9
CAM1889,2024-08-13,Affiliate,2512.36,221124,6546,172,39700.62,1480.2
CAM1890,2024-09-24,Email,7714.67,988316,38939,1578,285579.37,3601.8
CAM1891,2024-08-14,Social,2565.6,298553,7682,123,31928.15,1144.5
CAM1892,2024-03-02,Email,5772.42,1120936,50002,2534,442356.09,7563.3
CAM1893,2024-12-07,Search,6331.43,1071357,5814,469,81479.8,1186.9
CAM1894,2024-11-15,Affiliate,5667.05,533510,2815,126,33108.27,484.2
CAM1895,2024-02-04,Search,4048.77,566293,9295,401,89666.84,2114.7
CAM1896,2024-05-22,Display,7715.93,901191,39343,596,48995.68,535.0
CAM1897,2024-03-24,Search,4437.13,830551,23916,1244,239465.88,5296.9
CAM1898,2024-02-27,Display,9572.28,1863555,14292,124,29760.5,210.9
CAM1899,2024-05-14,Display,5454.46,361523,6096,58,10651.04,95.3
CAM1900,2024-10-01,Search,4177.62,434867,11613,584,151897.65,3536.0
CAM1901,2024-03-26,Social,671.62,61211,2733,67,13490.34,1908.6
CAM1902,2024-05-06,Email,6313.57,696620,32513,1171,129921.71,1957.8
CAM1903,2024-09-25,Email,10212.6,1791951,27952,1364,370504.26,3527.9
CAM1904,2024-06-25,Email,5334.55,950687,33405,1677,486530.42,9020.4
CAM1905,2024-03-29,Display,3814.05,554127,6287,53,5663.85,48.5
CAM1906,2024-08-21,Display,3477.31,523519,22687,227,67366.25,1837.3
CAM1907,2024-05-27,Search,6121.29,781574,28537,1644,133323.79,2078.0
CAM1908,2024-08-19,Social,6237.46,510302,7827,107,11043.44,77.1
CAM1909,2024-09-06,Affiliate,3711.41,498330,19910,594,63271.93,1604.8
CAM1910,2024-08-30,Display,2634.09,518451,11599,120,21493.18,716.0
CAM1911,2024-08-19,Social,2924.79,431037,15904,397,87891.41,2905.1
CAM1912,2024-03-07,Search,6465.23,451153,11237,423,61182.72,846.3
CAM1913,2024-04-07,Affiliate,4509.11,430578,6913,161,40702.81,802.7
CAM1914,2024-08-26,Search,5648.97,948157,5345,275,43824.87,675.8
CAM1915,2024-06-28,Affiliate,3931.91,547125,15130,537,102074.05,2496.0
CAM1916,2024-03-17,Display,5571.83,962636,36871,449,60184.42,980.2
CAM1917,2024-04-16,Display,5786.4,688761,33899,494,125953.65,2076.7
CAM1918,2024-11-18,Search,4733.78,886473,12046,539,104232.83,2101.9
CAM1919,2024-09-08,Search,1797.41,127959,2783,139,15599.42,767.9
CAM1920,2024-09-03,Search,5449.69,590911,11820,449,82533.95,1414.5
CAM1921,2024-04-18,Email,7147.57,1020665,31156,960,262518.3,3572.8
CAM1922,2024-05-21,Social,4774.19,556969,26116,829,137299.43,2775.9
CAM1923,2024-08-02,Display,4635.51,401797,3122,25,7498.01,61.8
CAM1924,2024-09-05,Affiliate,20.3,1239,38,1,187.87,825.5
CAM1925,2024-06-01,Search,5620.38,898976,44706,3408,295062.77,5149.9
CAM1926,2024-11-19,Search,5226.18,965290,34908,1903,188721.82,3511.1
CAM1927,2024-09-21,Display,3427.26,451456,7276,88,8754.02,155.4
CAM1928,2024-04-13,Display,6979.93,1313955,41535,55,14849.6,112.7
CAM1929,2024-07-01,Search,6877.38,1314081,22354,1326,342757.31,4883.8
CAM1930,2024-08-01,Email,4665.5,386855,9954,541,139949.7,2899.7
CAM1931,2024-02-08,Search,4658.46,377582,9737,675,195726.59,4101.5
CAM1932,2024-12-03,Search,1732.22,230705,3300,196,38048.96,2096.5
CAM1933,2024-05-24,Affiliate,6012.81,406353,19082,639,187726.75,3022.1
CAM1934,2024-12-17,Social,4336.73,276141,5871,135,19525.91,350.2
CAM1935,2024-02-07,Affiliate,5862.2,524301,14341,793,139050.27,2272.0
CAM1936,2024-05-31,Display,5879.12,1144520,38504,649,159549.35,2613.8
CAM1937,2024-05-05,Social,4805.98,522146,14665,93,18196.91,278.6
CAM1938,2024-08-23,Display,4143.79,256430,2347,21,6195.51,49.5
CAM1939,2024-07-02,Email,4873.9,922948,21788,885,210818.78,4225.5
CAM1940,2024-01-18,Social,5526.8,530687,19362,340,74157.52,1241.8
CAM1941,2024-11-24,Display,5431.38,667225,14622,194,38704.1,612.6
CAM1942,2024-05-12,Search,5070.84,311830,5837,212,46368.33,814.4
CAM1943,2024-02-17,Display,6787.53,384531,15342,218,42394.38,524.6
CAM1944,2024-07-16,Social,4617.38,507751,10532,105,28339.71,513.8
CAM1945,2024-10-20,Email,5604.04,526222,3074,116,20007.43,257.0
CAM1946,2024-05-20,Social,3900.93,603442,25978,558,124821.25,3099.8
CAM1947,2024-06-09,Affiliate,7910.61,817100,15247,604,154927.82,1858.5
CAM1948,2024-09-18,Affiliate,4778.68,251729,3586,114,11184.94,134.1
CAM1949,2024-05-23,Social,5062.2,463710,5780,127,10857.4,114.5
CAM1950,2024-09-11,Affiliate,6206.06,686231,13789,440,44771.82,621.4
CAM1951,2024-07-18,Display,3375.89,480064,10879,113,26314.96,679.5
CAM1952,2024-10-08,Affiliate,4825.88,780577,13325,503,50689.03,950.4
CAM1953,2024-11-12,Search,4980.49,839196,28332,1294,142666.48,2764.5
CAM1954,2024-03-04,Affiliate,4829.1,715910,35612,1630,451184.38,9243.0
CAM1955,2024-05-27,Affiliate,7544.51,1180715,58188,2864,645508.55,8456.0
CAM1956,2024-11-10,Display,4878.45,592922,16059,183,42232.74,765.7
CAM1957,2024-05-29,Social,7486.09,920337,8644,183,26390.52,252.5
CAM1958,2024-09-18,Search,6734.24,1323292,40020,2578,616903.69,9060.7
CAM1959,2024-02-03,Social,201.66,40108,1465,38,11000.86,5355.2
CAM1960,2024-08-14,Affiliate,6932.51,757578,25131,860,185670.55,2578.3
CAM1961,2024-02-28,Display,2685.42,190275,8102,141,34408.49,1181.3
CAM1962,2024-12-27,Affiliate,4708.29,779758,36400,1240,215712.58,4481.5
CAM1963,2024-12-10,Search,5897.74,937926,28510,3374,673140.91,11313.5
CAM1964,2024-12-10,Email,5968.23,497713,19866,941,99599.39,1568.8
CAM1965,2024-09-16,Affiliate,5139.56,442087,15859,901,223044.74,4239.8
CAM1966,2024-12-17,Search,6054.65,578100,13492,1104,158501.05,2517.8
CAM1967,2024-03-02,Email,5607.86,474763,18607,971,160471.29,2761.5
CAM1968,2024-02-05,Search,4443.21,533610,15212,1039,199599.29,4392.2
CAM1969,2024-05-26,Affiliate,3627.76,566970,18293,589,111427.26,2971.5
CAM1970,2024-09-29,Affiliate,5980.88,468177,23235,696,163659.27,2636.4
CAM1971,2024-02-04,Search,5261.01,552754,22927,1325,125592.18,2287.2
CAM1972,2024-11-28,Email,2751.76,259937,5115,245,61744.64,2143.8
CAM1973,2024-02-03,Display,6550.93,623995,19979,145,34481.5,426.4
CAM1974,2024-10-13,Social,6217.91,678739,33792,494,114106.22,1735.1
CAM1975,2024-08-24,Search,7711.11,414569,20093,1528,247212.78,3105.9
CAM1976,2024-08-08,Affiliate,2369.46,328035,2778,132,14942.96,530.6
CAM1977,2024-11-24,Display,3773.52,407772,16560,141,27142.12,619.3
CAM1978,2024-05-18,Social,6443.52,350363,5269,157,32917.6,410.9
CAM1979,2024-12-19,Affiliate,5952.64,761359,21733,733,168732.75,2734.6
CAM1980,2024-03-11,Search,5339.12,494370,12669,679,108621.1,1934.4
CAM1981,2024-09-26,Social,4651.24,803221,9998,246,63527.49,1265.8
CAM1982,2024-07-03,Affiliate,2147.42,142356,5481,236,65674.68,2958.3
CAM1983,2024-08-23,Display,2175.06,325597,12102,89,9030.43,315.2
CAM1984,2024-01-08,Affiliate,6307.7,1011856,24731,701,124241.67,1869.7
CAM1985,2024-04-18,Social,3017.88,270269,2626,52,13319.87,341.4
CAM1986,2024-07-24,Display,3817.25,257455,2775,35,6955.63,82.2
CAM1987,2024-01-20,Search,5349.33,489765,24272,1111,242616.92,4435.5
CAM1988,2024-12-20,Search,1578.08,236140,2913,177,38216.25,2321.7
CAM1989,2024-06-21,Social,7201.04,692723,7722,166,26214.66,264.0
CAM1990,2024-07-07,Social,4304.8,833087,31051,1037,133467.93,3000.4
CAM1991,2024-08-07,Email,6505.21,1092159,46123,999,219075.06,3267.7
CAM1992,2024-02-10,Search,4442.06,370532,9732,674,168539.49,3694.2
CAM1993,2024-04-05,Email,2864.73,165398,1495,61,10534.91,267.7
CAM1994,2024-03-30,Search,5042.59,426626,2270,137,27089.37,437.2
CAM1995,2024-09-10,Email,2578.41,290007,6535,423,84364.99,3172.0
CAM1996,2024-08-12,Affiliate,5533.64,447336,9647,272,69310.54,1152.5
CAM1997,2024-07-18,Social,6752.18,1344209,29284,628,86526.92,1181.5
CAM1998,2024-01-10,Email,6983.51,450224,18868,822,219879.65,3048.6
CAM1999,2024-04-24,Social,2047.75,310574,4054,60,11207.23,447.3
CAM2000,2024-04-20,Display,7282.16,669705,25140,395,38855.44,433.6
